S01100002E2E2F50726F746575732E73313966
S32D0000C000000000205DC2000011C3000017C300001DC3000023C3000029C3000000000000000000000000000073
S32D0000C028000000002FC3000035C30000000000003BC3000041C300008D7C0100997C0100A57C0100B17C01008E
S32D0000C050BD7C0100C97C0100D57C0100E17C0100ED7C0100F97C0100057D0100117D01001D7D0100297D01005E
S32D0000C078357D0100417D01004D7D0100597D0100657D0100717D01007D7D0100897D0100957D0100A17D010080
S32D0000C0A0AD7D0100B97D0100C57D0100D17D0100DD7D0100E97D0100F57D0100017E01000D7E0100197E0100A5
S32D0000C0C8257E0100317E01003D7E0100497E0100557E0100617E01006D7E0100797E0100857E0100917E0100C6
S32D0000C0F09D7E0100E5F20100A97E0100B57E0100C17E0100CD7E0100D97E0100E57E0100F17E0100FD7E01009E
S32D0000C118097F0100157F0100217F01002D7F0100397F0100457F0100517F01005D7F0100697F0100757F010083
S32D0000C140817F01008D7F0100997F0100A57F010069CF0100B17F0100BD7F0100C97F0100D57F0100E17F0100DF
S32D0000C168ED7F0100F97F010005800100118001001D8001002980010035800100418001004D8001005980010043
S32D0000C19065800100718001007D80010061CB010029CA0100C5CA0100117A010001CC0100898001009580010080
S32D0000C1B8A18001005003070000000020C8170000500307000000FF1F00000000C81700200C1D00000000FF1F20
S32D0000C1E00000000080B489B000AFF860B9607A60BB68FB61FB68BB6100237B617A697B689A420BD2BA69131DFB
S32D0000C208BB61FB69191DF96112681A607B6904337B61EFE700BF2437BD4680BC704780B485B000AF786039609E
S32D0000C2307B68FB600023BB60BA683B689A4208D2FB681A1DFA6000221A60BB680433BB60F2E700BF1437BD46FE
S32D0000C25880BC704780B586B000AF72B6234B4CF220521A80214B4DF628121A80204B4FF4E9721A801F4B7B615F
S32D0000C2807B691F4A934214D27B691A1D7A611B683B617B691A1D7A611B68FB607B691A1D7A611B68BB60BA68E9
S32D0000C2A8F9683869FFF79AFFE6E77B69134A93420ED27B691A1D7A611B68FB607B691A1D7A611B68BB60B9688B
S32D0000C2D0F868FFF7A8FFECE70B4B7B600B4A7B681A6048F07BFD62B60BF05AFC00F044F9FEE700BF0E20054030
S32D0000C2F800200540BCC10000D4C10000E4C1000008ED00E000C0000080B400AFFEE780B400AFFEE780B400AFF4
S32D0000C320FEE780B400AFFEE780B400AFFEE780B400AFFEE780B400AFFEE780B400AFFEE780B400AFFEE780B426
S32D0000C34800AFFEE7FFFFFFFFFFFFFFFFFFFFFFFFFFFFFFFFFFFFFFFFFFFFFFFFFFFFFFFFFFFFFFFFFFFFFFFF57
S32D0000C370FFFFFFFFFFFFFFFFFFFFFFFFFFFFFFFFFFFFFFFFFFFFFFFFFFFFFFFFFFFFFFFFFFFFFFFFFFFFFFFFC7
S32D0000C398FFFFFFFFFFFFFFFFFFFFFFFFFFFFFFFFFFFFFFFFFFFFFFFFFFFFFFFFFFFFFFFFFFFFFFFFFFFFFFFF9F
S32D0000C3C0FFFFFFFFFFFFFFFFFFFFFFFFFFFFFFFFFFFFFFFFFFFFFFFFFFFFFFFFFFFFFFFFFFFFFFFFFFFFFFFF77
S32D0000C3E8FFFFFFFFFFFFFFFFFFFFFFFFFFFFFFFFFFFFFFFFFFFFFFFFFFFFFFFFFFFFFFFFFFFFFFFFFEFFFFFF50
S32D0000C44010B5054C237833B9044B13B10448AFF300800123237010BDC817002000000000C0EF060008B5034B6D
S32D0000C4681BB103490348AFF3008008BD00000000CC170020C0EF06002DE9B0438AB000AFF860B9607A603B60CC
S32D0000C490FA687B68D31A184645F08EFB02460B46C7E90823BA683B68D31A184645F084FB02460B46C7E9062386
S32D0000C4B8D7E90823D7E9080145F0E4FB02460B4614461D463B6C03FB03F3184645F070FB02460B462046294631
S32D0000C4E045F0FEFC02460B4614461D46D7E90623D7E9060145F0CAFB02460B46904699467B6C03FB03F3184678
S32D0000C50845F056FB02460B464046494645F0E4FC02460B462046294645F0FEF902460B46C7E9042301231C462C
S32D0000C5304FF00002074BD7E9040145F023FE0346002B01D100231C46E3B218462837BD46BDE8B0830000F03F08
S32D0000C55880B582B000AF78607B685C33184630F0E5FE7B6818460837BD4680BD000000002DE9F043ADF50B5DE1
S32D0000C5808DB008AF07F50B5303F11003A3F52E734FF000021A6007F50B5303F11003A3F52E734FF000025A60AF
S32D0000C5A807F50B5303F11003A3F52E734FF000029A60F34B07F50A5202F134021360002307F50A5202F13302BB
S32D0000C5D01370012307F50A5202F132021370032307F50A5202F131021370002307F50A5202F130021370022325
S32D0000C5F807F50A5202F12F021370042307F50A5202F12E02137007F50A5303F132031C7807F50A5303F130035B
S32D0000C6201A7807F50A5303F13303197807F5BA60083807F50A5303F134031B68039307F50A5303F12E031B7842
S32D0000C648029307F50A5303F131031B78019307F50A5303F12F031B780093234609F090FA022307F50A5202F186
S32D0000C6702D02137007F50A5303F12D03197807F5BA63103BC14A18460BF012FD07F5BA63143B0821184610F016
S32D0000C69823FB07F5BA63183B1521184610F01CFB07F5BA631C3B1621184610F015FB07F5B6631721184610F07F
S32D0000C6C00FFB152307F50A5202F12C021370152307F50A5202F12B021370152307F50A5202F12A02137007F5AD
S32D0000C6E80A5303F12A031B7807F50A5202F12B02127807F50A5101F12C01097807F5AE600C3804F0CBF907F518
S32D0000C710AE63103B0F2118460FF0B0FE07F5AE631C3B0721184610F0CDFD07F5AE631C3B40F23A31184610F051
S32D0000C738E1FD07F5AE631C3B40F68601184610F0F6FD07F5A663083B184608F049FA07F50B5303F11003A3F5A9
S32D0000C7602A7207F5BA63083B1946104602F0D2F807F5005202F1280207F5005303F124031146184602F013F9BA
S32D0000C78807F5005202F1240207F5A663083B1146184608F049FA07F5005303F12403184602F01DF907F50053C5
S32D0000C7B003F12803184602F0C7F807F50B5303F11003A3F5287007F5BA63103B07F5AE621C3A07F5BA6108397E
S32D0000C7D802F027F907F5005202F1300207F5005303F12C031146184602F076F907F5005202F12C0207F5A663B2
S32D0000C800083B1146184608F013FA07F5005303F12C03184602F0E7F807F5005303F13003184602F02AF907F587
S32D0000C8280B5303F11003A3F5267007F5AE630C3B07F5AE621C3A07F5BA61083902F068F907F5005202F1380273
S32D0000C85007F5005303F134031146184602F0B7F907F5005202F1340207F5A663083B1146184608F0DDF907F5AB
S32D0000C878005303F13403184602F0B1F807F5005303F13803184602F06BF907F50B5303F11003A3F5247207F55E
S32D0000C8A0BA63083B1946104602F0ADF907F5015207F5005303F13C031146184602F0F0F907F5005202F13C02DD
S32D0000C8C807F5A663083B1146184608F0ADF907F5005303F13C03184602F081F807F50153184602F0A6F907F521
S32D0000C8F00B5303F11003A3F5227007F5BA62143A07F5BA63083B194602F0E6F907F5015202F1080207F50153FD
S32D0000C91803F104031146184602F02FFA07F5015202F1040207F5A663083B1146184608F07BF907F5015303F131
S32D0000C9400403184602F04FF807F5015303F10803184602F0E3F9002307F50B5202F10F0213700B4B07F50B52FE
S32D0000C96802F1080213604FF0000307F50B5202F1040213604FF0000307F50B5206E000BF0000C040000090401A
S32D0000C9909A99193F136007F5015303F10C03184613F064F907F5015202F10C0207F5A263083BB249184631F05C
S32D0000C9B84BF807F5015303F10C03184613F054F907F5A263103B184615F070F907F5015303F12803184613F025
S32D0000C9E045F907F5015202F1280207F5015303F11003A349184631F02BF807F5015202F1100207F5926004381C
S32D0000CA088B230093FF23002103F090FB07F5015303F11003184630F089FC07F5015303F12803184613F020F9BB
S32D0000CA3007F59263043B1E21184603F08FFE07F5025303F10403184613F010F907F5025202F1040207F501533C
S32D0000CA5803F12C038949184630F0F6FF07F5015202F12C0207F5866018388B230093FF23232103F05BFB07F5BA
S32D0000CA80015303F12C03184630F054FC07F5025303F10403184613F0EBF807F58663183B1E21184603F05AFE93
S32D0000CAA807F5025303F12003184613F0DBF807F5025202F1200207F5025303F108037049184630F0C1FF07F51C
S32D0000CAD0025202F1080207F56C700C388B230093FF23462103F026FB07F5025303F10803184630F01FFC07F508
S32D0000CAF8025303F12003184613F0B6F807F56C730C3B1E21184603F025FE07F5025303F13C03184613F0A6F83D
S32D0000CB2007F5025202F13C0207F5025303F124035649184630F08CFF07F5025202F1240207F54C708B230093F0
S32D0000CB48FF23692103F0F2FA07F5025303F12403184630F0EBFB07F5025303F13C03184613F082F807F54C734A
S32D0000CB701E21184603F0F2FD012307F50A5202F12402136007F5BA63083B18460AF0D6FB3F4811F020F83E4865
S32D0000CB9811F026FC002307F50A5202F13F0213703A4B1B78002B73D107F50A5303F13F031B78002B6CD107F50D
S32D0000CBC08663183B184603F053FC07F59263043B184603F04DFC07F56C730C3B184603F047FC07F54C731846D2
S32D0000CBE803F042FC07F58663183B184603F09DFD0346002B08D0254B02221A70012307F50A5202F13F0213702E
S32D0000CC1007F59263043B184603F08BFD0346002B08D01C4B01221A70012307F50A5202F13F02137007F56C737F
S32D0000CC380C3B184603F079FD0346002B08D0134B03221A70012307F50A5202F13F02137007F54C73184603F028
S32D0000CC6068FD0346002B9FD00A4B04221A70012307F50A5202F13F02137095E718570600245706002C5706002B
S32D0000CC883857060044570600D41A0020E517002007F50B5303F11003A3F52E73196807F50B5303F11003A3F50A
S32D0000CCB02E735A6807F50B5303F11003A3F52E739B6807F5BA60083809F0F8F9264810F082FF254811F088FB36
S32D0000CCD8002307F50A5202F13E02137007F50A5303F13E031B78002B41F0088607F5BA63083B18460AF005FB3E
S32D0000CD001A4B1B78012B33D10FF09CFB0346184645F0BAFB034607F5085202F12C02136007F5BA63083B012105
S32D0000CD2818460AF047FA07F5A663083B184607F08FFF07F5A663083B184607F0FFFF0346002BCBD0012307F54F
S32D0000CD500A5202F13E02137007F5BA63083B184609F042FBBEE700BFD41A0020E5170020E34B1B78032B40F006
S32D0000CD783986E24B07F5095202F12002136007F5035303F11803184612F06CFF07F5035202F1180207F50353E6
S32D0000CDA0D949184630F054FE07F5035307F110000C384FF4C84201924FF47F0200924FF00002D24903F06CFAEA
S32D0000CDC807F50353184630F0B1FA07F5035303F11803184612F048FF07F110030C3B1E21184603F0B7FC07F12D
S32D0000CDF010030C3B184603F03BFB07F5035303F13403184612F032FF07F5035202F1340207F5035303F11C0347
S32D0000CE18BD49184630F018FE07F5035303F11C0307F1900018384FF4C84201924FF400420092B64AB34903F02F
S32D0000CE402FFA07F5035303F11C03184630F072FA07F5035303F13403184612F009FF07F19003183B1E211846EC
S32D0000CE6803F078FC07F19003183B184603F0FCFA07F5045303F11003184612F0F3FE07F5045202F1100207F512
S32D0000CE90035303F13803A049184630F0D9FD07F5035303F1380307F5887024384FF4C84201924FF6FF720092B9
S32D0000CEB8984A944903F0F0F907F5035303F13803184630F033FA07F5045303F11003184612F0CAFE07F588730C
S32D0000CEE0243B1E21184603F039FC07F58873243B184603F0BDFA854907F5095303F12003186845F011FA03465C
S32D0000CF081C4607F5045303F12C03184612F0AAFE07F5045202F12C0207F5045303F114037D49184630F090FD79
S32D0000CF3007F5045303F1140307F5C87030384FF40B0201924FF47F0200924FF00002214603F0A6F907F5045313
S32D0000CF5803F11403184630F0E9F907F5045303F12C03184612F080FE07F5C873303B1E21184603F0EFFB07F5D4
S32D0000CF80C873303B184603F073FA604907F5095303F12003186845F0C7F903461C4607F5055303F10803184636
S32D0000CFA812F060FE07F5055202F1080207F5045303F130035949184630F046FD07F5045303F1300307F50470E4
S32D0000CFD03C384FF40B0201924FF4004200924D4A214603F05DF907F5045303F13003184630F0A0F907F5055399
S32D0000CFF803F10803184612F037FE07F504733C3B1E21184603F0A6FB07F504733C3B184603F02AFA3B4907F57D
S32D0000D020095303F12003186845F07EF903461C4607F5055303F12403184612F017FE07F5055202F1240207F54C
S32D0000D048055303F10C033649184630F0FDFC07F5055303F10C0307F5147008384FF40B0201924FF6FF72009227
S32D0000D0702A4A214603F014F907F5055303F10C03184630F057F907F5055303F12403184612F0EEFD07F5147355
S32D0000D098083B1E21184603F05DFB07F51473083B184603F0E1F907F110030C3B184603F03CFB0346002B35D0FB
S32D0000D0C007F50B5303F10803186844F087FD0AA3D3E9002344F024FC02460B461046194645F0CCF8034607F545
S32D0000D0E80B5202F1080213601CE000BFAFF300809A9999999999B93FE517002000005C435457060000007041C4
S32D0000D1105C57060000000C426457060000008C426C570600745706007C57060007F5C873303B184603F0FDFAFE
S32D0000D1380346002B17D007F50B5303F10803186844F048FDC8A3D3E9002344F0E3FB02460B461046194645F03D
S32D0000D1608DF8034607F50B5202F10802136007F19003183B184603F0DCFA0346002B17D007F50B5303F1040355
S32D0000D188186844F027FDBAA3D3E9002344F0C4FB02460B461046194645F06CF8034607F50B5202F1040213607D
S32D0000D1B007F504733C3B184603F0BBFA0346002B17D007F50B5303F10403186844F006FDA9A3D3E9002344F09B
S32D0000D1D8A1FB02460B461046194645F04BF8034607F50B5202F10402136007F58873243B184603F09AFA034635
S32D0000D200002B13D007F50B53186844F0E7FC9AA3D3E9002344F084FB02460B461046194645F02CF8034607F546
S32D0000D2280B52136007F51473083B184603F07DFA0346002B13D007F50B53186844F0CAFC8BA3D3E9002344F00E
S32D0000D25065FB02460B461046194645F00FF8034607F50B52136007F5BA60083807F50B531B68009307F50B5391
S32D0000D27803F104031B6807F50B5202F108021268012109F0EAFF07F5BA60083807F50B531B68009307F50B5316
S32D0000D2A003F104031B6807F50B5202F108021268022109F0D6FF07F5BA60083807F50B531B68009307F50B5301
S32D0000D2C803F104031B6807F50B5202F108021268032109F0C2FFB42364226749674810F0CFFCB423782207F518
S32D0000D2F00B5101F108010968624810F019FDC823642261495F4810F0BFFCC823782207F50B5101F104010968C6
S32D0000D3185A4810F009FDDC2364225A49574810F0AFFCDC23782207F50B510968534810F0FBFC64230022544993
S32D0000D340504810F0A1FC07F5BA63083B18460AF00EF80146642328224A4810F0E9FC782300224C49474810F060
S32D0000D3688FFC07F5BA63083B184609F094F8014678232822414810F0D7FC8C23002244493E4810F07DFC07F5EC
S32D0000D390BA63083B184609F0F9FF01468C232822384810F0C5FC07F50653184612F05EFC07F5065207F5055388
S32D0000D3B803F128033749184630F046FB07F5055202F1280207F534701438334B00936FF07F43002102F0AAFEA0
S32D0000D3E007F5055303F1280318462FF0A3FF07F50653184612F03CFC07F53473143B1E21184603F0ABF907F57E
S32D0000D4083473143B184603F02FF807F5BA63083B0221184609F053FF07F5095303F11C03186007F5095303F131
S32D0000D4301C0318680AF0CAFA07F5095303F1180318603C23962207F5095101F1180109680C4810F051FC07F50C
S32D0000D4583473143B184603F068F90346002B00F00A811BE0AFF300809A9999999999B93FFCA9F1D24D62503FBD
S32D0000D48084570600D41A0020885706008C5706009057060098570600A0570600A85706006666660007F5095353
S32D0000D4A803F11C0318680AF06AFA07F5095303F11403186007F5095303F11C0318680AF075FA07F5095303F1EA
S32D0000D4D01003186007F5095303F11C0318680AF05DFA07F5095303F10C03186007F5095303F11C0318680AF0AF
S32D0000D4F875FA07F5095303F1080318604F4A5049504812F025F807F5095303F10403186007F5BA63083B18465A
S32D0000D52008F062FF4A4A07F5095303F104031968464812F06DF9002307F50A5202F13802136007F5095303F1BF
S32D0000D5481C0318680AF056FA024607F50A5303F138031B689A428CBF01230023DBB2002B78D03C23C82207F5C6
S32D0000D5700A5101F138010968364810F0BDFB07F50A5303F138031B689B0007F5095202F11402126813441B6806
S32D0000D598184644F01FFB04460D4607F50A5303F138031B689B0007F5095202F11002126813441B68184644F034
S32D0000D5C00DFB8046894607F50A5303F138031B689B0007F5095202F10802126813441E6807F50A5303F13803C7
S32D0000D5E81B689B0007F5095202F10C02126813441B68184644F0EEFA02460B46CDE906230496CDE90289CDE9C8
S32D0000D6100045114A07F5095303F1040319680B4812F0F6F896200EF0D1FE07F50A5303F138031B68013307F577
S32D0000D6380A5202F1380213607FE700BFB0570600B4570600501B0020BC570600D41A0020C857060007F5095356
S32D0000D66003F104031968BC4812F042F878230022BA49BB4810F008FBB94810F0ACFAB94B07F509521360B84BA2
S32D0000D68807F5085202F13C02136007F5085303F13C03186845F028F90446B24907F50953186844F03DFE034645
S32D0000D6B0184645F01DF903462246AD49A84810F0E3FA07F50B5303F11003A3F52E731C6807F5085303F13C0387
S32D0000D6D8186845F009F90546A44907F50953186844F01EFE0346184645F0FEF803462A462146994810F018FB27
S32D0000D70007F5085303F13C03186845F0F1F80446994907F50953186844F006FE0346184645F0E6F8034622462C
S32D0000D72894498D4810F0ACFA07F50B5303F11003A3F52E735C6807F5085303F13C03186845F0D2F805468C49F4
S32D0000D75007F50953186844F0E7FD0346184645F0C7F803462A4621467D4810F0E1FA854B07F5085202F138020D
S32D0000D77813607F4B07F5085202F13402136007F5BA63083B0121184609F014FD322307F5085202F1300213602B
S32D0000D7A0FF216F4810F05DFA07F5085303F13003186844F069FE044607F5085303F13003186844F061FE034670
S32D0000D7C80093234607F5085202F13402126807F5085101F1380109685F4811F0AFF807F5A662103A07F5A663AB
S32D0000D7F00C3B19465A4810F057FB0346002B00F0C38007F5965303F11003A3F6AC531B68184645F06DF8044681
S32D0000D81807F5965303F11003A3F55B631B68184645F062F8054607F5085303F13803186845F05AF8064607F510
S32D0000D840085303F13403186845F052F8014607F5085303F130031B6807F5085202F130021268019200930B4681
S32D0000D868324629462046FEF707FE0346002B00F08D8007F5965303F11003A3F6AC531B6807F5085202F1380250
S32D0000D8901168184644F046FD03461C4607F5085303F13003186844F0EFFD03461946204644F0F6FE034683F061
S32D0000D8B8004207F50B5303F11003A3F52E731A6007F5965303F11003A3F55B631B6807F5085202F1340211682F
S32D0000D8E0184644F01FFD03461C4607F5085303F13003186844F0C8FD03461946204644F0CFFE03461A4607F516
S32D0000D9080B5303F11003A3F52E735A6007F50B5303F11003A3F52E73196807F50B5303F11003A3F52E735A6822
S32D0000D93007F50B5303F11003A3F52E739B6807F5BA60083808F0BAFB07F5BA63083B184608F0D6FB1EE000BFE9
S32D0000D958501B002000580600D41A002000001643000034430000B4420C5806000000D2420000F04218580600BE
S32D0000D980000007430000204307F5BA63083B184608F0B6FB07F53473143B1846FEF7DCFD07F51473083B184627
S32D0000D9A8FEF7D6FD07F504733C3B1846FEF7D0FD07F5C873303B1846FEF7CAFD07F58873243B1846FEF7C4FD59
S32D0000D9D007F19003183B1846FEF7BEFD07F110030C3B1846FEF7B8FDFFF77CB9C34B1B78042B40F0E18307F558
S32D0000D9F8BA63083B184608F0FFFD4FF0000307F50A5202F104021360BB4B07F50A521360BA4B07F5095202F129
S32D0000DA203C0213604FF0000107F50A5303F10403186844F079FC0346184644F059FF03460022B149B14810F0D9
S32D0000DA481FF907F5BA63083B184608F043FD03461C68AD4907F50A5303F10403186844F05FFC0346184644F0A5
S32D0000DA703FFF034600222146A44810F059F9A04907F50A5303F10403186844F04DFC0346184644F02DFF0346B0
S32D0000DA9800229E499B4810F0F3F807F5BA63083B184608F017FD034604331C68984907F50A5303F1040318680A
S32D0000DAC044F032FC0346184644F012FF0346002221468E4810F02CF9904907F50A5303F10403186844F020FC20
S32D0000DAE80346184644F000FF034600228A49854810F0C6F807F5BA63083B184608F0EAFC034608331C688549FF
S32D0000DB1007F50A5303F10403186844F005FC0346184644F0E5FE034600222146774810F0FFF87D4907F50A5379
S32D0000DB3803F10403186844F0F3FB0346184644F0D3FE0346002277496E4810F099F807F5AE63103B18460EF050
S32D0000DB6069FD03461C46724907F50A5303F10403186844F0D9FB0346184644F0B9FE034600222146614810F0E2
S32D0000DB882FF96A4B07F5095202F138021360684B07F5095202F134021360664B07F5095202F1300213605E49AE
S32D0000DBB007F50A53186844F0B7FB0346184644F097FE034600225E49504810F05DF807F5BA63183B18460FF050
S32D0000DBD893F8034607F5095202F138021168184644F09EFB03461C464F4907F50A53186844F096FB034618469B
S32D0000DC0044F076FE034600222146404810F090F84C4907F50A53186844F086FB0346184644F066FE034600229F
S32D0000DC284749384810F02CF807F5BA631C3B18460FF062F8034607F5095202F134021168184644F06DFB0346EE
S32D0000DC501C463E4907F50A53186844F065FB0346184644F045FE034600222146274810F05FF8374907F50A53C1
S32D0000DC78186844F055FB0346184644F035FE0346002232491F480FF0FBFF07F5B66318460FF032F8034607F545
S32D0000DCA0095202F130021168184644F03DFB03461C46294907F50A53186844F035FB0346184644F015FE034602
S32D0000DCC8002221460F4810F02FF807F5065303F11C03184611F0C6FF07F5065202F11C0207F5065303F10403E6
S32D0000DCF01A4918462FF0ACFE32E000BFE51700200000F0410000BE4220580600D41A002000007041285806009B
S32D0000DD18000034420000704230580600000096420000B4423C5806000000D242E8B401BDE742523DFD1BA1BC24
S32D0000DD404C580600000002435458060000001143000020435C58060000002F436458060007F5065202F1040222
S32D0000DD6807F5C87030384FF4C84300934FF40043002102F0DBF907F5065303F1040318462FF0D4FA07F50653B3
S32D0000DD9003F11C03184611F06BFF07F5C873303B1E21184602F0DAFC07F5065303F13803184611F05BFF07F549
S32D0000DDB8065202F1380207F5065303F12003764918462FF041FE07F5065202F1200207F504703C384FF40B0333
S32D0000DDE000934FF47F031E2102F0A4F907F5065303F1200318462FF09DFA07F5065303F13803184611F034FF59
S32D0000DE0807F504733C3B1E21184602F0A3FC07F5075303F11403184611F024FF07F5075202F1140207F506533E
S32D0000DE3003F13C035B4918462FF00AFE07F5065202F13C0207F5147008388B230093FF23B42102F06FF907F595
S32D0000DE58065303F13C0318462FF068FA07F5075303F11403184611F0FFFE07F51473083B1E21184602F06EFCB5
S32D0000DE8007F5075303F13003184611F0EFFE07F5075202F1300207F5075303F11803424918462FF0D5FD07F5F6
S32D0000DEA8075202F1180207F5347014388B230093FF23D22102F03AF907F5075303F1180318462FF033FA07F574
S32D0000DED0075303F13003184611F0CAFE07F53473143B1E21184602F039FC07F504733C3B184602F0BDFA07F5D9
S32D0000DEF8C873303B184602F0B7FA07F51473083B184602F0B1FA07F53473143B184602F0ABFA07F51473083BE7
S32D0000DF20184602F0FBFB0346002B07D007F5AE631C3B4FF0000118460FF01AFA07F53473143B184602F0EAFB06
S32D0000DF480346002B06D007F5AE631C3B154918460FF00AFA07F5C873303B184602F0DAFB0346002B07D007F530
S32D0000DF70BA63103B0E4918460AF01AF922E007F504733C3B184602F0C9FB0346002B13D007F5BA63103B07494E
S32D0000DF9818460AF009F911E0705806007C58060088580600000034430000A0420000A0C207F5BA63103B184605
S32D0000DFC00AF0B4F8794B07F5095202F12C021360774B07F5095202F12802136007F5BA63083B0121184609F060
S32D0000DFE8E9F8322307F5095202F124021360FF216E480FF032FE07F5095303F12403186844F03EFA044607F548
S32D0000E010095303F12403186844F036FA03460093234607F5095202F12802126807F5095101F12C0109685F48C7
S32D0000E03810F084FC07F5A662103A07F5A6630C3B19465A480FF02CFF0346002B00F0898007F5965303F110031C
S32D0000E060A3F6AC531B68184644F042FC044607F5965303F11003A3F55B631B68184644F037FC054607F5095330
S32D0000E08803F12C03186844F02FFC064607F5095303F12803186844F027FC014607F5095303F124031B6807F595
S32D0000E0B0095202F124021268019200930B46324629462046FEF7DCF90346002B53D007F5965303F11003A3F6AA
S32D0000E0D8AC531B6807F5095202F12C021168184644F01CF903461C4607F5095303F12403186844F0C5F9034627
S32D0000E1001946204644F0CCFA034683F000431946184644F009F903461A4607F50B5303F11003A3F52E731A6083
S32D0000E12807F50B5303F11003A3F52E73196807F50B5303F11003A3F52E735A6807F50B5303F11003A3F52E73B8
S32D0000E1509B6807F5BA60083807F0B0FF07F5BA63083B184607F0CCFF05E007F5BA63083B184608F039F907F561
S32D0000E1783473143B1846FEF7EBF907F51473083B1846FEF7E5F907F504733C3B1846FEF7DFF907F5C873303B9E
S32D0000E1A01846FEF7D9F9FEF79DBD00BF000020430000F042D41A00204FF0000307F50A5202F120021360C54B49
S32D0000E1C807F50A5202F11C0213604FF0000107F50A5303F12003186844F0A2F80346184644F082FB034600228C
S32D0000E1F0BB49BC480FF048FD07F5BA63083B184608F040F90446B84907F50A5303F12003186844F089F8034691
S32D0000E218184644F069FB034600222146AF480FF083FDB04907F50A5303F12003186844F077F80346184644F033
S32D0000E24057FB03460022AA49A6480FF01DFD07F5BA63083B184608F022F90446A54907F50A5303F12003186804
S32D0000E26844F05EF80346184644F03EFB0346002221469A480FF058FD9D4907F50A5303F12003186844F04CF894
S32D0000E2900346184644F02CFB03460022974991480FF0F2FC07F5BA63083B184608F006F90446934907F50A531D
S32D0000E2B803F12003186844F033F80346184644F013FB03460022214684480FF02DFD4FF0000107F50A5303F105
S32D0000E2E01C03186844F020F80346184644F000FB0346002283497B480FF0C6FC07F5BA63083B184608F092F858
S32D0000E3080446774907F50A5303F11C03186844F007F80346184644F0E7FA0346002221466E480FF001FD6F49C5
S32D0000E33007F50A5303F11C03186843F0F5FF0346184644F0D5FA034600226F4965480FF09BFC07F5BA63083B40
S32D0000E358184608F074F80446644907F50A5303F11C03186843F0DCFF0346184644F0BCFA0346002221465948E0
S32D0000E3800FF0D6FC5C4907F50A5303F11C03186843F0CAFF0346184644F0AAFA034600225A4950480FF070FC81
S32D0000E3A807F5BA63083B184608F058F80446524907F50A5303F11C03186843F0B1FF0346184644F091FA0346E2
S32D0000E3D00022214643480FF0ABFC4D4907F50A5303F11C03186843F09FFF0346184644F07FFA034600224749C3
S32D0000E3F83A480FF045FC07F5BA63143B18460EF07BFC0446424907F50A5303F11C03186843F086FF03461846DA
S32D0000E42044F066FA0346002221462E480FF080FC314B07F50A5202F118021360374B07F50A5202F114021360CD
S32D0000E44807F50A5303F11403186844F04DFA04462D4907F50A5303F11803186843F060FF0346184644F040FAF8
S32D0000E470034622462A491B480FF006FC07F50B5303F11003A3F52E731C6807F50A5303F11403186844F02CFA9A
S32D0000E49805461F4907F50A5303F11803186843F03FFF0346184644F01FFA03462A4621460A480FF039FC07F5B4
S32D0000E4C00A5303F11403186844F012FA0446154907F50A5303F1180326E000BF0000BE4294580600D41A002031
S32D0000E4E8000070410000F041A05806000000344200007042B058060000009642C0580600CC580600DC58060096
S32D0000E5100000B442EC5806000000D242000034430C5806000000F042186843F0FDFE0346184644F0DDF90346CE
S32D0000E5382246A749A7480FF0A3FB07F50B5303F11003A3F52E735C6807F50A5303F11403186844F0C9F905464E
S32D0000E5609F4907F50A5303F11803186843F0DCFE0346184644F0BCF903462A46214697480FF0D6FB07F50853FA
S32D0000E58803F10C03184611F06DFB07F5085202F10C0207F5075303F13403904918462FF053FA07F5075303F1D6
S32D0000E5B0340307F5147008388B2201924FF400420092894A894901F06BFE07F5075303F1340318462EF0AEFE47
S32D0000E5D807F5085303F10C03184611F045FB07F51473083B1E21184602F0B4F807F5085303F12803184611F046
S32D0000E60035FB07F5085202F1280207F5085303F11003774918462FF01BFA07F5085303F1100307F5347014384F
S32D0000E6288B2201924FF6FF720092704A6D4901F033FE07F5085303F1100318462EF076FE07F5085303F12803E6
S32D0000E650184611F00DFB07F53473143B1E21184602F07CF807F51473083B184601F000FF07F53473143B1846DC
S32D0000E67801F0FAFE07F53473143B184602F04AF80346002B05D0002307F50B5202F10F02137007F51473083BF5
S32D0000E6A0184602F03BF80346002B08D0012307F50B5202F10F02137048480FF08CFA07F50B5303F10F031A7872
S32D0000E6C807F5BA63083B1146184608F073FD484B07F50A5202F110021360464B07F50A5202F10C021360322396
S32D0000E6F007F50A5202F108021360FF2137480FF0B0FA07F50A5303F10803186843F0BCFE044607F50A5303F190
S32D0000E7180803186843F0B4FE03460093234607F50A5202F10C02126807F50A5101F110010968284810F002F915
S32D0000E74007F5A662103A07F5A6630C3B194623480FF0AAFB0346002B00F0C08007F5965303F11003A3F6AC537B
S32D0000E7681B68184644F0C0F8044607F5965303F11003A3F55B631B68184644F0B5F8054607F50A5303F11003BD
S32D0000E790186844F0ADF8064607F50A5303F10C03186844F0A5F8014607F50A5303F108031B6807F50A5202F19C
S32D0000E7B808021268019200930B46324629462046FDF75AFE0346002B00F08A8014E000BF18580600D41A0020FA
S32D0000E7E000000743F85806000000704200007A43FC5806000000BE42000020430000F04207F5965303F1100321
S32D0000E808A3F6AC531B6807F50A5202F110021168184643F083FD03461C4607F50A5303F10803186843F02CFE00
S32D0000E83003461946204643F033FF034683F0004207F50B5303F11003A3F52E731A6007F5965303F11003A3F5B1
S32D0000E8585B631B6807F50A5202F10C021168184643F05CFD03461C4607F50A5303F10803186843F005FE034693
S32D0000E8801946204643F00CFF03461A4607F50B5303F11003A3F52E735A6007F50B5303F11003A3F52E7319684F
S32D0000E8A807F50B5303F11003A3F52E735A6807F50B5303F11003A3F52E739B6807F5BA60083807F0F7FB07F50E
S32D0000E8D0BA63083B184607F013FC05E007F5BA63083B184607F080FD07F53473143B1846FDF732FE07F514734C
S32D0000E8F8083B1846FDF72CFEFEF7F0B9024B00221A70FEF741B900BFE5170020B0B582B000AF7860396038687B
S32D0000E92000F04BFA0546442011F0D0F803461C462946204602F0C0FB2146786800F057FA78680837BD46B0BDD8
S32D0000E94890B585B000AF78607B68184600F05AFAF860FB681B68002B0CD0786800F05FFA0446F86800F068FAB1
S32D0000E97003461B681946204600F06CFAFB6800221A607B6818461437BD4690BD80B584B000AFF860B9607A6054
S32D0000E998FB68B9687A68184600F080FAFB6818461037BD4680BDB0B582B000AF786039607C68386800F05BFA5B
S32D0000E9C00546386800F02FFA0346184600F060FA03461A4629462046FFF7D8FF7B6818460837BD46B0BD90B5B4
S32D0000E9E885B000AF78607B68184600F06DFAF860FB681B68002B0CD0786800F072FA0446F86800F07BFA0346D4
S32D0000EA101B681946204600F07FFAFB6800221A607B6818461437BD4690BD2DE9F04184B000AFF860B9607A60D7
S32D0000EA383B60B86800F0BDF90546786800F079FA0646386800F07FFA80464C2011F03AF803461C46434632465B
S32D0000EA602946204604F076FC2146F86800F089FAF8681037BD46BDE8F08190B585B000AF78607B68184600F021
S32D0000EA888BFAF860FB681B68002B0CD0786800F090FA0446F86800F099FA03461B681946204600F09DFAFB6894
S32D0000EAB000221A607B6818461437BD4690BD80B584B000AFF860B9607A60FB68B9687A68184600F0B1FAFB689B
S32D0000EAD818461037BD4680BDB0B582B000AF786039607C68386800F08CFA0546386800F060FA0346184600F0AE
S32D0000EB0091FA03461A4629462046FFF7D8FF7B6818460837BD46B0BD2DE9F04184B000AFF860B9607A603B6011
S32D0000EB28B86800F046F90546786800F002FA0646386800F093FA80464C2010F0C3FF03461C46434632462946E1
S32D0000EB50204603F0A1FE2146F86800F09DFAF8681037BD46BDE8F08190B585B000AF78607B68184600F09FFAC6
S32D0000EB78F860FB681B68002B0CD0786800F0A4FA0446F86800F0ADFA03461B681946204600F0B1FAFB680022CA
S32D0000EBA01A607B6818461437BD4690BD80B584B000AFF860B9607A60FB68B9687A68184600F0C5FAFB6818465A
S32D0000EBC81037BD4680BDB0B582B000AF786039607C68386800F0A0FA0546386800F074FA0346184600F0A5FA54
S32D0000EBF003461A4629462046FFF7D8FF7B6818460837BD46B0BDB0B582B000AF78603960386800F0D2F8054660
S32D0000EC18442010F057FF03461C462946204602F065FF2146786800F0B4FA78680837BD46B0BD90B585B000AFA1
S32D0000EC4078607B68184600F0B7FAF860FB681B68002B0CD0786800F0BCFA0446F86800F0C5FA03461B6819469D
S32D0000EC68204600F0C9FAFB6800221A607B6818461437BD4690BD80B584B000AFF860B9607A60FB68B9687A68C1
S32D0000EC90184600F0DDFAFB6818461037BD4680BDB0B582B000AF786039607C68386800F0B8FA0546386800F031
S32D0000ECB88CFA0346184600F0BDFA03461A4629462046FFF7D8FF7B6818460837BD46B0BDB0B586B000AFF8607D
S32D0000ECE0B9607A60B86800F068F80546786800F0C5FA03461B783B75482010F0E7FE03461C463A7D29462046B9
S32D0000ED0805F07EFA2146F86800F0CEFAF8681837BD46B0BD90B585B000AF78607B68184600F0D1FAF860FB681A
S32D0000ED301B68002B0CD0786800F0D6FA0446F86800F0DFFA03461B681946204600F0E3FAFB6800221A607B68D8
S32D0000ED5818461437BD4690BD80B584B000AFF860B9607A60FB68B9687A68184600F0F7FAFB6818461037BD4681
S32D0000ED8080BDB0B582B000AF786039607C68386800F0D2FA0546386800F0A6FA0346184600F0D7FA03461A46A5
S32D0000EDA829462046FFF7D8FF7B6818460837BD46B0BD80B483B000AF78607B6818460C37BD4680BC704780B50E
S32D0000EDD082B000AF786039607B683A681146184600F0D7FA7B6818460837BD4680BD80B582B000AF7860396081
S32D0000EDF87B6839681846FFF7E6FF7B6818460837BD4680BD80B582B000AF78607B68184600F0CFFA03461846E1
S32D0000EE200837BD4680BD80B582B000AF78607B68184600F0CFFA034618460837BD4680BD80B483B000AF786049
S32D0000EE487B6818460C37BD4680BC704780B582B000AF786039603B68002B04D01A68183212681846904700BFBF
S32D0000EE700837BD4680BD80B582B000AF78607B68184600F0B4FA034618460837BD4680BD80B483B000AF786014
S32D0000EE987B6818460C37BD4680BC704790B585B000AFF860B9607A60FC687868FFF7ECFF024607F1080319468F
S32D0000EEC0204600F0A9FAFB6818461437BD4690BD80B582B000AF78607B68184600F0B5FA034618460837BD4618
S32D0000EEE880BD80B582B000AF78607B68184600F0B5FA034618460837BD4680BD80B483B000AF78607B6818469C
S32D0000EF100C37BD4680BC704780B582B000AF786039603B68002B04D01A68183212681846904700BF0837BD46F5
S32D0000EF3880BD80B483B000AF78607B6818460C37BD4680BC704780B483B000AF78607B6818460C37BD4680BC55
S32D0000EF60704780B582B000AF786039607B683A681146184600F090FA7B6818460837BD4680BD80B582B000AFBB
S32D0000EF88786039607B6839681846FFF7E6FF7B6818460837BD4680BD80B582B000AF78607B68184600F088FACC
S32D0000EFB0034618460837BD4680BD80B582B000AF78607B68184600F088FA034618460837BD4680BD80B483B0DF
S32D0000EFD800AF78607B6818460C37BD4680BC704780B582B000AF786039603B68002B04D01A681832126818463D
S32D0000F000904700BF0837BD4680BD80B582B000AF78607B68184600F06DFA034618460837BD4680BD80B483B0BA
S32D0000F02800AF78607B6818460C37BD4680BC704790B585B000AFF860B9607A60FC687868FFF7ECFF024607F1E0
S32D0000F05008031946204600F062FAFB6818461437BD4690BD80B483B000AF78607B6818460C37BD4680BC7047B2
S32D0000F07880B582B000AF786039607B683A681146184600F061FA7B6818460837BD4680BD80B582B000AF7860B0
S32D0000F0A039607B6839681846FFF7E6FF7B6818460837BD4680BD80B582B000AF78607B68184600F059FA034671
S32D0000F0C818460837BD4680BD80B582B000AF78607B68184600F059FA034618460837BD4680BD80B483B000AF8F
S32D0000F0F078607B6818460C37BD4680BC704780B582B000AF786039603B68002B04D01A681832126818469047FC
S32D0000F11800BF0837BD4680BD80B582B000AF78607B68184600F03EFA034618460837BD4680BD80B483B000AFF8
S32D0000F14078607B6818460C37BD4680BC704790B585B000AFF860B9607A60FC687868FFF7ECFF024607F108036B
S32D0000F1681946204600F033FAFB6818461437BD4690BD80B582B000AF786039607B683A681146184600F03CFA54
S32D0000F1907B6818460837BD4680BD80B582B000AF786039607B6839681846FFF7E6FF7B6818460837BD4680BD8D
S32D0000F1B880B582B000AF78607B68184600F034FA034618460837BD4680BD80B582B000AF78607B68184600F097
S32D0000F1E034FA034618460837BD4680BD80B483B000AF78607B6818460C37BD4680BC704780B582B000AF786057
S32D0000F20839603B68002B04D01A68183212681846904700BF0837BD4680BD80B582B000AF78607B68184600F0C5
S32D0000F23019FA034618460837BD4680BD80B483B000AF78607B6818460C37BD4680BC704790B585B000AFF8608E
S32D0000F258B9607A60FC687868FFF7ECFF024607F108031946204600F00EFAFB6818461437BD4690BD80B483B0A5
S32D0000F28000AF78607B6818460C37BD4680BC704780B582B000AF786039607B683A681146184600F00DFA7B68C4
S32D0000F2A818460837BD4680BD80B582B000AF786039607B6839681846FFF7E6FF7B6818460837BD4680BD80B522
S32D0000F2D082B000AF78607B68184600F005FA034618460837BD4680BD80B582B000AF78607B68184600F005FAE3
S32D0000F2F8034618460837BD4680BD80B483B000AF78607B6818460C37BD4680BC704780B582B000AF78603960D3
S32D0000F3203B68002B04D01A68183212681846904700BF0837BD4680BD80B582B000AF78607B68184600F0EAF962
S32D0000F348034618460837BD4680BD80B483B000AF78607B6818460C37BD4680BC704790B585B000AFF860B9606F
S32D0000F3707A60FC687868FFF7ECFF024607F108031946204600F0DFF9FB6818461437BD4690BD80B582B000AF26
S32D0000F398786039607B68184600F0EAF97868FFF731FD02463B6813607B6818460837BD4680BD80B582B000AF8A
S32D0000F3C078607B68184600F0F1F9034618460837BD4680BD80B582B000AF78607B68184600F0F0F90346184657
S32D0000F3E80837BD4680BD80B584B000AF78607868FFF708FD03461B68FB607868FFF702FD034600221A60FB6869
S32D0000F41018461037BD4680BDB0B584B000AFF860B9607A60FC68B86800F0D8F905467868FFF72EFD03461A461C
S32D0000F4382946204600F0D8F9FB6818461037BD46B0BD80B582B000AF78607B68184600F0E7F9034618460837B3
S32D0000F460BD4680BD80B582B000AF78607B68184600F0E6F9034618460837BD4680BD80B582B000AF78607B6849
S32D0000F488184600F0E5F9034618460837BD4680BD80B582B000AF786039607B68184600F0EDF97868FFF778FD1B
S32D0000F4B002463B6813607B6818460837BD4680BD80B582B000AF78607B68184600F0F4F9034618460837BD461B
S32D0000F4D880BD80B582B000AF78607B68184600F0F3F9034618460837BD4680BD80B584B000AF78607868FFF7D2
S32D0000F5004FFD03461B68FB607868FFF749FD034600221A60FB6818461037BD4680BDB0B584B000AFF860B96068
S32D0000F5287A60FC68B86800F055F905467868FFF775FD03461A462946204600F0D1F9FB6818461037BD46B0BDD6
S32D0000F55080B582B000AF786039607B68184600F0DFF97868FFF7A7FD02463B6813607B6818460837BD4680BD65
S32D0000F57880B582B000AF78607B68184600F0E6F9034618460837BD4680BD80B582B000AF78607B68184600F022
S32D0000F5A0E5F9034618460837BD4680BD80B584B000AF78607868FFF77EFD03461B68FB607868FFF778FD03463D
S32D0000F5C800221A60FB6818461037BD4680BDB0B584B000AFF860B9607A60FC68B86800F0F9F805467868FFF718
S32D0000F5F0A4FD03461A462946204600F0C3F9FB6818461037BD46B0BD80B582B000AF786039607B68184600F0F2
S32D0000F618D1F97868FFF7CCFD02463B6813607B6818460837BD4680BD80B582B000AF78607B68184600F0D8F94D
S32D0000F640034618460837BD4680BD80B582B000AF78607B68184600F0D7F9034618460837BD4680BD80B584B0F8
S32D0000F66800AF78607868FFF7A3FD03461B68FB607868FFF79DFD034600221A60FB6818461037BD4680BDB0B54E
S32D0000F69084B000AFF860B9607A60FC68B86800F09DF805467868FFF7C9FD03461A462946204600F0B5F9FB68AF
S32D0000F6B818461037BD46B0BD80B582B000AF786039607B68184600F0C3F97868FFF7FBFD02463B6813607B688C
S32D0000F6E018460837BD4680BD80B582B000AF78607B68184600F0CAF9034618460837BD4680BD80B582B000AF01
S32D0000F70878607B68184600F0C9F9034618460837BD4680BD80B584B000AF78607868FFF7D2FD03461B68FB6026
S32D0000F7307868FFF7CCFD034600221A60FB6818461037BD4680BDB0B584B000AFF860B9607A60FC68B86800F0D8
S32D0000F75841F805467868FFF7F8FD03461A462946204600F0A7F9FB6818461037BD46B0BD80B582B000AF7860C0
S32D0000F7807B68184600F0B6F97B6818460837BD4680BD80B582B000AF78607B68184600F0B9F903461846083704
S32D0000F7A8BD4680BD80B582B000AF78607868FFF7ECFF034618460837BD4680BD80B582B000AF7860786800F060
S32D0000F7D0B7F9034618460837BD4680BD80B483B000AF78607B6818460C37BD4680BC704790B585B000AFF8604C
S32D0000F7F8B9607A607868FFF747FB03461946F86800F0A6F9FC68B868FFF7E4FF03461946204600F0AFF9FB68DB
S32D0000F82018461437BD4690BD80B582B000AF78607868FFF724FE034618460837BD4680BD80B582B000AF7860C7
S32D0000F848786800F0A8F9034618460837BD4680BD80B483B000AF78607B6818460C37BD4680BC704780B582B02C
S32D0000F87000AF7860786800F09EF9034618460837BD4680BD80B582B000AF78607B68184600F09BF97B68184662
S32D0000F8980837BD4680BD80B582B000AF78607B68184600F09EF9034618460837BD4680BD80B582B000AF7860F9
S32D0000F8C07868FFF7ECFF034618460837BD4680BD80B582B000AF7860786800F09CF9034618460837BD4680BDBA
S32D0000F8E890B585B000AFF860B9607A607868FFF795FB03461946F86800F095F9FC68B868FFF768FF0346194609
S32D0000F910204600F033F9FB6818461437BD4690BD80B582B000AF78607B68184600F091F97B6818460837BD46BF
S32D0000F93880BD80B582B000AF78607B68184600F094F9034618460837BD4680BD80B582B000AF78607868FFF7CE
S32D0000F960ECFF034618460837BD4680BD80B582B000AF7860786800F092F9034618460837BD4680BD90B585B07F
S32D0000F98800AFF860B9607A607868FFF7D2FB03461946F86800F08BF9FC68B868FFF71AFF03461946204600F0A7
S32D0000F9B0E5F8FB6818461437BD4690BD80B582B000AF78607B68184600F087F97B6818460837BD4680BD80B55C
S32D0000F9D882B000AF78607B68184600F08AF9034618460837BD4680BD80B582B000AF78607868FFF7ECFF034676
S32D0000FA0018460837BD4680BD80B582B000AF7860786800F088F9034618460837BD4680BD90B585B000AFF86015
S32D0000FA28B9607A607868FFF705FC03461946F86800F081F9FC68B868FFF7CCFE03461946204600F097F8FB6840
S32D0000FA5018461437BD4690BD80B582B000AF78607B68184600F07DF97B6818460837BD4680BD80B582B000AF24
S32D0000FA7878607B68184600F080F9034618460837BD4680BD80B582B000AF78607868FFF7ECFF03461846083723
S32D0000FAA0BD4680BD80B582B000AF7860786800F07EF9034618460837BD4680BD90B585B000AFF860B9607A6029
S32D0000FAC87868FFF742FC03461946F86800F077F9FC68B868FFF77EFE03461946204600F049F8FB681846143753
S32D0000FAF0BD4690BD80B582B000AF7860786800F074F97B68184600F07CF97B6818460837BD4680BD80B483B0A0
S32D0000FB1800AF78607B6818460C37BD4680BC704780B582B000AF7860786800F073F9034618460837BD4680BD6E
S32D0000FB4080B582B000AF78607868FFF7EDFF034618460837BD4680BD80B582B000AF786039603868FFF794F917
S32D0000FB6803461946786800F05FF97B6818460837BD4680BD80B582B000AF786039603868FFF728FE03461A68D1
S32D0000FB907B681A607B6818460837BD4680BD80B582B000AF78607868FFF760FE034618460837BD4680BD80B4AE
S32D0000FBB883B000AF78607B6818460C37BD4680BC704780B582B000AF7860786800F03EF97B68184600F046F986
S32D0000FBE07B6818460837BD4680BD80B483B000AF78607B6818460C37BD4680BC704780B582B000AF7860786801
S32D0000FC0800F03DF9034618460837BD4680BD80B582B000AF78607868FFF7EDFF034618460837BD4680BD80B577
S32D0000FC3082B000AF786039603868FFF7F3F903461946786800F029F97B6818460837BD4680BD80B582B000AF62
S32D0000FC587860786800F02FF97B68184600F037F97B6818460837BD4680BD80B483B000AF78607B6818460C371B
S32D0000FC80BD4680BC704780B582B000AF7860786800F02EF9034618460837BD4680BD80B582B000AF7860786887
S32D0000FCA8FFF7EDFF034618460837BD4680BD80B582B000AF786039603868FFF73AFA03461946786800F01AF94A
S32D0000FCD07B6818460837BD4680BD80B582B000AF7860786800F020F97B68184600F028F97B6818460837BD469A
S32D0000FCF880BD80B483B000AF78607B6818460C37BD4680BC704780B582B000AF7860786800F01FF903461846BC
S32D0000FD200837BD4680BD80B582B000AF78607868FFF7EDFF034618460837BD4680BD80B582B000AF78603960D9
S32D0000FD483868FFF777FA03461946786800F00BF97B6818460837BD4680BD80B582B000AF7860786800F011F982
S32D0000FD707B68184600F019F97B6818460837BD4680BD80B483B000AF78607B6818460C37BD4680BC704780B5C5
S32D0000FD9882B000AF7860786800F010F9034618460837BD4680BD80B582B000AF78607868FFF7EDFF034618462E
S32D0000FDC00837BD4680BD80B582B000AF786039603868FFF7BEFA03461946786800F0FCF87B6818460837BD46D2
S32D0000FDE880BD80B582B000AF7860786800F002F97B6818460837BD4680BD80B483B000AF78607B6800221A60CA
S32D0000FE107B6818460C37BD4680BC704780B483B000AF78607B6818460C37BD4680BC704780B582B000AF7860F4
S32D0000FE3839603868FFF728F803461946786800F0E3F87B6818460837BD4680BD80B582B000AF7860786800F07C
S32D0000FE60E2F87B6818460837BD4680BD80B483B000AF78607B6800221A607B6818460C37BD4680BC704780B4BF
S32D0000FE8883B000AF78607B6818460C37BD4680BC704780B582B000AF786039603868FFF7BDF8034619467868BE
S32D0000FEB000F0C3F87B6818460837BD4680BD80B582B000AF7860786800F0C2F87B6818460837BD4680BD80B44D
S32D0000FED883B000AF78607B6800221A607B6818460C37BD4680BC704780B483B000AF78607B6818460C37BD46D4
S32D0000FF0080BC704780B582B000AF786039603868FFF713F903461946786800F0A3F87B6818460837BD4680BDE4
S32D0000FF2880B582B000AF7860786800F0A2F87B6818460837BD4680BD80B483B000AF78607B6800221A607B6843
S32D0000FF5018460C37BD4680BC704780B483B000AF78607B6818460C37BD4680BC704780B582B000AF78603960FD
S32D0000FF783868FFF75FF903461946786800F083F87B6818460837BD4680BD80B582B000AF7860786800F082F882
S32D0000FFA07B6818460837BD4680BD80B483B000AF78607B6800221A607B6818460C37BD4680BC704780B483B025
S32D0000FFC800AF78607B6818460C37BD4680BC704780B582B000AF786039603868FFF7B5F903461946786800F0C7
S32D0000FFF063F87B6818460837BD4680BD80B483B000AF78607B6818460C37BD4680BC704780B483B000AF786072
S32D0001001839607B6818460C37BD4680BC704780B483B000AF78607B6818460C37BD4680BC704780B483B000AF28
S32D00010040786039607B6818460C37BD4680BC704780B483B000AF78607B6818460C37BD4680BC704780B483B0D7
S32D0001006800AF786039607B6818460C37BD4680BC704780B483B000AF78607B6818460C37BD4680BC704780B433
S32D0001009083B000AF786039607B6818460C37BD4680BC704780B483B000AF78607B6818460C37BD4680BC70470C
S32D000100B880B483B000AF786039607B6818460C37BD4680BC7047000080B582B000AF786039607B68012B0CD1A5
S32D000100E03B684FF6FF72934207D106480FF09CFF054A064903480FF063FC00BF0837BD4680BD00BFE4170020A4
S32D00010108000000204900020080B500AF4FF6FF710120FFF7D9FF80BD80B400AF024B1846BD4680BC704700BF55
S32D00010130FFFF7F7F2DE9B04384B000AFF860B9607A603B60FB684FF4A0721A60FB68F0225A60FB686FF07F42EE
S32D000101589A60FB684C4ADA60FB684C4A1A61FB6800225A61FB684A4A9A62FB68002283F82D20FB685C33184607
S32D000101802DF0A6F8FB681B68184641F005FD4FF000024FF0804341F0A3FE02460B4614461D4678682DF01AF9A3
S32D000101A80346184641F0F4FC4FF000024FF0804341F092FE02460B469046994635480DF04FF90346184641F074
S32D000101D0F3FC02460B464046494641F057FD02460B462046294641F099FB02460B461046194642F043F80246A8
S32D000101F8FB685A63B86842F047F90246FB689A6378682DF0E7F8044622480DF029F9034604FB03F3184642F001
S32D0001022033F90246FB685A651C480DF027F90346184642F02DF90246FB689A65FB685C33796818462DF082F827
S32D00010248FB6800221A76FB6801225A76FB68002283F82C20FB68002283F82D203A68FB68DA61BA6AFB681A6240
S32D00010270FB681B691A46FB685A62FB68DA69FB681A63FB6818461037BD46BDE8B08300BF66666600212121003C
S32D00010298E22B8A00D41A002090B585B000AFF860B9607A603B60FB684FF4A0721A60FB68F0225A60FB686FF060
S32D000102C07F429A60FB682E4ADA60FB682D4A1A61FB6800225A61FB682B4A9A62FB68002283F82D20FB685C3397
S32D000102E818462CF0F1FFFB68BA685A63FB687A689A6338682DF06EF8044622480DF0B0F8034604FB03F31846E1
S32D0001031042F0BAF80246FB685A651C480DF0AEF80346184642F0B4F80246FB689A65FB685C33396818462DF02C
S32D0001033809F8FB6800221A76FB6801225A76FB68002283F82C20FB68002283F82D203A6AFB68DA617A6AFB6808
S32D000103601A62FB681B691A46FB685A62FB68DA69FB681A63FB6818461437BD4690BD00BF666666002121210056
S32D00010388E22B8A00D41A0020F0B58BB002AF78607B681B6B194633480DF05FFC7B685C6B30480DF05DF80346E0
S32D000103B0184642F06DF803461946204641F0B2FF0346184642F094FA05467B689B6B184642F08EFA06467B6857
S32D000103D85C6D24480DF044F803465B00184642F053F803461946204641F09AFF0346184642F07AFA04467B68B7
S32D000104009B6D184642F074FA0346009323463246294616480EF033F97B6803F15C0207F10803114618462DF009
S32D00010428CDFA7B685B6B184642F05EFA04467B689B6B4FF08141184641F072FF0346184642F052FA034607F1B3
S32D000104500801224605480DF03AFC07F1080318462CF068FF00BF2437BD46F0BDD41A0020B0B584B000AF7860B0
S32D000104787B685B7E002B00F046810023FB730023BB737B6803F13C017B6840331A4692480DF006FD7B68DC6B07
S32D000104A07B685D6B8E480CF0DFFF0346184641F0EFFF03461946284641F034FF03461946204642F0EBF9034625
S32D000104C8002B44D07B68DC6B7B685A6B7B685B6D1946104641F024FF03461D467E480CF0BFFF0346184641F03C
S32D000104F0CFFF03461946284641F016FF03464FF07E51184641F00EFF03461946204642F0BBF90346002B1ED06A
S32D000105187B681A6C7B689B6B1946104642F0BAF90346002B13D07B681C6C7B689A6B7B689B6D1946104641F04D
S32D00010540F3FE03461946204642F09EF90346002B01D0012200E000227B6883F82C207B6803F13C017B68403346
S32D000105681A465D480DF09CFC034683F00103DBB2002B6ED17B6803F144017B6848331A4655480DF08DFC0346CD
S32D00010590002B62D07B68DC6B7B685D6B50480CF06DFF0346184641F073FF03461946284641F0B8FE034619461B
S32D000105B8204642F06FF90346002B27D07B68DC6B7B685A6B7B685B6D1946104641F0A8FE03461D4640480CF070
S32D000105E043FF0346184641F053FF03461946284641F09AFE03464FF07E51184641F092FE03461946204642F0EB
S32D000106083FF90346002B01D0012300E00023FB737B681A6C7B689B6B1946104642F03AF90346002B13D07B680B
S32D000106301C6C7B689A6B7B689B6D1946104641F073FE03461946204642F01EF90346002B01D0012300E0002326
S32D00010658BB73FB7B002B19D0BB7B002B16D07B685B69002B03D17B6801225A6106E07B685B69012B02D17B689E
S32D0001068002225A617B681A6A7B681A637B6801221A763CE07B685B69022B03D17B6803225A6106E07B685B69FB
S32D000106A8032B02D17B6800225A617B6893F82C30002B13D07B689A6A7B681A637B6893F82D3083F00103DBB274
S32D000106D0002B0FD07B68012283F82D200AE000BFD41A00207B68DA697B681A637B68002283F82D207B68002214
S32D000106F81A76FFF711FD02467B68DA63FFF70CFD02467B681A647868FFF73EFE00BF1037BD46B0BD80B483B040
S32D0001072000AF78607B681B7E18460C37BD4680BC704780B485B000AF78600023FB737B685B69012B04D17B6804
S32D0001074802225A610123FB73FB7B18461437BD4680BC704780B582B000AF78603960386841F092FE02467B68E9
S32D000107709A6500BF0837BD4680BD80B584B000AFF860B9607A60B968F86842F07DF80346002B01D0BB6809E041
S32D000107987968F86842F07EF80346002B01D07B6800E0FB6818461037BD4680BD80B584B000AFF860C7E90023B6
S32D000107C0D7E90623D7E9000141F0A8F802460B46F968C1E90023FB68D3E90023F968C1E90223F9684FF00002B4
S32D000107E84FF00003C1E90423FB684FF00002DA62FB680A4A1A62FB68094A5A62FB68074A9A62F9684FF00002F8
S32D000108104FF00003C1E90C23FB6818461037BD4680BD00BFACC5273795BFD633000000002DE9B04F86B000AF71
S32D00010838F860C7E90023D7E90E23D7E9000141F069F802460B46F968C1E90023FB68D3E904ABFB68D3E900016D
S32D00010860D7E9102341F012FA02460B465046594641F056F802460B46F968C1E904236AA3D3E90023D7E9100164
S32D0001088841F072FC0346002B04D065A3D3E90023C7E91023FB68D3E900014FF000024FF0000341F07FFC0346F8
S32D000108B0002B0BD0FB68D3E902014FF000024FF0000341F055FC0346002B27D1FB68D3E900014FF000024FF0E0
S32D000108D8000341F049FC0346002B0BD0FB68D3E902014FF000024FF0000341F05BFC0346002B0FD1FB68D3E989
S32D000109000023904623F0004949A3D3E900234046494641F02DFC0346002B06D0F9684FF000024FF00003C1E961
S32D000109280423FB68D3E90C01D7E9002340F0F2FF02460B46144623F000453BA3D3E900232046294641F024FC1B
S32D000109500346002B06D0F9684FF000024FF00003C1E904234FF00002334BC7E90423FB68D3E9042310461946E8
S32D0001097841F080FC03462F4A2F491846FFF7F9FE0346184641F026F902460B46F968C1E90423FB68D3E900013C
S32D000109A0FB68D3E9022340F0B9FF02460B4610461946D7E9102341F093FA02460B46F968C1E90623FB68D3E911
S32D000109C80023F968C1E90223FB68DB6A184641F001F904460D46FB681B6A184641F0FAF8FB68D3E9002341F003
S32D000109F04DF902460B462046294640F091FF02460B461046194641F039FC0246FB68DA62F968D7E90023C1E9DB
S32D00010A180C23FB68DB6A18461837BD46BDE8B08FFCA9F1D24D62503F9A9999999999B93F0000494000004842FC
S32D00010A40000048C280B485B000AFF860B9607A603B60FB68BA681A62FB687A685A62FB683A689A6200BF143772
S32D00010A68BD4680BC7047000080B582B000AF786009480DF0ACF8042107480DF0B3F8022105480DF0D6F8786852
S32D00010A902CF074FF0346194601480DF053FBEEE7D41A002080B582B000AF7860084611461A460346FB700B4691
S32D00010AB8BB7013467B707B682B4A1A607B682B4A5A607B682A4A9A607B682A4ADA607B68294A1A617B681433DF
S32D00010AE0FA78114618460CF0FBF87B681533BA78114618460CF0F4F87B6816337A78114618460CF0EDF87B6840
S32D00010B0800225A627B6800229A627B68002283F82C207B68002283F82D207B6801225A637B6800229A637B689E
S32D00010B300022DA637B6800221A647B6800225A647B68002283F82E207B6803229A647B684FF000029A617B681B
S32D00010B584FF00002DA617B684FF000021A627B6818460837BD4680BDD7A3304033335340E8B401BDE742523D9D
S32D00010B80FD1BA1BC80B483B000AF786039607A683B68134018460C37BD4680BC704780B483B000AF7860396054
S32D00010BA87A683B68134318460C37BD4680BC704780B483B000AF78607B68DB4318460C37BD4680BC704780B5F1
S32D00010BD082B000AF786039607B681B6839681846FFF7DDFF02467B681A607B6818460837BD4680BD80B582B0A1
S32D00010BF800AF786039607B681B6839681846FFF7BDFF02467B681A607B6818460837BD4680BD90B587B000AF07
S32D00010C20F860B9607A60FB68DB687B61FB6803F10C047868FFF7C0FF034619462046FFF7D9FFFB6803F10C0499
S32D00010C487968B868FFF79AFF034619462046FFF7BAFF7B6918461C37BD4690BD80B582B000AF78604FF4827226
S32D00010C7004217868FFF7D1FF7B6818460837BD4680BD80B483B000AF78607B6818460C37BD4680BC7047000062
S32D00010C9880B582B000AF786039607B68012B0CD13B684FF6FF72934207D106480FF0B8F9054A064903480EF0CF
S32D00010CC07FFE00BF0837BD4680BD00BFE8170020000000204900020080B500AF4FF6FF710120FFF7D9FF80BD3C
S32D00010CE880B586B002AF786039603A23FB60386840F070FF02460B467868CDE90023044B3A22044900F062F8C5
S32D00010D1078681037BD4680BD00590600CDC2050090B583B000AF786039600BF08BFB0346184641F0A9FB03467C
S32D00010D387968184641F0F2FA0346012214461946386841F09DFD0346002B01D100231C46E3B218460C37BD469C
S32D00010D6090BD000080B582B000AF7860064A7B681A607B68043318462CF0AAFA7B6818460837BD4680BD00BFC5
S32D00010D888459060080B582B000AF7860064A7B681A607B68043318462CF0C8FA7B6818460837BD4680BD00BFE9
S32D00010DB08459060080B582B000AF78607868FFF7E5FF1C2178680EF07FFE7B6818460837BD4680BD08B490B530
S32D00010DD888B000AFF860B9607A607B680733DB08DB00ADEB030D6B460733DB08DB00FB6107F130033B61BC6847
S32D00010E003B69FA6A7968F869A047B861BB69FA69D41807F1140318460EF028FF07F114032246F969F86800F04B
S32D00010E283BF807F1140318460EF01EFFF8682037BD46BDE8904001B0704780B584B000AFF860B9607A60BA68C4
S32D00010E50002178682CF072FC0346184600F03BF803461946F8682CF045FAF8681037BD4680BD80B584B000AFBC
S32D00010E78F860B9607A607968B8682CF0A9FC0346184600F024F803461946F8682CF02EFAF8681037BD4680BD58
S32D00010EA090B585B000AFF860B9607A603B60FC68F8682CF001F903463A68194620462CF07FFD7A68B968F8688F
S32D00010EC800F00FF8FB6818461437BD4690BD80B483B000AF78607B6818460C37BD4680BC704780B584B000AF28
S32D00010EF0F860B9607A607A68B968F86800F004F800BF1037BD4680BD90B587B000AFF860B9607A603B70234669
S32D00010F187A68B968F86800F005F800BF1C37BD4690BD000080B586B000AFF860B9607A603B70B86800F03EF8A2
S32D00010F400346002B05D0BA687B689A4201D0012300E00023002B02D0174820F06FFF7968B86800F03AF803461A
S32D00010F687B617B690F2B10D907F1140300221946F8682CF0A7F803461946F8682CF094F87B691946F8682CF05D
S32D00010F9095F8F8682CF08EF803467A68B96818462CF0E0F87B691946F8682CF089F800BF1837BD4680BD00BFB8
S32D00010FB85059060080B483B000AF78607B68002B0CBF01230023DBB218460C37BD4680BC7047B0B582B000AFE3
S32D00010FE0786039607C683B1D184600F00AF82A463968204600F00FF8034618460837BD46B0BD80B483B000AF0B
S32D00011008786000BF18460C37BD4680BC704780B485B000AFF860B9603A71BA68FB68D31A18461437BD4680BCFD
S32D00011030704790B587B000AF786039603B68DB0FFB75FB7D002B02D03B685B4200E03B683B610A21386900F0B1
S32D00011058F7FBF860FA7DFB68D41807F1080318460EF000FE07F108032D22214678682CF033F907F108031846BA
S32D000110800EF0F6FDFB7D194678682CF0F7F903463A69F968184600F015FC00BF78681C37BD4690BD80B483B038
S32D000110A800AF7860012318460C37BD4680BC704790B585B000AF786039607B681846FFF74DFE174A7B681A60FD
S32D000110D07B683A68DA617B6803F12C0407F10C0318460EF0C3FD07F10C031A460F4920462CF0AEFC07F10C0315
S32D000110F818460EF0B9FD0BF0A1F90346184641F0BFF902467B681A627B68002283F829207B6800225A627B687E
S32D0001112018461437BD4690BD005B0600B859060080B582B000AF78607B68D8694FF000034FF000024FF000015A
S32D0001114805F0EEF90BF07AF90346184641F098F902467B681A627B6800225A627B68DB69184606F0E7F800BF44
S32D000111700837BD4680BD000090B5ADF5577D00AF07F55673A3F55573186007F55673A3F555731B6803F12C0101
S32D0001119807F52B73DF4A184600F0E6FB07F55673A3F555731B685A6A07F5317311461846FFF73BFF07F52573B1
S32D000111C007F5317207F52B71184600F0E4FB07F5317318462CF0AEF807F52B7318462CF0A9F807F52573184635
S32D000111E82CF0C8FB014600230022CB480CF048FD0BF024F90346184641F042F9024607F55673A3F555731B68FE
S32D000112101B6A1946104641F085F80346C7F8543307F53D73D7F854131846FFF75DFD07F5377307F53D72BB4953
S32D000112381846FFF702FE07F51F7307F53771B84A1846FFF712FE07F5377318462CF06EF807F53D7318462CF0EF
S32D0001126069F807F51F7318462CF088FB01461E230022AB480CF008FD07F5D67318462BF079FC07F5D673083322
S32D00011288A84918462AF0BAFE0346A74918462AF0EDFC04460220FFF7F0FC0346194620462AF06EFD044607F555
S32D000112B05673A3F555731B68DB69184605F00EF903461B68194620462AF060FF0346994918462AF097FE03463A
S32D000112D8954918462AF0CAFC04460220FFF7CDFC0346194620462AF04BFD044607F55673A3F555731B68DB69FA
S32D00011300184605F0EBF8034604331B68194620462AF03CFF0346874918462AF073FE0346834918462AF0A6FC3A
S32D0001132804460220FFF7A9FC0346194620462AF027FD044607F55673A3F555731B68DB69184605F0C7F80346B2
S32D0001135008331B68194620462AF018FF0346764918462AF04FFE07F5437307F5D672114618462BF067FC07F5C8
S32D0001137843713C23002268480CF0A5FC07F5437318462BF0D3FF07F1DC0318462BF0EEFB07F1DC0308336749CC
S32D000113A018462AF02FFE0346614918462AF062FC04460220FFF765FC0346194620462AF0E3FC044607F55673D7
S32D000113C8A3F555731B68DB69184605F090F803461B68194620462AF0D5FE0346534918462AF00CFE034650492D
S32D000113F018462AF03FFC04460220FFF742FC0346194620462AF0C0FC044607F55673A3F555731B68DB69184603
S32D0001141805F06DF8034604331B68194620462AF0B1FE0346414918462AF0E8FD03463E4918462AF01BFC0446E1
S32D000114400220FFF71EFC0346194620462AF09CFC044607F55673A3F555731B68DB69184605F049F8034608333D
S32D000114681B68194620462AF08DFE0346304918462AF0C4FD07F5497307F1DC02114618462BF0DCFB07F5497182
S32D000114904B23002222480CF01AFC07F5497318462BF048FF07F10C0318462BF063FB07F10C03083322491846C0
S32D000114B82AF0A4FD03461C4918462AF0D7FB04460220FFF7DAFB0346194620462AF058FC044607F55673A3F5F8
S32D000114E055731B68DB69184605F011F803461B68194620462AF04AFE03460E4918462AF081FD03460A4918466F
S32D000115082AF0B4FB04460220FFF7B7FB03461946204613E0C4590600D41A0020D0590600DC590600E0590600FC
S32D00011530650C0100E8590600EC590600F0590600F85906002AF020FC044607F55673A3F555731B68DB69184618
S32D0001155804F0D9FF034604331B68194620462AF011FE03469B4918462AF048FD03469A4918462AF07BFB044659
S32D000115800220FFF77EFB0346194620462AF0FCFB044607F55673A3F555731B68DB69184604F0B5FF03460833CC
S32D000115A81B68194620462AF0EDFD03468B4918462AF024FD07F54F7307F10C02114618462BF03CFB07F54F718B
S32D000115D05A23002284480CF07AFB07F54F7318462BF0A8FE07F55673A3F555731B685B6A002B02D0012B5FD06E
S32D000115F8BDE007F55673A3F555731B68D8694FF00003784A4FF0000104F0B1FF07F55673A3F555731B68DB696A
S32D000116207349184605F0DAFC07F55673A3F555731B68DB69184605F0B3FD0346002B0CD107F55673A3F5557351
S32D000116481B681B6A69491846FFF766FB0346002B01D0012300E00023002B00F09A8007F55673A3F555731B68BB
S32D00011670D8694FF000034FF000024FF0000104F01DFD0AF0DFFE0346184640F0FDFE024607F55673A3F5557323
S32D000116981B681A6207F55673A3F555731B685B6A5A1C07F55673A3F555731B685A6270E007F55673A3F5557368
S32D000116C01B68D8694FF000034FF000024FF0000104F051FF07F55673A3F555731B68DB694349184605F07AFCEF
S32D000116E807F55673A3F555731B68DB69184605F053FD0346002B0CD107F55673A3F555731B681B6A39491846E6
S32D00011710FFF706FB0346002B01D0012300E00023002B3CD007F55673A3F555731B68D8694FF000034FF00002A4
S32D000117384FF0000104F0BEFC0AF080FE0346184640F09EFE024607F55673A3F555731B681A6207F55673A3F5E0
S32D0001176055731B685B6A5A1C07F55673A3F555731B685A6213E007F55673A3F555731B68DB69184604F030FE11
S32D0001178807F55673A3F555731B68012283F8292002E000BF00E000BF07F10C0318462AF095FE07F1DC0318461C
S32D000117B02AF090FE07F5D67318462AF08BFE07F51F7318462BF0B6FD07F5257318462BF0B1FD00BF07F557771E
S32D000117D8BD4690BDE8590600650C0100EC590600D41A0020000040C09A99193F0000FA4380B483B000AF7860CA
S32D000118007B6893F8293018460C37BD4680BC704780B483B000AF78607B68012283F8292000BF0C37BD4680BC62
S32D00011828704780B582B000AF786039603B682C33194678682CF0C2F878680837BD4680BD80B487B000AF7860EB
S32D00011850396001237B613B6803FB03F33B613A683B6902FB03F3FB603A68FB6802FB03F3BB603B687A689A4295
S32D0001187801D27B691DE07A683B699A4202D27B69013316E07A68FB689A4202D27B6902330FE07A68BB689A426B
S32D000118A002D27B69033308E07A68BB68B2FBF3F37B607B6904337B61DBE718461C37BD4680BC704780B489B003
S32D000118C800AFF860B9607A60BB68013BFB617B68632B25D97A68224BA3FB02135B09642101FB03F3D31A5B00A8
S32D000118F0BB617B681C4AA2FB03235B097B60BB695A1CF968FB690B4418498A5C1A70FB69013BFA68134415492C
S32D00011918BA690A4412781A70FB69023BFB61D6E77B68092B10D97B685B007B617B695A1CFB6801330B498A5C1C
S32D000119401A700A4A7B6913441A78FB681A7005E07B68DBB23033DAB2FB681A7000BF2437BD4680BC704700BFE0
S32D000119681F85EB512C5A060080B584B000AFF860B9607A60B968F8682CF020F87968F8682BF026FF00BFF8682C
S32D000119901037BD4680BD90B58BB000AFF860B9607A60002387F8273007F114031846FFF779FB0346002B03D010
S32D000119B8012387F8273024E007F11803B96818462BF0DAFF07F11C03796818462BF0D4FF07F11C0207F118030F
S32D000119E01146184600F052F803461C4607F11C0318460EF03DF907F1180318460EF038F9002C02D0012387F854
S32D00011A08273097F82730002B2BD0B8682BF0E0FC044678682BF0DCFC034623443B62B8682BF0DAFC02463B6ACD
S32D00011A30934208D978682BF0D3FC02463B6A934201D8012300E00023002B0ED0BA68002178682BF05BFE03465C
S32D00011A581846FFF73CFA03461946F8682BF046FC0CE07968B8682BF0ADFE03461846FFF72EFA03461946F868F0
S32D00011A802BF038FCF8682C37BD4690BD80B483B000AF78603960012318460C37BD4680BC7047000080B582B02C
S32D00011AA800AF7860084A7B681A607B682C3318462BF03CFC7B681846FFF764F97B6818460837BD4680BD00BFD3
S32D00011AD0005B060080B582B000AF78607868FFF7E1FF442178680DF0EFFF7B6818460837BD4680BD90B585B078
S32D00011AF800AF786039607B681846FFF72FF9174A7B681A607B683A68DA617B6803F12C0407F10C0318460EF058
S32D00011B20A5F807F10C031A460F4920462BF090FF07F10C0318460EF09BF80AF083FC0346184640F0A1FC0246FF
S32D00011B487B681A627B68002283F829207B6800225A627B6818461437BD4690BDD45B06003C5B060080B582B070
S32D00011B7000AF78600AF066FC0346184640F084FC02467B681A627B6800225A627B68D8694FF00003064A07499E
S32D00011B9804F0C6FC7B68DB69184605F0CBFB00BF0837BD4680BD00BF000010410000E0C090B5ADF54B7D00AFDC
S32D00011BC007F54A73A3F54973186007F54A73A3F549731B685B6A1A46DF4BD41807F52A7318460EF043F807F57A
S32D00011BE82A7207F52473214618462BF02DFF07F52A7318460EF038F807F5247318462BF0B9FE0146002300221F
S32D00011C10D2480CF039F80AF015FC0346184640F033FC024607F54A73A3F549731B681B6A1946104640F076FB9A
S32D00011C380346C7F8243307F53173D7F824131846FFF74EF807F52B7307F53172C2491846FFF7F3F807F51E73CE
S32D00011C6007F52B71BF4A1846FFF703F907F52B7318462BF05FFB07F5317318462BF05AFB07F51E7318462BF083
S32D00011C8879FE01461E230022B2480BF0F9FF07F5D47318462AF06AFF07F5D4730833B04918462AF0ABF903461F
S32D00011CB0AE49184629F0DEFF04460220FEF7E1FF0346194620462AF05FF8044607F54A73A3F549731B68DB69DC
S32D00011CD8184604F0FFFB03461B68194620462AF051FA0346A04918462AF088F903469D49184629F0BBFF0446C6
S32D00011D000220FEF7BEFF0346194620462AF03CF8044607F54A73A3F549731B68DB69184604F0DCFB03460433BD
S32D00011D281B68194620462AF02DFA03468E4918462AF064F903468B49184629F097FF04460220FEF79AFF0346A1
S32D00011D50194620462AF018F8044607F54A73A3F549731B68DB69184604F0B8FB034608331B68194620462AF06C
S32D00011D7809FA03467D4918462AF040F907F5377307F5D472114618462AF058FF07F537713C2300226F480BF094
S32D00011DA096FF07F5377318462BF0C4FA07F1D80318462AF0DFFE07F1D80308336E4918462AF020F90346694929
S32D00011DC8184629F053FF04460220FEF756FF03461946204629F0D4FF044607F54A73A3F549731B68DB691846F7
S32D00011DF004F081FB03461B68194620462AF0C6F903465B4918462AF0FDF803465749184629F030FF0446022095
S32D00011E18FEF733FF03461946204629F0B1FF044607F54A73A3F549731B68DB69184604F05EFB034604331B68D1
S32D00011E40194620462AF0A2F90346494918462AF0D9F803464549184629F00CFF04460220FEF70FFF0346194665
S32D00011E68204629F08DFF044607F54A73A3F549731B68DB69184604F03AFB034608331B68194620462AF07EF93E
S32D00011E900346384918462AF0B5F807F53D7307F1D802114618462AF0CDFE07F53D714B2300222A480BF00BFF6B
S32D00011EB807F53D7318462BF039FA07F1080318462AF054FE07F1080308332A4918462AF095F80346234918460D
S32D00011EE029F0C8FE04460220FEF7CBFE03461946204629F049FF044607F54A73A3F549731B68DB69184604F0EB
S32D00011F0802FB03461B68194620462AF03BF90346154918462AF072F803461249184629F0A5FE04460220FEF726
S32D00011F30A8FE03461946204629F026FF044607F54A73A3F549731B68DB69184604F0DFFA0346043314E000BF14
S32D00011F58505B0600D41A0020705B06007C5B0600805B0600650C0100885B06008C5B0600905B0600985B0600DA
S32D00011F801B68194620462AF001F90346AF4918462AF038F80346AE49184629F06BFE04460220FEF76EFE0346B7
S32D00011FA81946204629F0ECFE044607F54A73A3F549731B68DB69184604F0A5FA034608331B68194620462AF04D
S32D00011FD0DDF803469F4918462AF014F807F5437307F10802114618462AF02CFE07F543715A23002298480BF081
S32D00011FF86AFE07F5437318462BF098F907F54A73A3F549731B685B6A092B00F29F8301A252F823F04520010093
S32D00012020F720010095210100812201001F230100D32301007124010023250100FF2501009F26010007F54A7361
S32D00012048A3F549731B68D8694FF03F434FF000024FF0000104F02EF807F54A73A3F549731B68DB69184604F0CF
S32D0001207047F807F54A73A3F549731B681B6A77491846FEF74DFE0346002B00F0758307F54A73A3F549731B68A3
S32D00012098D8694FF000034FF000024FF0000104F009F807F54A73A3F549731B68D8696A4B6A4A6B4904F034FA10
S32D000120C00AF0C0F90346184640F0DEF9024607F54A73A3F549731B681A6207F54A73A3F549731B685B6A5A1C71
S32D000120E807F54A73A3F549731B685A6240E307F54A73A3F549731B68D869574B594A5A4904F035FA07F54A73C5
S32D00012110A3F549731B68DB695649184604F0BAFD07F54A73A3F549731B68DB69184605F03CF90346002B0CD130
S32D0001213807F54A73A3F549731B681B6A4C491846FEF7EAFD0346002B01D0012300E00023002B00F00F830AF081
S32D0001216071F90346184640F08FF9024607F54A73A3F549731B681A6207F54A73A3F549731B685B6A5A1C07F56C
S32D000121884A73A3F549731B685A62F3E207F54A73A3F549731B68D8692F4B324A354904F0E6F907F54A73A3F59A
S32D000121B049731B68DB692F49184604F06BFD07F54A73A3F549731B68DB69184605F0EDF80346002B0CD107F5F2
S32D000121D84A73A3F549731B681B6A25491846FEF79BFD0346002B01D0012300E00023002B00F0C28207F54A73E2
S32D00012200A3F549731B68D8694FF00003174A4FF0000104F089F90AF015F90346184640F033F9024607F54A7332
S32D00012228A3F549731B681A6207F54A73A3F549731B685B6A5A1C07F54A73A3F549731B685A6299E2885B0600B9
S32D00012250650C01008C5B0600D41A002000007A440000B4C2000010410000E0C00000A040000080C0CDCCCC3E0A
S32D000122780000FA440000C04007F54A73A3F549731B68D869BD4BBE4ABD4904F070F907F54A73A3F549731B6825
S32D000122A0DB69BA49184604F0F5FC07F54A73A3F549731B68DB69184605F077F80346002B0CD107F54A73A3F54D
S32D000122C849731B681B6AB0491846FEF725FD0346002B01D0012300E00023002B00F04E820AF0ACF80346184619
S32D000122F040F0CAF8024607F54A73A3F549731B681A6207F54A73A3F549731B685B6A5A1C07F54A73A3F54973A1
S32D000123181B685A6232E207F54A73A3F549731B68D8694FF07C534FF000024FF0000103F0C1FE07F54A73A3F5E0
S32D0001234049731B68DB69184603F0DAFE07F54A73A3F549731B681B6A8E491846FEF7E0FC0346002B00F01082B1
S32D0001236807F54A73A3F549731B68D8694FF000034FF000024FF0000103F09CFE07F54A73A3F549731B68D86954
S32D000123904FF000037C4A7C4904F0C6F80AF052F80346184640F070F8024607F54A73A3F549731B681A6207F5CC
S32D000123B84A73A3F549731B685B6A5A1C07F54A73A3F549731B685A62DAE107F54A73A3F549731B68D869694B9B
S32D000123E06D4A694904F0C7F807F54A73A3F549731B68DB696549184604F04CFC07F54A73A3F549731B68DB69C2
S32D00012408184604F0CEFF0346002B0CD107F54A73A3F549731B681B6A5E491846FEF77CFC0346002B01D0012345
S32D0001243000E00023002B00F0A9810AF003F80346184640F021F8024607F54A73A3F549731B681A6207F54A7343
S32D00012458A3F549731B685B6A5A1C07F54A73A3F549731B685A628DE107F54A73A3F549731B68D8694FF03F43F7
S32D000124804FF000024FF0000103F018FE07F54A73A3F549731B68DB69184603F031FE07F54A73A3F549731B68BF
S32D000124A81B6A3A491846FEF737FC0346002B00F06B8107F54A73A3F549731B68D8694FF000034FF000024FF094
S32D000124D0000103F0F3FD07F54A73A3F549731B68D869284B2E4A284904F01EF809F0AAFF034618463FF0C8FF83
S32D000124F8024607F54A73A3F549731B681A6207F54A73A3F549731B685B6A5A1C07F54A73A3F549731B685A624A
S32D0001252036E107F54A73A3F549731B68D869154B1B4A1B4904F01FF807F54A73A3F549731B68DB6911491846E4
S32D0001254804F0A4FB07F54A73A3F549731B68DB69184604F026FF0346002B0CD107F54A73A3F549731B681B6A20
S32D000125700C491846FEF7D4FB0346002B14D0012313E000BF0000B4C20000A040CDCCCC3E0000FA4300007A44A3
S32D00012598000048420080BB450000C841000048440023002B00F0F28007F54A73A3F549731B68D869874B884A50
S32D000125C04FF0000103F0B0FF09F03CFF034618463FF05AFF024607F54A73A3F549731B681A6207F54A73A3F502
S32D000125E849731B685B6A5A1C07F54A73A3F549731B685A62CAE007F54A73A3F549731B68D869744B754A4FF0C6
S32D000126107E5103F0B0FF07F54A73A3F549731B68DB697149184604F035FB07F54A73A3F549731B68DB691846E8
S32D0001263804F0B7FE0346002B0CD107F54A73A3F549731B681B6A67491846FEF765FB0346002B01D0012300E0B8
S32D000126600023002B00F0988009F0ECFE034618463FF00AFF024607F54A73A3F549731B681A6207F54A73A3F58E
S32D0001268849731B685B6A5A1C07F54A73A3F549731B685A627CE007F54A73A3F549731B68D8694C4B4D4A504969
S32D000126B003F061FF07F54A73A3F549731B68DB694949184604F0E6FA07F54A73A3F549731B68DB69184604F0EA
S32D000126D868FE0346002B0CD107F54A73A3F549731B681B6A41491846FEF716FB0346002B01D0012300E00023AD
S32D00012700002B4BD009F09EFE034618463FF0BCFE024607F54A73A3F549731B681A6207F54A73A3F549731B685B
S32D00012728D8692C4B4FF000024FF0000103F0F8FE07F54A73A3F549731B685B6A5A1C07F54A73A3F549731B6805
S32D000127505A6223E007F54A73A3F549731B68DB69184603F041FE07F54A73A3F549731B68012283F8292012E0CE
S32D0001277800BF10E000BF0EE000BF0CE000BF0AE000BF08E000BF06E000BF04E000BF02E000BF00E000BF07F19C
S32D000127A00803184629F096FE07F1D803184629F091FE07F5D473184629F08CFE07F51E7318462AF0B7FD07F522
S32D000127C8247318462AF0B2FD00BF07F54B77BD4690BD00BF0000B4C20000C84100000C42CDCCCC3E000048449C
S32D000127F00000204100803B4580B483B000AF78607B6893F8293018460C37BD4680BC704780B483B000AF78601F
S32D000128187B68012283F8292000BF0C37BD4680BC704780B582B000AF786039603B682C33194678682BF0C2F832
S32D0001284078680837BD4680BD80B582B000AF7860084A7B681A607B682C3318462AF06AFD7B681846FEF792FA8A
S32D000128687B6818460837BD4680BD00BFD45B060080B582B000AF78607868FFF7E1FF442178680DF01DF97B68AE
S32D0001289018460837BD4680BD90B587B000AFF860B9607A603B60FB681846FEF75BFA1A4AFB681A60FB68BA685A
S32D000128B8DA61FB687A681A62FB683A685A62FB6803F1340407F1140318460DF0CBF907F114031A460F4920464A
S32D000128E02BF0B6F807F1140318460DF0C1F909F0A9FD034618463FF0C7FD0246FB689A62FB68002283F83120AB
S32D00012908FB680022DA62FB6818461C37BD4690BDA05C0600185C060080B582B000AF786009F08CFD03461846E8
S32D000129303FF0AAFD02467B689A627B680022DA627B68D869074B4FF00002074903F0ECFD7B68DB69184604F0DE
S32D00012958F1FC00BF0837BD4680BD00BF000016C3000040C090B5ADF54B7D00AF07F54A73A3F54973186007F5AE
S32D000129804A73A3F549731B68DB6A1A46DF4BD41807F52A7318460DF069F907F52A7207F52473214618462BF078
S32D000129A853F807F52A7318460DF05EF907F5247318462AF0DFFF014600230022D2480BF05FF909F03BFD03460E
S32D000129D018463FF059FD024607F54A73A3F549731B689B6A194610463FF09CFC0346C7F8243307F53173D7F8CE
S32D000129F824131846FEF774F907F52B7307F53172C2491846FEF719FA07F51E7307F52B71BF4A1846FEF729FA6B
S32D00012A2007F52B7318462AF085FC07F5317318462AF080FC07F51E7318462AF09FFF01461E230022B2480BF01E
S32D00012A481FF907F5D47318462AF090F807F5D4730833B049184629F0D1FA0346AE49184629F004F9044602202B
S32D00012A70FEF707F903461946204629F085F9044607F54A73A3F549731B68DB69184603F025FD03461B681946E1
S32D00012A98204629F077FB0346A049184629F0AEFA03469D49184629F0E1F804460220FEF7E4F803461946204603
S32D00012AC029F062F9044607F54A73A3F549731B68DB69184603F002FD034604331B681946204629F053FB03468D
S32D00012AE88E49184629F08AFA03468B49184629F0BDF804460220FEF7C0F803461946204629F03EF9044607F5E7
S32D00012B104A73A3F549731B68DB69184603F0DEFC034608331B681946204629F02FFB03467D49184629F066FA9E
S32D00012B3807F5377307F5D472114618462AF07EF807F537713C2300226F480BF0BCF807F5377318462AF0EAFBB3
S32D00012B6007F1D80318462AF005F807F1D80308336E49184629F046FA03466949184629F079F804460220FEF73E
S32D00012B887CF803461946204629F0FAF8044607F54A73A3F549731B68DB69184603F0A7FC03461B6819462046EE
S32D00012BB029F0ECFA03465B49184629F023FA03465749184629F056F804460220FEF759F803461946204629F0EF
S32D00012BD8D7F8044607F54A73A3F549731B68DB69184603F084FC034604331B681946204629F0C8FA0346494992
S32D00012C00184629F0FFF903464549184629F032F804460220FEF735F803461946204629F0B3F8044607F54A735B
S32D00012C28A3F549731B68DB69184603F060FC034608331B681946204629F0A4FA03463849184629F0DBF907F521
S32D00012C503D7307F1D8021146184629F0F3FF07F53D714B2300222A480BF031F807F53D7318462AF05FFB07F1CD
S32D00012C780803184629F07AFF07F1080308332A49184629F0BBF903462349184628F0EEFF04460220FDF7F1FFEE
S32D00012CA003461946204629F06FF8044607F54A73A3F549731B68DB69184603F028FC03461B681946204629F03A
S32D00012CC861FA03461549184629F098F903461249184628F0CBFF04460220FDF7CEFF03461946204629F04CF857
S32D00012CF0044607F54A73A3F549731B68DB69184603F005FC0346043314E000BF245C0600D41A00203C5C0600E0
S32D00012D18485C06004C5C0600650C0100545C0600585C06005C5C0600645C06001B681946204629F027FA034603
S32D00012D40B349184629F05EF90346B249184628F091FF04460220FDF794FF03461946204629F012F8044607F5E6
S32D00012D684A73A3F549731B68DB69184603F0CBFB034608331B681946204629F003FA0346A349184629F03AF98C
S32D00012D9007F5437307F108021146184629F052FF07F543715A2300229C480AF090FF07F5437318462AF0BEFAA3
S32D00012DB807F54A73A3F549731B68DB6A052B00F22C8201A252F823F0E92D01009F2E01006F2F0100453001004D
S32D00012DE00B3101007331010007F54A73A3F549731B68D8694FF07C534FF000024FF0000103F05CF907F54A7381
S32D00012E08A3F549731B68DB69184603F075F907F54A73A3F549731B689B6A7F491846FDF77BFF0346002B00F034
S32D00012E300A8207F54A73A3F549731B68D8694FF000034FF000024FF0000103F037F907F54A73A3F549731B68A0
S32D00012E58D8694FF000034FF00002704903F060FB09F0ECFA034618463FF00AFB024607F54A73A3F549731B68EE
S32D00012E809A6207F54A73A3F549731B68DB6A5A1C07F54A73A3F549731B68DA62D3E107F54A73A3F549731B68CC
S32D00012EA8D8694FF000035E4A5C4903F060FB07F54A73A3F549731B68DB695A49184603F0E5FE07F54A73A3F5E1
S32D00012ED049731B68DB69184604F067FA0346002B0CD107F54A73A3F549731B689B6A50491846FDF715FF03466F
S32D00012EF8002B01D0012300E00023002B00F0A18107F54A73A3F549731B68DC6907F54A73A3F549731B68DB69A2
S32D00012F20184603F0DBFA034619684FF000034FF00002204603F0F8FA09F084FA034618463FF0A2FA024607F597
S32D00012F484A73A3F549731B689A6207F54A73A3F549731B68DB6A5A1C07F54A73A3F549731B68DA626DE107F569
S32D00012F704A73A3F549731B68D8694FF000032D4A2D4903F0F8FA07F54A73A3F549731B68DB692A49184603F0B1
S32D00012F987DFE07F54A73A3F549731B68DB69184604F0FFF90346002B0CD107F54A73A3F549731B689B6A204922
S32D00012FC01846FDF7ADFE0346002B01D0012300E00023002B00F03B8109F034FA034618463FF052FA024607F515
S32D00012FE84A73A3F549731B689A6207F54A73A3F549731B68DB6A5A1C07F54A73A3F549731B68DA621FE100BF54
S32D00013010545C0600650C0100585C0600D41A002000C0DA44000040C0000020C1CDCCCC3E00007A440000104130
S32D000130380000E0C09A99193F00007A4507F54A73A3F549731B681B6A914918460AF08CF907F54A73A3F54973A6
S32D000130601B68D8694FF000038C4A8D4903F083FA07F54A73A3F549731B68DB698949184603F008FE07F54A7369
S32D00013088A3F549731B68DB69184604F08AF90346002B0CD107F54A73A3F549731B689B6A7F491846FDF738FEF3
S32D000130B00346002B01D0012300E00023002B00F0C88009F0BFF9034618463FF0DDF9024607F54A73A3F5497370
S32D000130D81B689A6207F54A73A3F549731B68DB6A5A1C07F54A73A3F549731B68DA6207F54A73A3F549731B68A3
S32D00013100DB69184603F070F9A3E007F54A73A3F549731B681B6A4FF0000118460AF028F907F54A73A3F5497344
S32D000131281B689B6A5F491846FDF7F6FD0346002B00F08D8009F082F9034618463FF0A0F9024607F54A73A3F516
S32D0001315049731B689A6207F54A73A3F549731B68DB6A5A1C07F54A73A3F549731B68DA6271E007F54A73A3F55C
S32D0001317849731B68D8694FF00003464A4A4903F0F6F907F54A73A3F549731B68DB694349184603F07BFD07F53C
S32D000131A04A73A3F549731B68DB69184604F0FDF80346002B0CD107F54A73A3F549731B689B6A39491846FDF727
S32D000131C8ABFD0346002B01D0012300E00023002B3FD009F033F9034618463FF051F9024607F54A73A3F54973F0
S32D000131F01B689A6207F54A73A3F549731B68DB6A5A1C07F54A73A3F549731B68DA6207F54A73A3F549731B688A
S32D00013218DB69184603F0E4F81BE007F54A73A3F549731B68DB69184603F0DAF807F54A73A3F549731B68012271
S32D0001324083F831200AE000BF08E000BF06E000BF04E000BF02E000BF00E000BF07F10803184629F037F907F119
S32D00013268D803184629F032F907F5D473184629F02DF907F51E7318462AF058F807F5247318462AF053F800BF70
S32D0001329007F54B77BD4690BD0000DC4200001041000020C1CDCCCC3E00007A450000C8420000E0C080B483B03E
S32D000132B800AF78607B6893F8313018460C37BD4680BC704780B483B000AF78607B68012283F8312000BF0C3738
S32D000132E0BD4680BC704780B582B000AF786039603B683433194678682AF064FB78680837BD4680BD80B582B0BA
S32D0001330800AF7860084A7B681A607B68343318462AF00CF87B681846FDF734FD7B6818460837BD4680BD00BFB5
S32D00013330A05C060080B582B000AF78607868FFF7E1FF4C2178680CF0BFFB7B6818460837BD4680BD90B587B089
S32D0001335800AFF860B9607A603B60FB681846FDF7FDFC1A4AFB681A60FB68BA68DA61FB683A681A62FB687A683C
S32D000133805A62FB6803F1340407F1140318460CF06DFC07F114031A460F4920462AF058FB07F1140318460CF0FE
S32D000133A863FC09F04BF8034618463FF069F80246FB689A62FB68002283F83120FB680022DA62FB6818461C3757
S32D000133D0BD4690BD5C5D0600DC5C060080B582B000AF78607B68DB69184603F0A7FF09F029F8034618463FF085
S32D000133F847F802467B689A627B680022DA627B68D869084B4FF000024FF0000103F088F87B68DB69184603F01C
S32D000134208DFF00BF0837BD4680BD00BF000034C290B5ADF5517D00AF07F55073A3F54F73186007F55073A3F5B2
S32D000134484F731B68DA6A07F52B7311461846FDF7ECFD07F5257307F52B72DE491846FDF7ECFC07F52B7318461A
S32D0001347029F060FF07F5257318462AF07FFA014600230022D6480AF0FFFB08F0DBFF034618463EF0F9FF0246AB
S32D0001349807F55073A3F54F731B689B6A194610463EF03CFF0346C7F83C3307F53773D7F83C131846FDF714FCA9
S32D000134C007F5317307F53772C6491846FDF7B9FC07F51F7307F53171C34A1846FDF7C9FC07F53173184629F01B
S32D000134E825FF07F53773184629F020FF07F51F7318462AF03FFA01461E230022B6480AF0BFFB07F5D673184617
S32D0001351029F030FB07F5D6730833B449184628F071FD0346B249184628F0A4FB04460220FDF7A7FB03461946E4
S32D00013538204628F025FC044607F55073A3F54F731B68DB69184602F0C5FF03461B681946204628F017FE034680
S32D00013560A449184628F04EFD0346A149184628F081FB04460220FDF784FB03461946204628F002FC044607F520
S32D000135885073A3F54F731B68DB69184602F0A2FF034604331B681946204628F0F3FD03469249184628F02AFDAE
S32D000135B003468F49184628F05DFB04460220FDF760FB03461946204628F0DEFB044607F55073A3F54F731B685D
S32D000135D8DB69184602F07EFF034608331B681946204628F0CFFD03468149184628F006FD07F53D7307F5D67287
S32D000136001146184629F01EFB07F53D713C23002273480AF05CFB07F53D73184629F08AFE07F1DC03184629F084
S32D00013628A5FA07F1DC0308337249184628F0E6FC03466D49184628F019FB04460220FDF71CFB034619462046A1
S32D0001365028F09AFB044607F55073A3F54F731B68DB69184602F047FF03461B681946204628F08CFD03465F49BB
S32D00013678184628F0C3FC03465B49184628F0F6FA04460220FDF7F9FA03461946204628F077FB044607F55073A7
S32D000136A0A3F54F731B68DB69184602F024FF034604331B681946204628F068FD03464D49184628F09FFC0346E9
S32D000136C84949184628F0D2FA04460220FDF7D5FA03461946204628F053FB044607F55073A3F54F731B68DB6932
S32D000136F0184602F000FF034608331B681946204628F044FD03463C49184628F07BFC07F5437307F1DC0211469D
S32D00013718184629F093FA07F543714B2300222E480AF0D1FA07F54373184629F0FFFD07F10C03184629F01AFA4C
S32D0001374007F10C0308332E49184628F05BFC03462749184628F08EFA04460220FDF791FA03461946204628F00C
S32D000137680FFB044607F55073A3F54F731B68DB69184602F0C8FE03461B681946204628F001FD03461949184638
S32D0001379028F038FC03461649184628F06BFA04460220FDF76EFA03461946204628F0ECFA044607F55073A3F5C6
S32D000137B84F731B68DB69184602F0A5FE034604331B681946204628F0DDFC03460749184614E000BFE85C0600B9
S32D000137E0D41A0020F85C0600045D0600085D0600650C0100105D0600145D0600185D0600205D060028F0FEFB15
S32D000138080346BC49184628F031FA04460220FDF734FA03461946204628F0B2FA044607F55073A3F54F731B685C
S32D00013830DB69184602F06BFE034608331B681946204628F0A3FC0346AD49184628F0DAFB07F5497307F10C02A1
S32D000138581146184629F0F2F907F549715A230022A6480AF030FA07F54973184629F05EFD07F55073A3F54F737E
S32D000138801B68DB6A0A2B00F21A8401A252F823F0BD38010089390100293A0100253B0100A33B0100593C010099
S32D000138A8133D0100F93D0100F53E0100713F01000540010007F55073A3F54F731B685B6A8F49184609F050FD61
S32D000138D007F55073A3F54F731B68D8694FF07C534FF000024FF0000102F0E8FB07F55073A3F54F731B68DB69A8
S32D000138F8184602F001FC07F55073A3F54F731B689B6A80491846FDF707FA0346002B00F0E48307F55073A3F575
S32D000139204F731B68D8694FF000034FF000024FF0000102F0F9FD07F55073A3F54F731B68D8694FF000034FF0E9
S32D0001394800024FF0000102F0B5FB08F077FD034618463EF095FD024607F55073A3F54F731B689A6207F55073FA
S32D00013970A3F54F731B68DB6A5A1C07F55073A3F54F731B68DA62ACE307F55073A3F54F731B68D8694FF000030A
S32D000139984FF000025C4902F0EAFD07F55073A3F54F731B68DB69184602F0EAFF07F55073A3F54F731B68DB6948
S32D000139C0184603F0F2FC0346002B0CD107F55073A3F54F731B689B6A4E491846FDF7A0F90346002B01D00123BC
S32D000139E800E00023002B00F07A8308F027FD034618463EF045FD024607F55073A3F54F731B689A6207F55073C3
S32D00013A10A3F54F731B68DB6A5A1C07F55073A3F54F731B68DA625EE307F55073A3F54F731B68D8694FF00003B7
S32D00013A38374A4FF0404102F09AFD07F55073A3F54F731B68DB693349184603F01FF907F55073A3F54F731B6834
S32D00013A60DB69184603F0A1FC0346002B0CD107F55073A3F54F731B689B6A29491846FDF74FF90346002B01D0C2
S32D00013A88012300E00023002B00F02B8307F55073A3F54F731B68DC6907F55073A3F54F731B68DB69184602F00E
S32D00013AB015FD034619684FF000034FF00002204602F032FD08F0BEFC034618463EF0DCFC024607F55073A3F503
S32D00013AD84F731B689A6207F55073A3F54F731B68DB6A5A1C07F55073A3F54F731B68DA62F7E200BF650C010045
S32D00013B00145D0600D41A0020000034430000FA43000040C000007A450000A0C09A99193F00007A4407F5507336
S32D00013B28A3F54F731B68D8694FF000034FF07E524FF0404102F01BFD07F55073A3F54F731B68DB69184602F005
S32D00013B501BFF07F55073A3F54F731B68DB69184603F023FC0346002B00F0C18208F06AFC034618463EF088FC7E
S32D00013B78024607F55073A3F54F731B689A6207F55073A3F54F731B68DB6A5A1C07F55073A3F54F731B68DA620F
S32D00013BA0A5E207F55073A3F54F731B68D8694FF03F434FF000024FF0000102F07FFA07F55073A3F54F731B6849
S32D00013BC8DB69184602F098FA07F55073A3F54F731B689B6ABA491846FDF79EF80346002B00F0838207F55073F4
S32D00013BF0A3F54F731B68D8694FF000034FF000024FF0000102F05AFA07F55073A3F54F731B68D869AD4B4FF06B
S32D00013C187E524FF0404102F083FC08F00FFC034618463EF02DFC024607F55073A3F54F731B689A6207F55073DC
S32D00013C40A3F54F731B68DB6A5A1C07F55073A3F54F731B68DA624CE207F55073A3F54F731B68D869994B9A4A12
S32D00013C689A4902F084FC07F55073A3F54F731B68DB699549184603F009F807F55073A3F54F731B68DB6918468A
S32D00013C9003F08BFB0346002B0CD107F55073A3F54F731B689B6A8C491846FDF739F80346002B01D0012300E0F9
S32D00013CB80023002B00F01B8207F55073A3F54F731B68D8694FF000034FF000024FF0000102F0F0F908F0B2FBE2
S32D00013CE0034618463EF0D0FB024607F55073A3F54F731B689A6207F55073A3F54F731B68DB6A5A1C07F550731F
S32D00013D08A3F54F731B68DA62F1E107F55073A3F54F731B68D8696B4B4FF000026D4902F026FC07F55073A3F5AC
S32D00013D304F731B68DB696649184602F0ABFF07F55073A3F54F731B68DB69184603F02DFB0346002B0CD107F58C
S32D00013D585073A3F54F731B689B6A5F491846FCF7DBFF0346002B01D0012300E00023002B00F0BF8107F550733E
S32D00013D80A3F54F731B68D8694FF000034FF000024FF0000102F092F907F55073A3F54F731B68D869494B4FF006
S32D00013DA800024E4902F0BCFB07F55073A3F54F731B68DB69184602F013FB08F03FFB034618463EF05DFB0246C5
S32D00013DD007F55073A3F54F731B689A6207F55073A3F54F731B68DB6A5A1C07F55073A3F54F731B68DA6280E19C
S32D00013DF807F55073A3F54F731B68D869314B4FF00002374902F0B3FB07F55073A3F54F731B68DB693349184628
S32D00013E2002F038FF07F55073A3F54F731B68DB69184603F0BAFA0346002B0CD107F55073A3F54F731B689B6A73
S32D00013E4829491846FCF768FF0346002B01D0012300E00023002B00F04E8107F55073A3F54F731B68D8694FF0AF
S32D00013E7000034FF000024FF0000102F01FF907F55073A3F54F731B68DB69184602F0ACFA08F0D8FA034618464E
S32D00013E983EF0F6FA024607F55073A3F54F731B689A6207F55073A3F54F731B68DB6A5A1C07F55073A3F54F738D
S32D00013EC01B68DA621BE100BF00C0DA44000016C39A99993E000040C000007A440000E0C000401C450000C0C019
S32D00013EE89A99B9C0CDCC4C3E0000FA4307F55073A3F54F731B681B6A9149184604F054F907F55073A3F54F73EC
S32D00013F101B689B6A8D491846FCF702FF0346002B00F0EF8008F08EFA034618463EF0ACFA024607F55073A3F565
S32D00013F384F731B689A6207F55073A3F54F731B68DB6A5A1C07F55073A3F54F731B68DA6207F55073A3F54F73D1
S32D00013F601B681B6A4FF00001184604F021F9C8E007F55073A3F54F731B681B6A7449184604F016F907F55073D8
S32D00013F88A3F54F731B689B6A6E491846FCF7C4FE0346002B00F0B38008F050FA034618463EF06EFA024607F504
S32D00013FB05073A3F54F731B689A6207F55073A3F54F731B68DB6A5A1C07F55073A3F54F731B68DA6207F5507358
S32D00013FD8A3F54F731B681B6A4FF00001184604F0E3F807F55073A3F54F731B68D869574B4FF00002564902F09A
S32D0001400093FA80E007F55073A3F54F731B68D869504B4FF00002514902F0ADFA07F55073A3F54F731B68DB69D8
S32D000140284D49184602F032FE07F55073A3F54F731B68DB69184603F0B4F90346002B0CD107F55073A3F54F730B
S32D000140501B689B6A43491846FCF762FE0346002B01D0012300E00023002B4ED007F55073A3F54F731B68D869EA
S32D000140784FF000034FF000024FF0000102F01AF808F0DCF9034618463EF0FAF9024607F55073A3F54F731B68D9
S32D000140A09A6207F55073A3F54F731B68DB6A5A1C07F55073A3F54F731B68DA6225E007F55073A3F54F731B6825
S32D000140C8DB69184602F08CF907F55073A3F54F731B68012283F8312014E000BF12E000BF10E000BF0EE000BF65
S32D000140F00CE000BF0AE000BF08E000BF06E000BF04E000BF02E000BF00E000BF07F10C03184628F0DFF907F1D1
S32D00014118DC03184628F0DAF907F5D673184628F0D5F907F51F73184629F000F907F52573184629F0FBF800BF0C
S32D0001414007F55177BD4690BD0000C8420000E1440000C8C2000016C30000C0C0000040C0CDCCCC3E00007A45C8
S32D0001416880B483B000AF78607B6893F8313018460C37BD4680BC704780B483B000AF78607B68012283F8312014
S32D0001419000BF0C37BD4680BC704780B582B000AF786039603B6834331946786829F00AFC78680837BD4680BDBA
S32D000141B880B582B000AF7860084A7B681A607B683433184629F0B2F87B681846FCF7DAFD7B6818460837BD4642
S32D000141E080BD00BF5C5D060080B582B000AF78607868FFF7E1FF4C2178680BF065FC7B6818460837BD4680BDE8
S32D0001420890B587B000AFF860B9603A71FB681846FCF7A4FD184AFB681A60FB68BA68DA61FB683A1D1A62FB6853
S32D0001423003F1300407F1140318460BF017FD07F114031A460F49204629F002FC07F1140318460BF00DFD08F00D
S32D00014258F5F8034618463EF013F90246FB685A62FB68002283F82F20FB6800229A62FB6818461C37BD4690BDCE
S32D00014280145E0600945D060080B582B000AF786008F0D8F8034618463EF0F6F802467B685A627B6800229A623F
S32D000142A87B68D8690D4B4FF000024FF0000102F037F97B68DB69184603F03CF87B68002283F82F207B68002248
S32D000142D083F82D207B68002283F82E2000BF0837BD4680BD0000B4C290B5ADF54F7D00AF07F54E73A3F54D73FE
S32D000142F8186007F54E73A3F54D731B689B6A1A46DF4BD41807F52B7318460BF0ABFC07F52B7207F525732146DE
S32D00014320184629F095FB07F52B7318460BF0A0FC07F52573184629F021FB014600230022D24809F0A1FC08F07D
S32D000143487DF8034618463EF09BF8024607F54E73A3F54D731B685B6A194610463DF0DEFF0346C7F8343307F59A
S32D000143703273D7F834131846FCF7B6FC07F52C7307F53272C2491846FCF75BFD07F51F7307F52C71BF4A1846E3
S32D00014398FCF76BFD07F52C73184628F0C7FF07F53273184628F0C2FF07F51F73184629F0E1FA01461E23002262
S32D000143C0B24809F061FC07F5D673184628F0D2FB07F5D6730833B049184627F013FE0346AE49184627F046FC00
S32D000143E804460220FCF749FC03461946204627F0C7FC044607F54E73A3F54D731B68DB69184602F067F80346FC
S32D000144101B681946204627F0B9FE0346A049184627F0F0FD03469D49184627F023FC04460220FCF726FC034646
S32D000144381946204627F0A4FC044607F54E73A3F54D731B68DB69184602F044F8034604331B681946204627F048
S32D0001446095FE03468E49184627F0CCFD03468B49184627F0FFFB04460220FCF702FC03461946204627F080FCB2
S32D00014488044607F54E73A3F54D731B68DB69184602F020F8034608331B681946204627F071FE03467D491846B8
S32D000144B027F0A8FD07F5387307F5D6721146184628F0C0FB07F538713C2300226F4809F0FEFB07F538731846DA
S32D000144D828F02CFF07F1DC03184628F047FB07F1DC0308336E49184627F088FD03466949184627F0BBFB0446B0
S32D000145000220FCF7BEFB03461946204627F03CFC044607F54E73A3F54D731B68DB69184601F0E9FF03461B6838
S32D000145281946204627F02EFE03465B49184627F065FD03465749184627F098FB04460220FCF79BFB034619460A
S32D00014550204627F019FC044607F54E73A3F54D731B68DB69184601F0C6FF034604331B681946204627F00AFE89
S32D0001457803464949184627F041FD03464549184627F074FB04460220FCF777FB03461946204627F0F5FB04469B
S32D000145A007F54E73A3F54D731B68DB69184601F0A2FF034608331B681946204627F0E6FD03463849184627F01B
S32D000145C81DFD07F53E7307F1DC021146184628F035FB07F53E714B2300222A4809F073FB07F53E73184628F0F3
S32D000145F0A1FE07F10C03184628F0BCFA07F10C0308332A49184627F0FDFC03462349184627F030FB04460220E6
S32D00014618FCF733FB03461946204627F0B1FB044607F54E73A3F54D731B68DB69184601F06AFF03461B68194678
S32D00014640204627F0A3FD03461549184627F0DAFC03461249184627F00DFB04460220FCF710FB034619462046A3
S32D0001466827F08EFB044607F54E73A3F54D731B68DB69184601F047FF0346043314E000BF9C5D0600D41A002088
S32D00014690B05D0600BC5D0600C05D0600650C0100C85D0600CC5D0600D05D0600D85D06001B681946204627F00D
S32D000146B869FD0346BD49184627F0A0FC0346BC49184627F0D3FA04460220FCF7D6FA03461946204627F054FBDA
S32D000146E0044607F54E73A3F54D731B68DB69184601F00DFF034608331B681946204627F045FD0346AD49184668
S32D0001470827F07CFC07F5447307F10C021146184628F094FA07F544715A230022A64809F0D2FA07F544731846CB
S32D0001473028F000FE4FF07E53C7F83033A14BC7F82C33A14BC7F8283307F54E73A3F54D731B689B6A022B00F048
S32D000147580B81022B00F39281002B02D0012B4FD08CE107F54E73A3F54D731B68D869954B954A964901F0FBFE5D
S32D0001478007F54E73A3F54D731B68DB699249184602F080FA07F54E73A3F54D731B68DB69184602F002FE034614
S32D000147A8002B0CD107F54E73A3F54D731B685B6A88491846FCF7B0FA0346002B01D0012300E00023002B00F02A
S32D000147D06B8107F037FE034618463DF055FE024607F54E73A3F54D731B685A6207F54E73A3F54D731B689B6A42
S32D000147F85A1C07F54E73A3F54D731B689A624FE107F54E73A3F54D731B681B6A184608F073FA034601221446B2
S32D000148201946D7F82C033EF025F80346002B01D100231C46E3B2002B1DD007F54E73A3F54D731B68012283F813
S32D000148482E2007F54E73A3F54D731B68012283F82D2007F0F3FD034618463DF011FE024607F54E73A3F54D7349
S32D000148701B685A6245E007F54E73A3F54D731B681B6A184608F03CFA03461946D7F828033DF0F0FF0346002BDA
S32D0001489813D007F54E73A3F54D731B681B6A184608F02AFA03461946D7F82C033DF0FCFF0346002B01D0012340
S32D000148C000E00023002B1CD007F54E73A3F54D731B68002283F82E2007F54E73A3F54D731B68012283F82D20A9
S32D000148E807F0ACFD034618463DF0CAFD024607F54E73A3F54D731B685A6207F54E73A3F54D731B6893F82D304A
S32D00014910002B0CD107F54E73A3F54D731B685B6A2F491846FCF7FCF90346002B01D0012300E00023002B00F0CE
S32D00014938B98007F083FD034618463DF0A1FD024607F54E73A3F54D731B685A6207F54E73A3F54D731B689B6AF5
S32D000149605A1C07F54E73A3F54D731B689A629DE007F54E73A3F54D731B6893F82E30002B30D007F54E73A3F5A0
S32D000149884D731B68D8690F4B4FF000024FF0414101F0EDFD07F54E73A3F54D731B68DB690B49184602F072F95A
S32D000149B02FE000BFC85D0600650C0100CC5D0600D41A00209A993940666626400000B4C2000080BF0000C0C01D
S32D000149D8CDCCCC3E0000FA440080BB4407F54E73A3F54D731B68D8693F4B4FF040424FF0414101F0BCFD07F5C5
S32D00014A004E73A3F54D731B68DB693A49184602F041F907F54E73A3F54D731B68DB69184602F0C3FC0346002B3B
S32D00014A280CD107F54E73A3F54D731B685B6A30491846FCF771F90346002B01D0012300E00023002B30D007F063
S32D00014A50F9FC034618463DF017FD024607F54E73A3F54D731B685A6207F54E73A3F54D731B689B6A5A1C07F5AF
S32D00014A784E73A3F54D731B689A6215E007F54E73A3F54D731B68DB69184601F0A9FC07F54E73A3F54D731B681A
S32D00014AA0012283F82F2004E000BF02E000BF00E000BF07F10C03184627F00CFD07F1DC03184627F007FD07F546
S32D00014AC8D673184627F002FD07F51F73184628F02DFC07F52573184628F028FC00BF07F54F77BD4690BD00BF17
S32D00014AF00000B4C2CDCCCC3E00007A4480B483B000AF78607B6893F82F3018460C37BD4680BC704780B483B007
S32D00014B1800AF78607B68012283F82F2000BF0C37BD4680BC704780B582B000AF786039603B6830331946786853
S32D00014B4028F040FF78680837BD4680BD80B582B000AF7860084A7B681A607B683033184628F0E8FB7B68184613
S32D00014B68FCF710F97B6818460837BD4680BD00BF145E060080B582B000AF78607868FFF7E1FF482178680AF044
S32D00014B909BFF7B6818460837BD4680BD80B483B000AF786039603B6818460C37BD4680BC704780B582B000AFC5
S32D00014BB878607B68184600F0CCF87B6818460837BD4680BD80B582B000AF78607B681846FFF7EBFF7B681846F1
S32D00014BE00837BD4680BD000080B582B000AF78607B680833184628F06BFB7B6820331846FFF7E4FF7B680022CD
S32D00014C085A607B6808330749184628F06BFD7B6800221A707B6800225A707B6818460837BD4680BD485E0600AD
S32D00014C3090B583B000AF786039607B6803F12004386800F09AF803461946204600F09FF800BF0C37BD4690BDB9
S32D00014C5890B58BB000AF78607B682033184600F0A3F878627B685B687A6A9A4256D97B6803F120027B685B68F9
S32D00014C801946104600F0A3F838627B6803F10804386A00F0ABF803461A681032126807F108001946904707F15E
S32D00014CA808031946204628F053FB07F10803184628F03CFB386A00F095F803461A6808321268184690470346DB
S32D00014CD083F00103DBB2002B1BD07B685B7883F00103DBB2002B0AD0386A00F07FF803461A6812681846904759
S32D00014CF87B6801225A70386A00F074F803461A68043212681846904711E07B685B685A1C7B685A607B68002260
S32D00014D205A7008E07B6801221A707B6808330449184628F0DBFC00BF2C37BD4690BD00BF485E060080B483B026
S32D00014D4800AF78607B681B7818460C37BD4680BC704780B582B000AF7860786800F04EF87B68184600F056F825
S32D00014D707B6818460837BD4680BD80B483B000AF78607B6818460C37BD4680BC704780B582B000AF7860396065
S32D00014D983868FFF7EEFF03461946786800F078F800BF0837BD4680BD80B483B000AF78607B685A687B681B684A
S32D00014DC0D31A9B1018460C37BD4680BC704780B483B000AF786039607B681A683B689B00134418460C37BD4670
S32D00014DE880BC704780B582B000AF7860786800F07DF8034618460837BD4680BD80B582B000AF7860786800F092
S32D00014E107EF87B6818460837BD4680BD80B483B000AF78607B6800221A607B6800225A607B6800229A607B682F
S32D00014E3818460C37BD4680BC704780B584B000AFF860B9607A60BB68002B05D0FB687A68B968184600F061F821
S32D00014E6000BF1037BD4680BD80B483B000AF78607B6818460C37BD4680BC704780B584B000AFF860B9607A6012
S32D00014E88B968F86800F058F800BF1037BD4680BDB0B582B000AF786039607B685A687B689B689A4211D07C6811
S32D00014EB07B685D68386800F050F803461A462946204600F054F87B685B681A1D7B685A600CE0786800F05EF80D
S32D00014ED80446386800F03DF803461A462146786800F07AF800BF0837BD46B0BD80B582B000AF78607B681846AD
S32D00014F0000F02AF9034618460837BD4680BD80B483B000AF78607B6818460C37BD4680BC704780B584B000AFC9
S32D00014F28F860B9607A607A68B968F86800F01EF900BF1037BD4680BD80B582B000AF786039603968786800F067
S32D00014F5021F900BF0837BD4680BD80B483B000AF78607B6818460C37BD4680BC704780B584B000AFF860B960E9
S32D00014F787A607868FFF7EDFF03461A46B968F86800F03CF900BF1037BD4680BD80B584B000AF78607B681A1DCF
S32D00014FA007F10C031146184600F044F9FB6818461037BD4680BD80B582B000AF184600F005F80346184608376A
S32D00014FC8BD4680BD80B483B000AF3871012318460C37BD4680BC7047B0B58CB000AFF860B9607A60594A0121A0
S32D00014FF0F86800F02EF9B862FB681B687B62FB685B683B62F86800F06BF903467B6107F1140207F1080311463A
S32D00015018184600F071F90346FB61FB68B96A184600F07FF9B861BB69FB62FC68FB699B00BA69D5187868FFF7DD
S32D000150408CFF03461A4629462046FFF790FF0023FB62FFF7B0FF0346002B27D007F10803184600F08AF9034606
S32D000150681C68FB681846FFF7FBFE0346BA692146786A00F06AF9F862FB6A0433FB6207F10803184600F075F9CB
S32D0001509003461C68FB681846FFF7E6FE0346FA6A396A204600F055F9F86226E007F10803184600F062F9034640
S32D000150B81C68FB681846FFF7D3FE0346BA692146786A00F060F9F862FB6A0433FB6207F10803184600F04DF9D5
S32D000150E003461C68FB681846FFF7BEFE0346FA6A396A204600F04BF9F862FFF75CFF034683F00103DBB2002B54
S32D0001510809D0FB681846FFF7ABFE03461A46396A786AFFF7AFFEF868FB689A687B6AD31A9B101A46796AFFF7F3
S32D0001513088FEFB68BA691A60FB68FA6A5A60BB6A9B00BA691A44FB689A6000BF3037BD46B0BD00BF505E0600A2
S32D0001515880B582B000AF78607B68184600F039F903461B6818460837BD4680BD80B584B000AFF860B9607A60CB
S32D000151807B689B001946B8680AF09EFC00BF1037BD4680BD80B582B000AF786039607A683B689A420AD0786887
S32D000151A800F024F90346184600F02AF97B6804337B60F0E700BF0837BD4680BD80B582B000AF786039607B689D
S32D000151D03A681146184600F032F97B6818460837BD4680BD80B582B000AF786039607B683A6811461846FFF7C7
S32D000151F8E5FF7B6818460837BD4680BD90B585B000AFF860B9607A607868FFF7A2FE0446BB6819460420FFF714
S32D00015220BDFC034621461846FFF7DCFF00BF1437BD4690BD80B483B000AF786039603B681A687B681A607B6881
S32D0001524818460C37BD4680BC704790B587B000AFF860B9607A60F86800F007F90446F868FFF7A2FD0346E21A56
S32D00015270BB689A4234BF01230023DBB2002B02D078681CF0F3FDF868FFF792FD0446F868FFF78EFD03463B617B
S32D0001529807F1080207F110031146184600F0F6F803461B6823447B61F868FFF77DFD02467B69934206D3F8682E
S32D000152C000F0D7F802467B69934204D9F86800F0D0F8034600E07B6918461C37BD4690BD80B584B000AF78600C
S32D000152E87A6807F10C0311461846FFF79FFFFB6818461037BD4680BD90B583B000AF78603960786800F035F888
S32D0001531003461C68386800F030F803461B68E31A9B1018460C37BD4690BD80B582B000AF786039603B68002B2F
S32D0001533806D07B683968184600F0BBF8034600E0002318460837BD4680BD90B587B002AFF860B9607A603B60AF
S32D000153608DF800403B687A68B968F86800F0B4F8034618461437BD4690BD80B483B000AF78607B6818460C3703
S32D00015388BD4680BC704790B585B000AFF860B9607A603B60F86800F0ADF80446B86800F0A9F801463B687A6835
S32D000153B0204600F0B2F8034618461437BD4690BD80B582B000AF786039603968786800F0B5F800BF0837BD46E6
S32D000153D880BD80B582B000AF78607B68184600F0B5F8034618460837BD4680BD80B483B000AF78607B68184648
S32D000154000C37BD4680BC704780B582B000AF78607868F9F7E8FA00BF0837BD4680BD80B582B000AF78603960DF
S32D000154287B683A681146184600F0A6F87B6818460837BD4680BD90B583B000AF786039607C683B68184600F060
S32D000154508DF8034619462046FFF7E1FF3868F9F737FD034600221A607B6818460C37BD4690BD80B582B000AF31
S32D0001547878607B68184600F0BCF80346184600F09EF8034618460837BD4680BD80B483B000AF786039607B688B
S32D000154A01A683B681B689A4201D23B6800E07B6818460C37BD4680BC704780B582B000AF78603960002239683F
S32D000154C8786800F0A0F8034618460837BD4680BD80B584B000AFF860B9607A603B603B687A68B968F86800F033
S32D000154F0ACF8034618461037BD4680BD80B584B000AF786007F10C037968184600F0BAF8FB6818461037BD46D8
S32D0001551880BD80B584B000AFF860B9607A603B607A68B968F86800F0BBF8034618461037BD4680BD80B582B08E
S32D0001554000AF786039603868F9F74DFA00BF0837BD4680BD80B582B000AF7860786800F0B5F8034618460837B6
S32D00015568BD4680BD80B483B000AF78607B6818460C37BD4680BC704790B583B000AF78603960386800F0ABF8A1
S32D000155900346184600F0B1F803461946786800F0C0F87C683868F9F76AFF0346184600F0AEF803461946204654
S32D000155B800F0C9F87B6818460C37BD4690BD80B584B000AF78606FF06043FB60786800F0CBF80346BB6007F103
S32D000155E0080207F10C031146184600F0CDF803461B6818461037BD4680BD80B483B000AF78607B6818460C37FE
S32D00015608BD4680BC704780B584B000AFF860B9607A60F86800F0C7F80246BB6893428CBF01230023DBB2002B81
S32D0001563001D01CF0E3FBBB689B0018460AF046FA034618461037BD4680BDB0B584B000AFF860B9607A603B60DE
S32D00015658F86800F0B3F80446B86800F0AFF80546786800F0ABF802463B682946204600F0AFF803461846103724
S32D00015680BD46B0BD80B582B000AF786039603B46184600F0C7F803461A687B681A607B6818460837BD4680BD8E
S32D000156A880B586B000AFF860B9607A600123FB757A68B968F86800F0BBF8034618461837BD4680BD80B582B037
S32D000156D000AF78607B68184600F0DDF8034618460837BD4680BD80B483B000AF78607B6818460C37BD4680BC47
S32D000156F8704780B483B000AF78607B6818460C37BD4680BC704780B483B000AF78607B6818460C37BD4680BCB3
S32D00015720704780B582B000AF786039603868FAF79DF80346184600F0B8F803461946786800F0BDF87B68184641
S32D000157480837BD4680BD80B582B000AF786039603868FFF7D8FF03461A687B681A607B6818460837BD4680BDD7
S32D0001577080B582B000AF7860786800F0ADF8034618460837BD4680BD80B483B000AF786039603B681A687B68F2
S32D000157981B689A4201D23B6800E07B6818460C37BD4680BC704780B483B000AF78606FF0604318460C37BD461F
S32D000157C080BC704780B483B000AF78607B6818460C37BD4680BC704790B587B000AFF860B9607A603B607B686B
S32D000157E87B61FA68BB689A4213D07869FFF7FEFD0446F868FFF7FAFD03463A681946204600F072F8FB68043365
S32D00015810FB607B6904337B61E7E77B6918461C37BD4690BD80B483B000AF78607B6818460C37BD4680BC7047FC
S32D0001583890B587B000AFF860B9607A607B687B6107F1080207F10C031146184600F067F80346002B16D07869C4
S32D00015860FFF7C8FD044607F10C03184600F07BF803461946204600F081F807F10C03184600F062F87B6904330B
S32D000158887B61DDE77B6918461C37BD4690BD80B483B000AF78607B6818460C37BD4680BC704780B483B000AFEE
S32D000158B078607B6818460C37BD4680BC704780B582B000AF786039603868FFF7EEFF7B6818460837BD4680BDAD
S32D000158D880B582B000AF78607868FFF764FF034618460837BD4680BD80B584B000AFF860B9607A60B868FFF7DB
S32D000159003CFA03461A46F9687868FFF730FBB868FFF770FD034619467868FFF751FD00BF1037BD4680BD80B56D
S32D0001592882B000AF786039603968786800F039F8034683F00103DBB218460837BD4680BD80B483B000AF786044
S32D000159507B681B681A1D7B681A607B6818460C37BD4680BC704780B483B000AF78607B681B6818460C37BD46BC
S32D0001597880BC704790B583B000AF786039603868FFF7E7FA04467B6819460420FFF702F9034621461846FFF759
S32D000159A021FC00BF0C37BD4690BD90B583B000AF78603960786800F00EF80446386800F00AF803469C420CBF2D
S32D000159C801230023DBB218460C37BD4690BD80B483B000AF78607B681B6818460C37BD4680BC704780B582B099
S32D000159F000AF78603960396878683AF0EDFD034618460837BD4680BD80B582B000AF786078683AF04FFD034620
S32D00015A1818460837BD4680BD80B483B000AF78607B6823F0004318460C37BD4680BC704780B582B000AF7860D6
S32D00015A4078683AF069FD034618460837BD4680BD80B582B000AF786078683AF0BFFD034618460837BD4680BDC7
S32D00015A6880B582B000AF786078683CF0A1F802460B46104619463AF083FD02460B46104619460837BD4680BDB7
S32D00015A9090B583B000AF786039607B681A683B681B68194610463CF047FD03461C467B6804331A683B6804337E
S32D00015AB81B68194610463CF03BFD0346194620463CF02EFC034618460C37BD4690BD90B583B000AF78607B68A3
S32D00015AE01A687B681B68194610463CF025FD03461C467B6804331A687B6804331B68194610463CF019FD034688
S32D00015B08194620463CF00CFC03461846FFF79CFF034618460C37BD4690BD80B584B000AF786039607868FFF7A4
S32D00015B30D2FFF8604FF00001F8683CF091FE0346002B02D04FF0000309E079683868FFF79FFF0346F968184634
S32D00015B583CF0A2FD034618461037BD4680BD000080B582B000AF7860044978683CF0E0FC034618460837BD4619
S32D00015B8080BD00BF35FA8E3C80B582B000AF7860084611461A460346FB700B46BB7013467B707868BA78F97817
S32D00015BA8FB6901F023FC7B68D44A03F6680307CA83E807007B6803F678003A7C7978FB6901F014FC7B6803F577
S32D00015BD08053CC4AE03307CA83E807007B6803F5875010303A7E397DFB6901F003FC7B6803F58053C34A03F6FF
S32D00015BF8581307CA83E807007B6803F580531A464FF07E53C2F864397B6803F580531A464FF00003C2F86839B0
S32D00015C207B6803F58053B84A03F66C1392E8030083E803007B6803F58053B44A03F6741392E8030083E803002B
S32D00015C487B6803F58053D3F868297B6803F58053D3F8643919461046FFF7C4FE02467B6803F58053C3F87C294A
S32D00015C707B6803F58053D3F870297B6803F58053D3F86C3919461046FFF7B0FE02467B6803F58053C3F8802922
S32D00015C987B6803F58053D3F878297B6803F58053D3F8743919461046FFF79CFE02467B6803F58053C3F88429FA
S32D00015CC07B6803F580531A464FF00003C2F888397B6803F580531A464FF00003C2F88C397B6803F580531A460D
S32D00015CE84FF00003C2F890397B6803F580531A464FF00003C2F894397B6803F580531A464FF00003C2F8983916
S32D00015D107B6803F580531A464FF00003C2F89C397B6803F580531A464FF00003C2F8A0397B6803F580531A4694
S32D00015D384FF00003C2F8A4397B6803F580531A464FF00003C2F8A8397B6803F580531A464FF00003C2F8AC3989
S32D00015D607B6803F580531A464FF00003C2F8B0397B6803F580531A464FF00003C2F8B4397B6803F580531A461C
S32D00015D884FF00003C2F8B8397B6803F580531A464FF00003C2F8BC397B6803F580531A464FF00003C2F8C039FD
S32D00015DB07B6803F58053002283F8CA297B6803F58053012283F8CB297B6803F58053022283F8CC297B6803F529
S32D00015DD880531A464FF00003C2F8D0397B6803F580531A464FF00003C2F8D4397B6803F580531A464FF00003FD
S32D00015E00C2F8D8397B6803F580531A46404BC2F8E0397B6803F580531A464FF07E53C2F8E4397B6803F5805399
S32D00015E281A463A4BC2F8E8397B6803F580531A46374BC2F8EC397B6803F580531A46354BC2F8F0397B6803F5D0
S32D00015E5080531A464FF00003C2F8F8397B6803F580531A464FF00003C2F8FC397B6803F580531A464FF0000334
S32D00015E78C2F8003A7B6803F580531A464FF07E53C2F8083A7B6803F580531A464FF07C53C2F80C3A7B6803F5F6
S32D00015EA080531A461D4BC2F8103A7B6803F580531A464FF07E53C2F8143A7B6803F580531A464FF00003C2F804
S32D00015EC8183A7B6803F580531A46134BC2F81C3A7B6803F580531A464FF00003C2F8203A7B6803F580531A466B
S32D00015EF04FF00003C2F8243A7B6803F58053002210E000BF6C5E0600785E0600805E0600000010410000404148
S32D00015F18CDCC4C3FCDCCCC3DCDCC4C3E83F8282A7B6803F580531A464FF00003C2F82C3A7B6803F580531A4626
S32D00015F405C4BC2F8303A7B6803F580531A465A4BC2F8343A7B6803F580531A464FF00003C2F8443A7B6803F529
S32D00015F688053002283F8482A7B6803F580531A46FB7882F8C4397B6803F580531A467B7882F8C6397B6803F5DB
S32D00015F9080531A463B7D82F8C8397B6803F580531A46BB7882F8C5397B6803F580531A463B7C82F8C7397B68A1
S32D00015FB803F580531A463B7E82F8C9397B6803F580531A46FB69C2F8DC397B6803F58053002283F8F4297B68CE
S32D00015FE003F58053002283F8F5297B6803F58053002283F8F62906F025FA034618463CF043FA02467B6803F55A
S32D000160088053C3F8042A7B6803F580531A464FF00003C2F894397B6803F580531A464FF00003C2F898397B6818
S32D0001603003F580531A464FF00003C2F89C3978687B68D3F868187B68D3F86C287B68D3F8703801F085FC7B684A
S32D0001605803F678007B6803F58053D3F8E0107B6803F58053D3F8E4207B6803F58053D3F8E83001F071FC7B68F0
S32D0001608003F5875010307B6803F58053D3F858197B6803F58053D3F85C297B6803F58053D3F8603901F05CFC9F
S32D000160A87B6818460837BD4680BD00BF000096430AD7233C80B485B000AFF860B9607A603B60FB6803F5805305
S32D000160D01A46BB68C2F88839FB6803F580531A467B68C2F88C39FB6803F580531A463B68C2F8903900BF1437F5
S32D000160F8BD4680BC7047000090B58BB000AF7860786800F079FA7B6803F5CB5304337A6802F5CC520832114681
S32D000161201846FFF7FEFC78627B6803F5CB530C337A6802F5CC52083211461846FFF7F1FC38627B6803F5CB5394
S32D0001614814337A6802F5CC52083211461846FFF7E4FCF8617B6803F58053D3F89039BB617B6803F58053D3F8F5
S32D00016170EC3983F000417B6803F58053D3F8EC391A46B869FAF7F9FA02467B6803F58053C3F8182A7B6803F556
S32D000161988053D3F8183A1946786A3CF0C1F803467B627B6803F58053D3F8183A1946386A3CF0B6F803463B6210
S32D000161C07B6803F58053D3F8183A1946F8693CF0ABF80346FB61786AFFF722FC0346BB60386AFFF71DFC03465D
S32D000161E8FB60F869FFF718FC03463B6107F1100207F10C031146184601F0E1F8024607F108031146184601F05C
S32D00016210DAF803461B687B617B6803F58053D3F8E439194678693CF043FB0346002B2FD07B6803F58053D3F8B9
S32D00016238E439796918463CF02FFA03461946786A3CF076F903467B627B6803F58053D3F8E439796918463CF038
S32D000162601FFA03461946386A3CF066F903463B627B6803F58053D3F8E439796918463CF00FFA03461946F86927
S32D000162883CF056F90346FB617B6983F000437A691946786AFAF76DFA02467B6803F58053C3F8D0297B6983F0B0
S32D000162B000437A691946386AFAF75FFA02467B6803F58053C3F8D4297B6983F000437A691946F869FAF751FA27
S32D000162D802467B6803F58053C3F8D8297B6803F5805393F8F439002B41D07C687B6803F58053D3F8D0297B680A
S32D0001630003F58053D3F8E839194610463CF014F903461946204601F08BFA7B6803F678047B6803F58053D3F874
S32D00016328D4297B6803F58053D3F8E839194610463CF0FEF803461946204601F075FA7B6803F5875410347B688D
S32D0001635003F58053D3F8D8297B6803F58053D3F8E839194610463CF0E7F803461946204601F05EFA31E07C68E1
S32D000163787B6803F58053D3F8D039184918463CF0D7F803461946204601F0D9F87B6803F678047B6803F58053E4
S32D000163A0D3F8D4390F4918463CF0C6F803461946204601F0C8F87B6803F5875410347B6803F58053D3F8D83913
S32D000163C8064918463CF0B4F803461946204601F0B6F800BF2C37BD4690BD00BF0000C84280B582B000AF78604B
S32D000163F04FF000034FF000024FF000017868FFF75DFE7B68184601F0CAF87B6803F67803184601F0C4F87B6851
S32D0001641803F587531033184601F0BDF800BF0837BD4680BD80B582B000AF78607B68184601F0CFF80346184670
S32D000164400837BD4680BD80B582B000AF78607B6803F67803184601F0C0F8034618460837BD4680BD80B582B0D5
S32D0001646800AF78607B6803F587531033184601F0B0F8034618460837BD4680BD80B582B000AF78607B6818463A
S32D0001649001F0D8F8034618460837BD4680BD80B582B000AF78607B6803F67803184601F0C9F8034618460837BB
S32D000164B8BD4680BD80B582B000AF78607B6803F587531033184601F0B9F8034618460837BD4680BD80B483B002
S32D000164E000AF78607B6803F5CC53143318460C37BD4680BC704780B483B000AF78607B6803F5CD5318460C37A4
S32D00016508BD4680BC704780B483B000AF78607B6803F5CC53083318460C37BD4680BC704780B584B000AFF86044
S32D00016530B9607A603B60F86800F062F8FB6803F580531A46BB68C2F89439FB6803F580531A467B68C2F89839D0
S32D000165583B6883F00043FA6802F58052C2F89C39F86800F049F800BF1037BD4680BD80B485B000AFF860B960A1
S32D000165807A603B60FB6803F58053002283F8282AFB6803F58053D3F89439FA6802F58052C2F8AC39FB6803F56F
S32D000165A88053D3F89839FA6802F58052C2F8B039FB6803F58053D3F89C39FA6802F58052C2F8B439FB6803F58C
S32D000165D080531A46BB68C2F8A039FB6803F580531A467B68C2F8A439FB6803F580531A463B68C2F8A83900BF20
S32D000165F81437BD4680BC70472DE9B04F98B000AFF86005F01BFF034618463BF039FF0346FB65FB68184601F05B
S32D0001662004F8B865FB6803F67803184600F0FDFF7865FB6803F587531033184600F0F5FF3865FB6803F58053AF
S32D00016648D3F8F8391946B86D3BF068FE0346FB64FB6803F58053D3F8FC391946786D3BF05DFE0346BB64FB68A7
S32D0001667003F58053D3F8003A1946386D3BF052FE03467B64FB6803F580531A46BB6DC2F8F839FB6803F58053B5
S32D000166981A467B6DC2F8FC39FB6803F580531A463B6DC2F8003AFB6803F58053D3F86439F96C18463BF03CFFB3
S32D000166C003461C46FB6803F58053D3F86C39B96C18463BF031FF0346194620463BF024FE03461C46FB6803F523
S32D000166E88053D3F87439796C18463BF021FF0346194620463BF014FE03469D4918463BF0CBFF03463B64FB6892
S32D0001671003F58053D3F86839F96C18463BF00CFF03461C46FB6803F58053D3F87039B96C18463BF001FF0346E6
S32D00016738194620463BF0F4FD03461C46FB6803F58053D3F87839796C18463BF0F1FE0346194620463BF0E4FD85
S32D000167600346854918463BF09BFF0346FB634FF08143BB63FB68184600F064FF7863FB6803F67803184600F0F4
S32D000167885DFF3863FB6803F587531033184600F055FFF862FB6803F58053D3F8043A1946F86D3BF0BBFD034650
S32D000167B0724918463BF074FF0346BB62B86A3BF00DFA6BA3D3E900233BF0DCFC0346002B01D06B4BBB626B4B8B
S32D000167D87B62786A3BF0FEF904460D46B96BF86C3BF05AFF034618463BF0F4F980468946B86C3BF0EFF98246B5
S32D000168008B460320FFF730F9C7E90001B86B3BF0E5F902460B46D7E900013BF037FA02460B46504659463BF0CA
S32D000168285BFB02460B46404649463BF075F802460B46C7E90023786C3BF0CCF9804689460320FFF70DF98246E9
S32D000168508B46B86B3BF0C2F902460B46504659463BF014FA02460B46404649463BF038FB02460B46D7E90001D2
S32D000168783BF050F802460B46204629463BF002FA02460B46104619463BF0F4FC03463B62FB6803F58053D3F8A1
S32D000168A09C391846FFF760F9F861F869FFF7ACF80346396C18463BF03FFE03461C46F869FFF7BAF80346F96BDE
S32D000168C818463BF035FE0346194620463BF026FD0346BB61F869FFF7ABF80346396C18463BF026FE03461C46E4
S32D000168F0F869FFF789F80346F96B18463BF01CFE0346194620463BF00FFD03467B61FB6803F58053D3F8943921
S32D00016918B96918463BF004FD03461A46FB6803F58053C3F89429FB6803F58053D3F89839796918463BF0F4FC30
S32D0001694003461A46FB6803F58053C3F8982905F079FD034618463BF097FD0246FB6803F58053C3F8042A00BFE6
S32D000169686037BD46BDE8B08FFCA9F1D24D62503F0000404000007A446F12833A9453CA3C90B58BB000AF78606C
S32D000169907868FFF735FE7B6803F58053D3F8A0297B6803F58053D3F89439194610463BF0B9FC03467B627B68A9
S32D000169B803F58053D3F8A4297B6803F58053D3F89839194610463BF0A9FC03463B627B6803F58053D3F8A8294E
S32D000169E07B6803F58053D3F89C39194610463BF099FC03467B61786AFFF712F802467B6803F58053D3F8103AB3
S32D00016A0801210C46194610463BF030FF0346002B01D100231C46E3B2002B02D04FF000037B62386AFEF7F8FFD2
S32D00016A3002467B6803F58053D3F8103A01210C46194610463BF016FF0346002B01D100231C46E3B2002B02D066
S32D00016A584FF000033B627B6803F58053D3F89C391846FFF77DF838613869FEF7C9FF0346796A18463BF05CFD14
S32D00016A8003461C463869FEF7D7FF0346396A18463BF052FD0346194620463BF045FC0346FB617B6A83F0004451
S32D00016AA83869FEF7C5FF0346194620463BF040FD03461C463869FEF7A3FF0346396A18463BF036FD03461946BC
S32D00016AD020463BF029FC0346BB61F969F8693BF02BFD03461C46B969B8693BF025FD0346194620463BF018FCDE
S32D00016AF803461846FEF7A8FFF8607B6803F58053D3F8E8391946F8683BF0CEFE0346002B21D0F968F8693BF032
S32D00016B20BFFD03461A467B6803F58053D3F8E839194610463BF000FD0346FB61F968B8693BF0AEFD03461A46C4
S32D00016B487B6803F58053D3F8E839194610463BF0EFFC0346BB617B6803F58053D3F8083AF96918463BF0E4FCCE
S32D00016B70034618467B6803F58053D3F8E83983F000417B6803F58053D3F8E8391A46F9F7F4FD02467B6803F503
S32D00016B988053C3F888297B6803F58053D3F8083AB96918463BF0C4FC034618467B6803F58053D3F8E83983F0B5
S32D00016BC000417B6803F58053D3F8E8391A46F9F7D4FD02467B6803F58053C3F88C29786AFEF71EFF02467B6825
S32D00016BE803F58053D3F8103A194610463BF03EFE0346002B11D0386AFEF70EFF02467B6803F58053D3F8103A7E
S32D00016C10194610463BF02EFE0346002B01D0012300E00023002B27D07B6803F580531A464FF00003C2F88839F0
S32D00016C387B6803F580531A464FF00003C2F88C397B6803F580531A464FF00003C2F890397868FFF7C5FB7B6812
S32D00016C6003F58053012283F8F5297B6803F58053002283F8F62908E07B6803F58053002283F8F5297868FFF7ED
S32D00016C883BFA00BF2C37BD4690BD000090B58BB000AF786039607868FFF7AEFC7B6803F58053D3F8A0297B68F1
S32D00016CB003F58053D3F89439194610463BF032FB03467B627B6803F58053D3F8A4297B6803F58053D3F898398F
S32D00016CD8194610463BF022FB03463B627B6803F58053D3F8A8297B6803F58053D3F89C39194610463BF012FB25
S32D00016D000346FB61AB49F8693BF0D2FD0346002B00D106E0A849F8693BF004FB0346FB61F0E7A649F8693BF0D2
S32D00016D28A5FD0346002B06D0A149F8693BF0F8FA0346FB61F1E7F869FEF76EFE02467B6803F58053D3F8103A9E
S32D00016D5001210C46194610463BF08CFD0346002B01D100231C46E3B2002B02D04FF00003FB61786AFEF754FE13
S32D00016D7802467B6803F58053D3F8103A01210C46194610463BF072FD0346002B01D100231C46E3B2002B02D0C1
S32D00016DA04FF000037B62386AFEF73AFE02467B6803F58053D3F8103A01210C46194610463BF058FD0346002BAE
S32D00016DC801D100231C46E3B2002B02D04FF000033B627B6803F58053D3F89C391846FEF7BFFE38613869FEF747
S32D00016DF00BFE0346796A18463BF09EFB03461C463869FEF719FE0346396A18463BF094FB0346194620463BF088
S32D00016E1887FA0346BB617B6A83F000443869FEF707FE0346194620463BF082FB03461C463869FEF7E5FD03460C
S32D00016E40396A18463BF078FB0346194620463BF06BFA03467B61B969B8693BF06DFB03461C46796978693BF052
S32D00016E6867FB0346194620463BF05AFA03461846FEF7EAFDF8603968F8683BF015FD0346002B15D0F968B86918
S32D00016E903BF006FC0346194638683BF04DFB0346BB61F96878693BF0FBFB0346194638683BF042FB03467B614E
S32D00016EB87B6803F58053D3F8083AB96918463BF037FB034618463B6883F000433A681946F9F74FFC02467B68AC
S32D00016EE003F58053C3F888297B6803F58053D3F8083A796918463BF01FFB034618463B6883F000433A6819460B
S32D00016F08F9F737FC02467B6803F58053C3F88C29786AFEF781FD02467B6803F58053D3F8103A194610463BF091
S32D00016F30A1FC0346002B11D0386AFEF771FD02467B6803F58053D3F8103A194610463BF091FC0346002B01D07E
S32D00016F58012300E00023002B2ED07B6803F580531A464FF00003C2F888397B6803F580531A464FF00003C2F8E5
S32D00016F808C397B6803F580531A464FF00003C2F890397868FFF728FA7B6803F58053012283F8F5297B6803F50D
S32D00016FA88053002283F8F6290FE000BF000034430000B443000034C37B6803F58053002283F8F5297868FFF7D9
S32D00016FD097F800BF2C37BD4690BD00BF90B58BB000AF786039607B6803F5805393F8283A002B06D17B6803F5BA
S32D00016FF8805393F8F539002B03D07868FFF7F0F9C7E07868FFF7F8FA39687868FFF73EFE7B68184600F012FBC1
S32D000170200346BB607B6803F67803184600F00AFB0346FB607B6803F587531033184600F001FB03463B61012344
S32D0001704887F82730002387F8263000233B623B6A022B20DC3B6A9B0028333B4453F8203C1846FEF7D9FCF8617B
S32D000170707B6803F58053D3F8343A1946F8693BF017FC0346002B06D0012387F82630002387F8273003E03B6A48
S32D0001709801333B62DBE705F0D1F9034618463BF0EFF90346BB617B6803F58053D3F8443A4FF0000118463BF098
S32D000170C0CFFB0346002B06D07B6803F580531A46BB69C2F8443A7B6803F58053D3F82C3A1946B8693BF01EF982
S32D000170E803461A467B6803F58053D3F8303A01210C46194610463BF0CDFB0346002B01D100231C46FC7597F806
S32D000171102630002B0CD07B6803F58053012283F8482A7B6803F580531A46BB69C2F82C3A97F8273083F0010386
S32D00017138DBB2002B06D07B6803F580531A46BB69C2F82C3A97F82730002B10D0FB7D002B0DD07B6803F5805329
S32D0001716093F8483A002B06D07B6803F58053012283F8282A05E07B6803F58053002283F8282A786800F011F9F8
S32D000171880346002B05D07B6803F58053012283F8282A2C37BD4690BD80B483B000AF78607B6803F5805393F817
S32D000171B0283A18460C37BD4680BC704780B582B000AF78600B46FB707B6803F580531A46FB7882F8F439FB7872
S32D000171D8002B03D0786800F008F802E0786800F020F800BF0837BD4680BD80B582B000AF78607B680121184661
S32D0001720000F092F97B6803F678030121184600F08BF97B6803F5875310330121184600F083F900BF0837BD46B4
S32D0001722880BD80B582B000AF78607B680221184600F076F97B6803F678030221184600F06FF97B6803F5875364
S32D0001725010330221184600F067F900BF0837BD4680BD80B584B000AFF860B9607A603B60BB68032B19D0BB6862
S32D00017278032B20DCBB68012B03D0BB68022B07D019E0F868BB693A68796800F065FB12E0FB6803F67800BB693A
S32D000172A03A68796800F05CFB09E0FB6803F587501030BB693A68796800F052FB00BF00BF1037BD4680BD80B47D
S32D000172C883B000AF786039603B68032B0FD03B68032B11D83B68012B03D03B68022B02D00AE07B6808E07B68FE
S32D000172F003F6780304E07B6803F587531033FFE718460C37BD4680BC704780B582B000AF78607B68184600F083
S32D0001731895F97B6803F67803184600F08FF97B6803F587531033184600F088F900BF0837BD4680BD80B582B01F
S32D0001734000AF78607B68184600F036F97B6803F67803184600F030F97B6803F587531033184600F029F900BF42
S32D000173680837BD4680BD80B582B000AF78607B6803F67803184600F03EF9034618460837BD4680BD80B582B020
S32D0001739000AF78607B6803F67803184600F03AF9034618460837BD4680BD80B483B000AF78607B6803F58053AD
S32D000173B893F8F53918460C37BD4680BC704780B582B000AF786039607B681A683B681B68194610463BF04AFA20
S32D000173E00346002B01D03B6800E07B6818460837BD4680BD80B586B002AFF8607B600B46FB721346BB72FB6800
S32D00017408444A5A60FB684FF08342DA60FB681033F97A7A68184600F047FEFB681833BA7A1146184605F086F9D3
S32D00017430FB6803F128014FF000024FF00003CDE900234FF000024FF000030846F9F7B2F9FB68334ADA66FB6862
S32D00017458324A1A67FB684FF000025A67FB684FF000029A67FB684FF00002C3F88820FB684FF00002C3F88C20EC
S32D00017480FB680022C3F89020FB68FA7A1A70FB687A689A60FB68DA6EFB689A66FB68BA7A5A76FB6818331846CC
S32D000174A805F008FCFB684FF000021A66FB684FF00002DA67FB684FF00002C3F88020FB684FF00002C3F88420B1
S32D000174D0FB684FF000025A66FB68022283F86428FB68012283F86528FB684FF000025A6704F0A8FF0346184666
S32D000174F83AF0C6FF0246FB689A67FB68002283F82420FB680022DA61FB6818461037BD4680BD00BF000010416E
S32D0001752000009F43D153FB4080B483B000AF78600B46FB707B68FA7883F8642800BF0C37BD4680BC704780B5C8
S32D0001754882B000AF786039604FF0000138683BF0ABF90346002B04D07B68002283F8652803E07B68022283F859
S32D0001757065284FF0000138683BF072F90346002B03D07B68012283F865287B6810333968184600F00DFE00BFB5
S32D000175980837BD4680BD80B582B000AF78607B681033184600F0BEFD00BF0837BD4680BD80B582B000AF7860FC
S32D000175C07B684FF000025A677B681833184605F075FB00BF0837BD4680BD80B582B000AF78607B68183318460E
S32D000175E805F056FB034618463AF04EFF034618460837BD4680BD80B483B000AF78607B681B6E18460C37BD46EC
S32D0001761080BC704780B483B000AF78607B68DB6F18460C37BD4680BC704780B483B000AF78607B68D3F880305A
S32D0001763818460C37BD4680BC7047000080B58EB000AF78604FF07E533B63744BFB62744BBB6204F0F3FE0346BE
S32D0001766018463AF011FF03467B627B689B6F1946786A3AF057FE03463B627B681833184605F00AFB034618467D
S32D000176883AF002FF0346FB61F8693BF02DF902467B68DA617B685B6F1946F8693AF03EFE03467B63786BFEF719
S32D000176B0B7F903461946386B3BF0FAF80346002B0FD0F96A386A3BF0E9F80346002B08D0B96A386A3BF0D8F823
S32D000176D80346002B01D0012300E00023002B02D07B685B6E96E07B6893F86538022B03D17B6B83F000437B6372
S32D00017700F96A386A3BF0B6F80346002B02D07B685B6E83E04FF00001786B3BF0A1F80346002B10D0B96A386A27
S32D000177283BF0B8F80346002B06D07B684FF000025A664FF000036DE07B685B6E6AE07B683A6AC3F888207B68D7
S32D000177507A6AC3F88C207B689B6E1946786B3AF09FFF0346BB617B681B6F1946B8693AF0E3FE03467B612D49D1
S32D00017778386A3AF091FF03463B61396978693AF08BFF0346FB607B68D3F88030796918463AF0C6FD03461A4692
S32D000177A07B68C3F880207B68D3F890307A68D2F88C20796803F5A8739B000B445A607B68D3F890307A68126E4E
S32D000177C8796888339B000B445A607B68D3F890307A68D269796803F5DA739B000B445A607B68D3F890305A1C19
S32D000177F07B68C3F890207B68D3F89030632B03D97B680022C3F890207B68FA695A677B687A6A9A677B68FA68C0
S32D000178185A66FB6818463837BD4680BD0000A0400000484200007A442DE9F04393B004AF786039607B6893F8CB
S32D000178406438012B62D17B683A681A667868FFF7F9FE786304F0F6FD034618463AF014FE03463B637B68D3F812
S32D0001786888304FF0000118463BF00AF80346002B03D07B68344AC3F888207B68D3F890307A6824339B001344CA
S32D000178907A6B5A607B6803F128067B681B6E18463AF09CF980468946786B3AF097F904460D467B68D3F8883067
S32D000178B818463AF08FF902460B46CDE90223CDE9004542464B463046F8F7AEFFF8627B68FA6ADA677B68DB68EF
S32D000178E01946F86A3AF0DCFE03461A4918463AF023FE0346BB62174A1749B86AF8F73DFFB862B96A7868FFF7D8
S32D000179081EFE1BE007F12403184608F0ABF907F1240207F10C030F49184626F095F807F10C031846F9F7A0F8B5
S32D0001793007F10C03184625F0FDFC07F12403184608F096F900BF3C37BD46BDE8F08300BF6F12833A0000C8425D
S32D000179580000C8C2C05E060080B584B000AFF860B9607A603B60FB6803F128003B687A68B968F9F763F800BF25
S32D000179801037BD4680BD80B483B000AF78607B68943318460C37BD4680BC704780B483B000AF78607B6803F25C
S32D000179A8445318460C37BD4680BC704780B483B000AF78607B6803F5097318460C37BD4680BC704780B483B03F
S32D000179D000AF78607B68D3F8903018460C37BD4680BC704780B483B000AF78607B6803F2D46318460C37BD465B
S32D000179F880BC704780B483B000AF7860642318460C37BD4680BC704780B500AF0F4BD3F8A03003F48053002B93
S32D00017A2014BF01230023DBB2002B10D0094BD3F8A030084A23F48053C2F8A030064807F0B1FE064B1B68054AB9
S32D00017A4823F40053136000BF80BD00BF00C00440501B0020C0F00F4080B400AF124B4FF480725A63114B5B6997
S32D00017A70104A43F4005353610E4B1B680D4A43F4005313600A4B0C4A1A630C4BD3F888310A4A43F08063C2F8F8
S32D00017A988831084B9B68074A43F08063936000BFBD4680BC704700BF00C00440C0F00F4003010A0000E100E010
S32D00017AC080B400AF334B00225A70324B98221A70304B9B79DBB203F01003002B14BF01230023DBB2002B00D09A
S32D00017AE8F2E72A4B9B79DBB29B08DBB203F00303022B14BF01230023DBB2002B00D0F0E7224B18221A71214B13
S32D00017B1000225A71204B03F580531A461F4B53641C4B54225A711B4B9B79DBB203F02003002B0CBF01230023A0
S32D00017B38DBB2002B00D0F2E7144B9B79DBB203F04003002B0CBF01230023DBB2002B00D0F2E70E4B1B78DBB270
S32D00017B600C4A03F03F03DBB213700A4B9B79DBB29B08DBB203F00303032B14BF01230023DBB2002B00D0F0E795
S32D00017B8800231846BD4680BC704700BF00400640007004400000130180B500AF314B03F580539B6B2F4A43F469
S32D00017BB0785302F580529363FFF752FFFFF780FF2B4B58221A602A4B1B684FF47A7202FB03F3284A1360274B85
S32D00017BD81B681A46234B03F580535B6C1B0E03F00F030133B2FBF3F31A46214B1A601D4B03F58053DB6B1B4A82
S32D00017C0043F0225302F58052D363184B03F580531B6B164A43F0006302F580521363174B4FF480721A6164202F
S32D00017C2804F0BCFA134B5B69124A23F010035361104B00221A600F4B10225A610E4805F053FE05F041F905F02D
S32D00017C509FF90C4804F008FB0B4807F093FE4FF4FA6004F0B3FB00BF80BD00BF00700440201A00201C1A0020E9
S32D00017C78241A002000D00340D41A0020181A0020F41D002080B500AFF4F759FB00BF80BD80B500AFF4F753FB9F
S32D00017CA000BF80BD80B500AFF4F74DFB00BF80BD80B500AFF4F747FB00BF80BD80B500AFF4F741FB00BF80BD92
S32D00017CC880B500AFF4F73BFB00BF80BD80B500AFF4F735FB00BF80BD80B500AFF4F72FFB00BF80BD80B500AFB8
S32D00017CF0F4F729FB00BF80BD80B500AFF4F723FB00BF80BD80B500AFF4F71DFB00BF80BD80B500AFF4F717FBAD
S32D00017D1800BF80BD80B500AFF4F711FB00BF80BD80B500AFF4F70BFB00BF80BD80B500AFF4F705FB00BF80BDCD
S32D00017D4080B500AFF4F7FFFA00BF80BD80B500AFF4F7F9FA00BF80BD80B500AFF4F7F3FA00BF80BD80B500AFF6
S32D00017D68F4F7EDFA00BF80BD80B500AFF4F7E7FA00BF80BD80B500AFF4F7E1FA00BF80BD80B500AFF4F7DBFA28
S32D00017D9000BF80BD80B500AFF4F7D5FA00BF80BD80B500AFF4F7CFFA00BF80BD80B500AFF4F7C9FA00BF80BD0C
S32D00017DB880B500AFF4F7C3FA00BF80BD80B500AFF4F7BDFA00BF80BD80B500AFF4F7B7FA00BF80BD80B500AF32
S32D00017DE0F4F7B1FA00BF80BD80B500AFF4F7ABFA00BF80BD80B500AFF4F7A5FA00BF80BD80B500AFF4F79FFAA0
S32D00017E0800BF80BD80B500AFF4F799FA00BF80BD80B500AFF4F793FA00BF80BD80B500AFF4F78DFA00BF80BD47
S32D00017E3080B500AFF4F787FA00BF80BD80B500AFF4F781FA00BF80BD80B500AFF4F77BFA00BF80BD80B500AF6D
S32D00017E58F4F775FA00BF80BD80B500AFF4F76FFA00BF80BD80B500AFF4F769FA00BF80BD80B500AFF4F763FA17
S32D00017E8000BF80BD80B500AFF4F75DFA00BF80BD80B500AFF4F757FA00BF80BD80B500AFF4F751FA00BF80BD83
S32D00017EA880B500AFF4F74BFA00BF80BD80B500AFF4F745FA00BF80BD80B500AFF4F73FFA00BF80BD80B500AFA9
S32D00017ED0F4F739FA00BF80BD80B500AFF4F733FA00BF80BD80B500AFF4F72DFA00BF80BD80B500AFF4F727FA8F
S32D00017EF800BF80BD80B500AFF4F721FA00BF80BD80B500AFF4F71BFA00BF80BD80B500AFF4F715FA00BF80BDBF
S32D00017F2080B500AFF4F70FFA00BF80BD80B500AFF4F709FA00BF80BD80B500AFF4F703FA00BF80BD80B500AFE4
S32D00017F48F4F7FDF900BF80BD80B500AFF4F7F7F900BF80BD80B500AFF4F7F1F900BF80BD80B500AFF4F7EBF90A
S32D00017F7000BF80BD80B500AFF4F7E5F900BF80BD80B500AFF4F7DFF900BF80BD80B500AFF4F7D9F900BF80BDFD
S32D00017F9880B500AFF4F7D3F900BF80BD80B500AFF4F7CDF900BF80BD80B500AFF4F7C7F900BF80BD80B500AF23
S32D00017FC0F4F7C1F900BF80BD80B500AFF4F7BBF900BF80BD80B500AFF4F7B5F900BF80BD80B500AFF4F7AFF982
S32D00017FE800BF80BD80B500AFF4F7A9F900BF80BD80B500AFF4F7A3F900BF80BD80B500AFF4F79DF900BF80BD39
S32D0001801080B500AFF4F797F900BF80BD80B500AFF4F791F900BF80BD80B500AFF4F78BF900BF80BD80B500AF5E
S32D00018038F4F785F900BF80BD80B500AFF4F77FF900BF80BD80B500AFF4F779F900BF80BD80B500AFF4F773F9F9
S32D0001806000BF80BD80B500AFF4F76DF900BF80BD80B500AFF4F767F900BF80BD80B500AFF4F761F900BF80BD74
S32D0001808880B500AFF4F75BF900BF80BD80B500AFF4F755F900BF80BD80B500AFF4F74FF900BF80BD000000007E
S32D000180B080B584B000AFF8600B467A60FB72FB68FA7A1A71FB6800225A71174978683AF0EFFB0346002B02D04D
S32D000180D8134B7B600AE04FF07E5178683AF0D0FB0346002B02D04FF07E537B60786839F071FD09A3D3E9002340
S32D0001810039F0C4FD02460B46104619463AF0B6F80246FB681A60FB6818461037BD4680BDABAAAAAAAAAA204076
S32D000181280000404180B582B000AF78607B685B79002B09D07B6800225A717B6819791E230022034804F0C6F859
S32D0001815000BF0837BD4680BD181A002080B584B000AF786039603B687F2B02DD7F23FB7308E03B6813F1800F8D
S32D0001817802DA8023FB7301E03B68FB737B685B79FA7B9A4209D07B68FA7B5A717B681979FA7B1E23034804F08B
S32D000181A09DF800BF1037BD4680BD00BF181A0020B0B584B000AF78603960374938683AF059FB0346002B02D027
S32D000181C8334B3B6008E0334938683AF06DFB0346002B01D02F4B3B60386839F0FBFC04460D467B681B6818465E
S32D000181F039F0F4FC4FF00002294B39F071FE02460B462046294639F041FD02460B46104619463AF033F8034639
S32D000182183B604FF0000138683AF03CFB0346002B10D0386839F0D6FC17A3D3E9002339F029FD02460B46104695
S32D00018240194639F0D3FF0346FB6018E0386839F0C5FC4FF00002134B39F018FD02460B46104619464FF0000223
S32D000182680D4B39F039FE02460B461046194639F0B9FF0346FB60F9687868FFF76BFF00BF1037BD46B0BD00BF86
S32D0001829052B81E85EB51F43F0000C8C20000C842000059400000604080B483B000AF03460A46FB711346BB7136
S32D000182B8BB79002B03D1134B00221A7002E0114B01221A703823FB710E4B1A78FB791343FB710D4B9B78DBB28F
S32D000182E00B4A43F01003DBB29370094B9B78DBB2074A43F02003DBB29370054AFB79137100BF0C37BD4680BC91
S32D00018308704700BFE91700200060064080B483B000AF01237B607B68312B04DC00BF7B6801337B60F7E700BF88
S32D000183300C37BD4680BC704780B582B000AF03460A46FB711346BB71134B1B7800211846FFF7AAFF00F024F82A
S32D00018358104AFB79137100F01FF80E4ABB79137100F01AF80B4B9B78DBB20A4A23F02003DBB29370074B9B7816
S32D00018380DBB2064A23F01003DBB29370FFF7C2FF00BF0837BD4680BDEA1700200060064080B483B000AF174B07
S32D000183A81B78002B24D100237B60154BDB78DBB203F00203002B0CBF01230023DBB2002B0DD07B6842F2107252
S32D000183D0934203DD0B4B01221A7004E07B6801337B6000BFE5E7084BDB78DBB2064A43F00203DBB2D37000E0FA
S32D000183F800BF0C37BD4680BC704700BFEB1700200060064080B582B000AF0346FB71FB79184600F05FF800BF34
S32D000184200837BD4680BD80B582B000AF03460A46FB711346BB7100F035F8FB795B00DBB21846FFF7E3FFBB792B
S32D000184481846FFF7DFFF00F037F800BF0837BD4680BD80B500AFFF2000F03CF80346184680BD80B584B000AF53
S32D000184700346FB7100F016F8FB795B005BB243F001035BB2DBB21846FFF7C0FFFFF7E5FF0346FB7300F014F8DD
S32D00018498FB7B18461037BD4680BD000080B400AF044B9B68034A43F48013936000BFBD4680BC704740F00F40E7
S32D000184C080B400AF044B5B68034A43F48013536000BFBD4680BC704740F00F4080B485B000AF0346FB710023AA
S32D000184E8BB73164BDB6A03F00043012B0CBF01230023DBB2002B03D0FB7B0133FB73F0E70E4BDB6A0D4A43F07B
S32D000185100043D3620B4AFB7953630A4BDB6A03F40033002B0CBF01230023DBB2002B00D0F3E7044B9B6BBB735F
S32D00018538BB7B18461437BD4680BC704700C00A4080B582B000AF204B03F580531B6B1E4A43F4805302F5805228
S32D0001856013631C4B4FF480721A651B4B5B691A4A43F480135361FFF7A3FF164B4FF400725A65144B4FF40072CE
S32D000185889A65124B4FF40072DA65124B124A1A60104B124ADA6000237B607B68092B06DCFF20FFF72FFF7B6833
S32D000185B001337B60F5E704A1D1E9000103F01CFF00BF0837BD4680BD9A9999999999B93F0070044000A00440DE
S32D000185D840F00F4000C00A40000C00800500003E90B486B000AFF860B9607A60FB68534A93420AD1524B03F563
S32D0001860080535B6B504A43F4806302F58052536345E0FB684D4A93420AD14B4B03F580535B6B494A43F400635C
S32D0001862802F58052536336E0FB68474A93420AD1434B03F580535B6B414A43F4805302F58052536327E0FB684D
S32D00018650404A93420AD13C4B03F580535B6B3A4A43F4005302F58052536318E0FB683A4A93420AD1344B03F516
S32D0001867880539B6A324A43F4806302F58052936209E02F4B03F580539B6A2D4A43F4006302F580529362FB6842
S32D000186A0DB78DBB223F00C03DAB2FB68DA70FB6800229A70BB684FF47A7203FB02F27B681B0192FBF3F39CB2DD
S32D000186C8FB681B78DBB223F01F03FB75230A9BB2DBB203F01F03DAB2FB7D1343DAB2FB681A70E2B2FB685A70AB
S32D000186F0BB684FF4FA4203FB02F27B681B0192FBF3F39AB263019BB2D31A9CB2FB689B7ADBB223F01F03FB7573
S32D00018718E3B203F01F03DAB2FB7D1343DAB2FB689A72FB68DB78DBB243F00C03DAB2FB68DA7000BF1837BD4664
S32D0001874090BC704700A006400070044000B0064000C0064000D0064000A00E4080B483B000AF78607B681B7908
S32D00018768DBB203F02003002B0CBF01230023DBB2002B00D0F2E77B68DB79DBB218460C37BD4680BC704780B412
S32D0001879083B000AF78600B46FB707B681B79DBB25BB2DB43DBB2DB09DBB2002B00D0F4E77B68FA78DA7100BFE2
S32D000187B80C37BD4680BC704780B487B000AFF860B9607A60FB687B61BB683B617B685A1E7A60002B14BF01239F
S32D000187E00023DBB2002B08D03A69531C3B617B69591C796112781A70ECE700BF1C37BD4680BC704780B487B07C
S32D0001880800AFF860B9607A60FB687B617B685A1E7A60002B14BF01230023DBB2002B06D07B695A1C7A61BA68A9
S32D00018830D2B21A70EEE700BF1C37BD4680BC704780B489B000AFF860B9607A60FB68FB61BB68BB6100237B61CA
S32D000188587B685A1E7A60002B0FD0FB695A1CFA611B781946BB695A1CBA611B78CB1A7B617B69002B01D101237D
S32D0001888000E00023002B00D0E6E77B6918462437BD4680BC704780B483B000AF786039607B681B78002B09D06A
S32D000188A87B681B781A463B68934203D07B6801337B60F1E77B681B7818460C37BD4680BC704780B584B000AF91
S32D000188D0786039607B681B6BFB60FA683B689A4252D07B681B79002B35D07B6858787B6803F134010123FA6855
S32D000188F803F0F2FA0346002B14BF01230023DBB2002B01D001233CE07B6800221A717B685A6A7B681B6A134425
S32D00018920FA689A4217D27B68DB78FB72FB7A012B11D97B681B6AFA681344FB607B6858787B6803F13401012374
S32D00018948FA6803F0C9FAFB7A013BFB72EAE73B68002B15D07B6858787B6803F1340101233A6803F0D5F90346B7
S32D00018970002B14BF01230023DBB2002B01D0012303E07B683A681A63002318461037BD4680BD80B584B000AFE1
S32D00018998786000217868FFF794FF0346FB73FB7B002B40F093807B681B78032B7DD17B685B79002B79D07B68B3
S32D000189C000221A637B6834334FF4007200211846FFF718FF7B68552283F832227B68AA2283F833227B6852225F
S32D000189E883F834207B68522283F835207B68612283F836207B68412283F837207B68722283F818227B68722278
S32D00018A1083F819227B68412283F81A227B68612283F81B227B681B69DAB27B6883F81C227B681B699BB21B0AFE
S32D00018A389BB2DAB27B6883F81D227B681B691B0CDAB27B6883F81E227B681B691B0EDAB27B6883F81F227B6843
S32D00018A60DB68DAB27B6883F820227B68DB689BB21B0A9BB2DAB27B6883F821227B68DB681B0CDAB27B6883F82F
S32D00018A8822227B68DB681B0EDAB27B6883F823227B6858787B6803F134017B685A69012303F01AFA7B68002268
S32D00018AB05A717B685B7800220021184603F0DCFA0346002B14BF01230023DBB2002B01D00123FB73FB7B18462F
S32D00018AD81037BD4680BD80B483B000AF786039603B68023B3B607B68DB69023B3A689A4201D3002308E07B6842
S32D00018B009B781A463B6803FB02F27B68DB6A134418460C37BD4680BC704780B586B000AF786039603B68012BCE
S32D00018B2804D97B68DB693A689A4201D30123B5E07B681B78032B7AD0032B00F3AD80012B02D0022B4DD0A7E004
S32D00018B503B683B613B695B083A6913443B617B685A6A3B695B0A134419467868FFF7ADFE0346002B14BF0123C8
S32D00018B780023DBB2002B40F088803B69C3F308037A68134493F83430FB603B6901333B617B685A6A3B695B0AAF
S32D00018BA0134419467868FFF790FE0346002B14BF01230023DBB2002B6DD13B69C3F308037A68134493F834307B
S32D00018BC81B021A46FB681343FB603B6803F00103002B02D0FB681B0960E0FB68C3F30B035CE07B685A6A3B68E2
S32D00018BF01B0A134419467868FFF767FE0346002B14BF01230023DBB2002B46D13B685B0003F4FF7330337A6837
S32D00018C18134404337B617B6901331B781B021AB27B691B781BB213431BB29BB236E07B685A6A3B68DB091344E0
S32D00018C4019467868FFF741FE0346002B14BF01230023DBB2002B22D13B689B0003F4FE7330337A6813440433DF
S32D00018C687B617B6903331B781A067B6902331B781B0413437A6901321278120213437A691278134323F0704380
S32D00018C9008E000BF04E000BF02E000BF00E000BF4FF0FF3318461837BD4680BD80B588B000AFF860B9607A6066
S32D00018CB8BB68012B04D9FB68DB69BA689A4202D30223FB77EEE0FB681B78032B00F09780032B00F3DA80012BB0
S32D00018CE002D0022B6BD0D4E0BB687B617B695B087A6913447B61FB685A6A7B695B0A13441946F868FFF7E1FDC1
S32D00018D080346FB77FB7F002B40F0C2807B69C3F308033033FA6813440433BB61BB6803F00103002B0DD0BB6910
S32D00018D301B785BB203F00F035AB27B68DBB21B015BB213435BB2DBB201E07B68DBB2BA6913707B6901337B61EF
S32D00018D58FB6801221A71FB685A6A7B695B0A13441946F868FFF7ADFD0346FB77FB7F002B40F090807B69C3F37B
S32D00018D8008033033FA6813440433BB61BB6803F00103002B03D07B681B09DBB20CE0BB691B7823F00F03DAB24A
S32D00018DA87B681B0ADBB203F00F03DBB21343DBB2BA69137073E0FB685A6ABB681B0A13441946F868FFF77DFDA4
S32D00018DD00346FB77FB7F002B62D1BB685B0003F4FF733033FA6813440433BB617B68DAB2BB691A707B689BB23E
S32D00018DF81B0A9AB2BB690133D2B21A704FE0FB685A6ABB68DB0913441946F868FFF759FD0346FB77FB7F002B56
S32D00018E2040D1BB689B0003F4FE733033FA6813440433BB61BB6903331B781A06BB6902331B781B041343BA69EC
S32D00018E480132127812021343BA691278134303F070437A6813437B607B68DAB2BB691A707B689BB21B0A9AB25A
S32D00018E70BB690133D2B21A707B681A0CBB690233D2B21A707B681A0EBB690333D2B21A7009E00223FB7706E024
S32D00018E9800BF04E000BF02E000BF00E000BFFB6801221A71FB7F18462037BD4680BD80B584B000AF7860396000
S32D00018EC03B68012B04D97B68DB693A689A4202D30223FB7338E00023FB737B68DB693A689A4231D239687868F8
S32D00018EE8FFF717FEB860BB68002B26D0BB68012B02D10223FB7323E0BB68B3F1FF3F02D10123FB731CE00022B4
S32D00018F1039687868FFF7CAFE0346FB73FB7B002B11D17B681B69B3F1FF3F07D07B681B695A1C7B681A617B687B
S32D00018F3801225A71BB683B60CBE700BF00E000BFFB7B18461037BD4680BD80B586B000AF786039603B68002B9A
S32D00018F600DD17B68DB683B613B69002B04D07B68DB693A699A4215D301233B6112E039687868FFF7CAFDB86009
S32D00018F88BB68012B01D8012364E07B68DB69BA689A4201D2BB685DE03B683B613B697B617B6901337B617B683C
S32D00018FB0DB697A699A4207D302237B617A693B699A4201D9002349E079697868FFF7A5FDB860BB68002B0ED08D
S32D00018FD8BB68B3F1FF3F02D0BB68012B01D1BB6838E07A693B699A42DAD1002332E000BF6FF070427969786862
S32D00019000FFF754FE0346FB73FB7B002B09D13B68002B06D07A6939687868FFF747FE0346FB73FB7B002B10D14B
S32D000190287B687A69DA607B681B69B3F1FF3F10D07B681B695A1E7B681A617B6801225A7107E0FB7B012B02D186
S32D000190504FF0FF3300E001237B617B6918461837BD4680BD80B487B000AF786039607B685B6A04333B613B6826
S32D000190785B0A7A6812689278B3FBF2F37B613B691A1D3A611B68FB60FB68002B01D1002310E07A69FB689A42A6
S32D000190A007D37A69FB68D31A7B613B6904333B61E9E700BF3B691A687B69134418461C37BD4680BC704780B575
S32D000190C884B000AF78600B467B807B687A88DA807B689B68FB60FB68012B05D07B681B68DB69FA689A4201D3D2
S32D000190F0022364E0FB68002B08D17B681B681B78032B03D17B681B689B6AFB60FB68002B13D17B68FA68DA60CF
S32D000191187B681B681B897A889A4201D302234AE07B681B689A6A7B881B091A447B681A6135E07B681B689B7842
S32D000191409BB21B017B817A887B899A421CD37B681B68F9681846FFF7E0FCF860FB68B3F1FF3F01D101232AE036
S32D00019168FB68012B05D97B681B68DB69FA689A4201D302231FE07A887B89D31A7B80DEE77B68FA68DA607B6876
S32D000191901B68F9681846FFF7A2FC02467B881B091A447B681A617B681B6803F134027B8803F00F035B011A445D
S32D000191B87B685A61002318461037BD4680BD90B585B000AF786039607B68DB8801333B813B89002B03D07B686D
S32D000191E01B69002B01D10423C4E03B8903F00F03002B40F0B0807B681B695A1C7B681A617B68DB68002B08D15B
S32D000192087B681B681B893A899A42C0F0A0800423ACE03B891B097A6812689278013A1340002B40F094807B68DD
S32D000192301A687B68DB6819461046FFF76EFCF860FB68012B01D8022394E0FB68B3F1FF3F01D101238EE07B686D
S32D000192581B68DB69FA689A426DD33B68002B01D1042383E07B681A687B68DB6819461046FFF76BFEF860FB681E
S32D00019280002B01D1072375E0FB68012B01D1022370E0FB68B3F1FF3F01D101236AE07B681B6800211846FFF70D
S32D000192A810FB0346002B14BF01230023DBB2002B01D001235AE07B681B6834334FF4007200211846FFF79AFA8C
S32D000192D07B681A687B681C68F9681046FFF7FFFB034623630023FB727B681B689B78FA7A9A421CD27B681B6880
S32D000192F801221A717B681B6800211846FFF7E1FA0346002B14BF01230023DBB2002B01D001232BE07B681B6837
S32D000193201A6B01321A63FB7A0133FB72DCE77B681B68196BFA7A7B681B688A1A1A637B68FA68DA607B681B6846
S32D00019348F9681846FFF7C7FB02467B681A617B683A89DA807B681B6803F134023B8903F00F035B011A447B68E3
S32D000193705A61002318461437BD4690BD80B586B000AF786000217868FFF79DFE0346FB75FB7D002B01D0FB7DCE
S32D000193983CE07B681A687B681B6919461046FFF790FA0346FB75FB7D002B2BD17B685B693B613B691B78FB7349
S32D000193C0FB7B002B02D10423FB7522E03B690B331B7803F00803002B0BD17B689B690B2219463869FFF72CFAC7
S32D000193E80346002B01D1012300E00023002B0BD100217868FFF7E3FE0346FB75FB7D002B03D1C6E700BF00E08E
S32D0001941000BFFB7D18461837BD4680BD80B584B000AF786000217868FFF74DFE0346FB73FB7B002B21D17B68AA
S32D000194381A687B681B6919461046FFF742FA0346FB73FB7B002B13D17B685B691B78BB73BB7BE52B0DD0BB7B38
S32D00019460002B0AD001217868FFF7ADFE0346FB73FB7B002B01D1DEE700BFFB7B002B1FD17B681A687B681B692A
S32D0001948819461046FFF71DFA0346FB73FB7B002B12D17B685B69BB6020220021B868FFF7ADF97B689B690B22C3
S32D000194B01946B868FFF784F97B681B6801221A71FB7B18461037BD4680BD000080B588B000AF786039603B68FC
S32D000194D81B68FB60FB681B782F2B03D0FB681B785C2B03D1FB680133FB60F3E77B689B69BB600B222021B868B7
S32D00019500FFF780F90023FB7700233B613B697B610823BB61FA687B6913441B782E2B2FD17B695A1C7A61FA6892
S32D0001952813441B78BB77BB7F2E2B0AD17B69022B07D83B695A1C3A61BA681344BA7F1A70EAE7BB7F2F2B07D06D
S32D00019550BB7F5C2B04D0BB7F202B01D90623A7E0FA687B691A443B681A60BB7F202B01D8242200E02022BB689E
S32D000195780B331A70002397E07B695A1C7A61FA6813441B78BB77BB7F202B58D9BB7F2F2B55D0BB7F5C2B52D05D
S32D000195A0BB7F2E2B03D03A69BB699A420FD3BB69082B02D1BB7F2E2B01D0062378E008233B610B23BB61FB7F17
S32D000195C89B00FB773AE097F91E30002B08DAFB7F43F00303FB77BB7F803B354AD35CBB77BB7F19463348FFF75E
S32D000195F052F90346002B14BF01230023DBB2002B01D0062354E0BB7F402B07D9BB7F5A2B04D8FB7F43F00203BB
S32D00019618FB770CE0BB7F602B09D9BB7F7A2B06D8FB7F43F00103FB77BB7F203BBB773B695A1C3A61BA68134449
S32D00019640BA7F1A709CE7FA687B691A443B681A60BB7F202B01D8042300E00023BB773B69002B01D1062323E06D
S32D00019668BB681B78E52B02D1BB6805221A70BB69082B02D1FB7F9B00FB77FB7F03F00303012B03D1BB7F43F0D5
S32D000196901003BB77FB7F03F00C03042B03D1BB7F43F00803BB77BB680B33BA7F1A70002318462037BD4680BD01
S32D000196B8F05E0600705F060080B584B000AF786039603B681B782F2B03D03B681B785C2B06D13B6801333B6068
S32D000196E07B6800229A6004E07B681B689A697B689A603B681B781F2B09D800217868FFF7E2FC0346FB737B6862
S32D0001970800225A6169E03B4619467868FFF7DAFE0346FB73FB7B002B58D17868FFF72AFE0346FB737B689B6961
S32D00019730DB7ABB73FB7B002B1DD0FB7B042B4BD1BB7B03F02003002B0DD07B6800229A607B6800225A61002302
S32D00019758FB73BB7B03F00403002B3BD135E0BB7B03F00403002B35D10523FB7332E0BB7B03F00403002B2FD194
S32D000197807B685B69BB60BB680B331B7803F01003002B02D10523FB7323E0BB6815331B781B021AB2BB68143316
S32D000197A81B781BB213431BB29BB21B04BA681B321278120211B2BA681A32127812B20A4312B292B21A437B6882
S32D000197D09A609CE700BF04E000BF02E000BF00E000BFFB7B18461037BD4680BD80B582B000AF786039607B6886
S32D000197F858787B6803F1340101233A6802F088FA0346002B14BF01230023DBB2002B01D003234AE07B6803F2ED
S32D00019820322301331B781B021AB27B6893F832321BB213431BB2214A934201D0022338E07B686A3303331B78BB
S32D000198481A067B686A3302331B781B0413437A686A3201321278120213437A6892F86A20134323F07F43144AF0
S32D00019870934201D100231CE07B68863303331B781A067B68863302331B781B0413437A6886320132127812023A
S32D0001989813437A6892F88620134323F07F43064A934201D1002300E0012318460837BD4680BD00BF55AAFFFF57
S32D000198C04641540080B592B000AFF860B9601346FB71FB681B68FB62FB6A1B78303B3B643B6C092B0BD8FB6ADA
S32D000198E801331B783A2B06D1FB6A0233FB62FB68FA6A1A6002E0A34B1B783B643B6C002B01D00B2367E2A04A10
S32D000199103B6C52F82330BB62BB68BA6A1A60BB6A002B01D10C235AE2BB6A1B78002B1AD0BB6A5B78184602F064
S32D0001993821FC034687F8273097F8273003F00103002B0CD1FB79002B07D097F8273003F00403002B01D00A2360
S32D000199603DE200233BE2BB6A00221A703B6CDAB2BB6A5A70BB6A5B78184601F093FF034687F8273097F82730A8
S32D0001998803F00103002B01D0032324E2FB79002B07D097F8273003F00403002B01D00A2319E20023FB63F96B32
S32D000199B0B86AFFF71BFF034687F8473097F84730012B22D1BB6A03F5F9733B623B6A04331B78002B19D03B6AA4
S32D000199D80B331B781A063B6A0A331B781B0413433A6A09321278120213433A6A083212781343FB63F96BB86A10
S32D00019A00FFF7F4FE034687F8473097F84730032B01D10123E3E197F84730002B01D00D23DDE1BB6A93F8403012
S32D00019A281B021AB2BB6A93F83F301BB213431BB2B3F5007F01D00D23CDE1BB6A93F84B301B021AB2BB6A93F87D
S32D00019A504A301BB213431BB29BB2BB63BB6B002B12D1BB6A93F85B301A06BB6A93F85A301B041343BA6A92F826
S32D00019A78592012021343BA6A92F858201343BB63BB6ABA6B1A62BB6A93F84430FB77BB6AFA7FDA70FB7F012B58
S32D00019AA004D0FB7F022B01D00D2398E1FA7FBB6B02FB03F3BB63BB6A93F84130FB77BB6AFA7F9A70FB7F002B12
S32D00019AC805D0FA7FFB7F013B1340002B01D00D2381E1BB6A93F846301B021AB2BB6A93F845301BB213431BB266
S32D00019AF09AB2BB6A1A81BB6A1B8903F00F03002B01D00D236BE1BB6A93F848301B021AB2BB6A93F847301BB2F0
S32D00019B1813431BB29BB27B637B6B002B12D1BB6A93F857301A06BB6A93F856301B041343BA6A92F855201202A3
S32D00019B401343BA6A92F8542013437B63BB6A93F843301B021AB2BB6A93F842301BB213431BB2BB83BB8B002B7D
S32D00019B6801D10D2337E1BA8BBB6B1A44BB6A1B891B091344BB617A6BBB699A4206D20D2329E100BFF2170020AC
S32D00019B90EC1700207A6BBB69D31ABA6A9278B3FBF2F37B617B69002B01D10D2317E1012387F847307B6940F6B3
S32D00019BB8F572934202D9022387F847307B694FF6F572934202D9032387F847307B699A1CBB6ADA61FA6BBB696D
S32D00019BE01A44BB6ADA62BA8BFB6B1A44BB6A5A6297F84730032B1ED1BB6A1B89002B01D00D23ECE0BB6A93F819
S32D00019C0863301A06BB6A93F862301B041343BA6A92F8612012021343BA6A92F860201A43BB6A9A62BB6ADB6915
S32D00019C309B003B631FE0BB6A1B89002B01D10D23CDE0BB6A5A6ABB6B1A44BB6A9A6297F84730022B03D1BB6A70
S32D00019C58DB695B000AE0BB6ADA6913465B0013445A08BB6ADB6903F0010313443B63BB6A1A6A3B6B03F2FF13D4
S32D00019C805B0A9A4201D20D23A9E0BB6A4FF0FF321A61BB6A0022DA6097F84730032B40F08680BB6A00225A71DB
S32D00019CA8BB6A93F865301B021AB2BB6A93F864301BB213431BB29BB21A46FB6B1A44BB6A5A61BB6A5878BB6AC0
S32D00019CD003F13401BB6A5A69012302F01DF80346002B39D1BB6A93F833321B021AB2BB6A93F832321BB2134376
S32D00019CF81BB23B4A93422BD1BB6A93F837301A06BB6A93F836301B041343BA6A92F8352012021343BA6A92F83D
S32D00019D2034201343314A934216D1BB6A93F81B321A06BB6A93F81A321B041343BA6A92F8192212021343BA6A2E
S32D00019D4892F818221343284A934201D1012300E00023002B27D0BB6A93F823321A06BB6A93F822321B041343D2
S32D00019D70BA6A92F8212212021343BA6A92F820221A43BB6ADA60BB6A93F81F321A06BB6A93F81E321B04134327
S32D00019D98BA6A92F81D2212021343BA6A92F81C221A43BB6A1A61BB6A97F847201A700F4B1B8801339AB20D4BE2
S32D00019DC01A800C4B1A88BB6ADA80BB6A00221A63BB6A00221A71BB6A00229A61002318464837BD4680BD00BF8B
S32D00019DE855AAFFFF5252614172724161F017002080B582B000AF78600B467B807B68002B08D07B681B78002B9B
S32D00019E1004D07B68DB887A889A4201D0092311E07B685B78184602F0A9F9034603F00103002B14BF0123002310
S32D00019E38DBB2002B01D0032300E0002318460837BD4680BD80B485B000AF03463960FB71FB79002B01D00B2368
S32D00019E6016E0FB790D4A52F82330FB60FB68002B02D0FB6800221A703B68002B02D03B6800221A70FB790549FA
S32D00019E883A6841F82320002318461437BD4680BC704700BFEC17002080B592B000AFF860B9601346FB71FB682A
S32D00019EB000221A60FB7903F01F03FB71FB7923F00103DAB207F11C0107F108031846FFF7F9FC034687F847303B
S32D00019ED807F110037B6397F84730002B09D1BA6807F11C0311461846FFF7E6FB034687F847303B6B3B6497F88F
S32D00019F004730002B05D13B6C002B02D1062387F84730FB7903F01C03002B00F0B18097F84730002B12D097F882
S32D00019F284730042B07D107F11C031846FFF772FA034687F84730FB7943F00803FB713B6B3B6412E03B6C0B333C
S32D00019F501B7803F01103002B03D0072387F8473007E0FB7903F00403002B02D0082387F8473097F84730002B86
S32D00019F7840F0A080FB7903F00803002B00F09A800023FB633B6C0E33FA6BD2B21A70FB6B9BB21B0A9AB23B6C1C
S32D00019FA00F33D2B21A70FB6B1A0C3B6C1033D2B21A70FB6B1A0E3B6C1133D2B21A703B6C0B3300221A703B6CFF
S32D00019FC81C3300221A703B6C1D3300221A703B6C1E3300221A703B6C1F3300221A703B6C15331B781B021AB218
S32D00019FF03B6C14331B781BB213431BB29BB21B043A6C1B321278120211B23A6C1A32127812B20A4312B292B27C
S32D0001A0181343BB633B6C1A3300221A703B6C1B3300221A703B6C143300221A703B6C153300221A70FB690122A8
S32D0001A0401A71BB6B002B39D0FB691B6BFB63FB69B96B1846FEF72FFF034687F8473097F84730002B2AD1FB69EC
S32D0001A068BA6B013ADA60FB69F96B1846FEF729FC034687F847301DE097F84730002B19D13B6C0B331B7803F02D
S32D0001A0901003002B03D0042387F847300EE0FB7903F00203002B09D03B6C0B331B7803F00103002B02D007237F
S32D0001A0B887F8473097F84730002B0FD1FB7903F00803002B03D0FB7943F02003FB71FB691A6BFB68DA61FB68E2
S32D0001A0E03A6C1A6297F84730002B42D1FB68FA799A713B6C15331B781B021AB23B6C14331B781BB213431BB22E
S32D0001A1089BB21B043A6C1B321278120211B23A6C1A32127812B20A4312B292B21A43FB681A613B6C1F331B780C
S32D0001A1301A063B6C1E331B781B0413433A6C1D321278120213433A6C1C3212781A43FB68DA60FB6800229A6000
S32D0001A158FB6800229A61FB6800225A62FA69FB681A60FB69DA88FB689A8097F8473018464837BD4680BD80B53C
S32D0001A1808AB000AFF860B9607A603B60BB68BB613B6800221A60FB681A68FB689B8819461046FFF729FE0346DD
S32D0001A1A8FB75FB7D002B01D0FB7D7EE1FB689B795BB2002B01DA022377E1FB689B7903F00203002B01D1072330
S32D0001A1D06FE1FB68DA687B681A44FB68DB689A4201D200237B607B68002B00F05081FB689B68C3F30803002BB6
S32D0001A1F840F01381FB689B685B0ADAB2FB681B689B78013BDBB21340BB75BB7D002B49D1FB689B68002B10D1E9
S32D0001A220FB681B697B627B6A002B1FD1FB681B6800211846FEF78DFE7862FB687A6A1A6114E0FB685B6A002B83
S32D0001A24807D0FB689B681946F868FEF707FF786208E0FB681A68FB685B6919461046FEF774FE78627B6A002B1C
S32D0001A27000F00C817B6A012B08D1FB689B7963F07F03DAB2FB689A71022312E17B6AB3F1FF3F08D1FB689B79E3
S32D0001A29863F07F03DAB2FB689A71012305E1FB687A6A5A61FB689B7903F04003002B22D0FB681B685878FB68D9
S32D0001A2C003F12801FB689A69012301F009FE0346002B14BF01230023DBB2002B08D0FB689B7963F07F03DAB2DA
S32D0001A2E8FB689A710123E0E0FB689B7923F04003DAB2FB689A71FB681A68FB685B6919461046FEF7E8FB3861FC
S32D0001A3103B69002B08D1FB689B7963F07F03DAB2FB689A710223C4E0BB7D3A6913443B617B685B0AFB61FB6991
S32D0001A338002B49D0BA7DFB691344FA6812689278934206D9FB681B689B781A46BB7DD31AFB61FB681B68587896
S32D0001A360FB69DBB23A69B96901F0BAFD0346002B14BF01230023DBB2002B08D0FB689B7963F07F03DAB2FB6817
S32D0001A3889A71012391E0FB689A693B69D31AFA699A4215D9FB6803F12800FB689A693B69D31A5B02BA69134495
S32D0001A3B04FF400721946FEF703FAFB689B7923F04003DAB2FB689A71FB695B023B6248E0FB689B693A699A4245
S32D0001A3D820D0FB689A68FB68DB689A420ED2FB681B685878FB6803F1280101233A6901F08FFC0346002B01D0E1
S32D0001A400012300E00023002B08D0FB689B7963F07F03DAB2FB689A7101234AE0FB683A699A61FB689B68C3F352
S32D0001A4280803C3F500733B623A6A7B689A4201D97B683B62FB689B68C3F308032833FA6813443A6AB969184616
S32D0001A450FEF7B6F9FB689B7943F04003DAB2FB689A71BA693B6A1344BB61FB689A683B6A1A44FB689A603B68AF
S32D0001A4781A683B6A1A443B681A607A683B6AD31A7B60ACE600BFFB689A68FB68DB689A4203D9FB689A68FB68E8
S32D0001A4A0DA60FB689B7943F02003DAB2FB689A71002318462837BD4680BD80B586B000AF78607B681A687B6832
S32D0001A4C89B8819461046FFF793FC0346FB75FB7D002B40F0AC807B689B7903F02003002B00F0A5807B689B790C
S32D0001A4F003F04003002B1BD07B681B6858787B6803F128017B689A69012301F0E9FC0346002B14BF012300234D
S32D0001A518DBB2002B01D001238AE07B689B7923F04003DAB27B689A717B681A687B68DB6919461046FEF7C5F942
S32D0001A5400346FB75FB7D002B75D17B681B6A3B613B690B331A783B690B3342F02002D2B21A707B68DA683B69C5
S32D0001A5681C33D2B21A707B68DB689BB21B0A9AB23B691D33D2B21A707B68DB681A0C3B691E33D2B21A707B684F
S32D0001A590DB681A0E3B691F33D2B21A707B681A693B691A33D2B21A707B681B699BB21B0A9AB23B691B33D2B22D
S32D0001A5B81A707B681B691A0C3B691433D2B21A707B681B691B0C9BB21B0A9AB23B691533D2B21A700023FB60A0
S32D0001A5E03B691633FA68D2B21A70FB689BB21B0A9AB23B691733D2B21A70FB681A0C3B691833D2B21A70FB68E9
S32D0001A6081A0E3B691933D2B21A707B689B7923F02003DAB27B689A717B681B6801221A717B681B681846FEF789
S32D0001A630B0F90346FB75FB7D18461837BD4680BD80B584B000AF78607868FFF736FF0346FB73FB7B002B02D10E
S32D0001A6587B6800221A60FB7B18461037BD4680BD80B586B000AF03463960FB71FB793B7301237B6107F1100364
S32D0001A68007F10C017A693868FFF779FD3B697A699A4201D1012301E04FF0FF3318461837BD4680BD80B584B0B6
S32D0001A6A800AF786039600023FB607B681B78002B18D07B681B7839681846FFF7D1FF0346B3F1FF3F0CBF012307
S32D0001A6D00023DBB2002B02D04FF0FF3307E07B6801337B60FB680133FB60E2E7FB6818461037BD4680BD80B42D
S32D0001A6F885B000AF786039600123FB600023BB600023BB60BA683B689A4208DAFB687A6802FB03F3FB60BB68AA
S32D0001A7200133BB60F2E7FB6818461437BD4680BC70470000B0B59AB000AF78613961FA600023BB64BB6C7B646D
S32D0001A7487B6CB3F1FF3F00F0F5823B695A1C3A611B7887F84F3097F84F30002B00F0E78297F84F30252B0ED09E
S32D0001A77097F84F3079691846FFF776FF78647B6CB3F1FF3F00F0CD8201237B64C9E2002387F867300023BB65F3
S32D0001A7983B695A1C3A611B7887F84F3097F84F30302B09D1012387F867303B695A1C3A611B7887F84F300CE09D
S32D0001A7C097F84F302D2B08D1022387F867303B695A1C3A611B7887F84F3097F84F302E2B05D13B695A1C3A61B8
S32D0001A7E81B7887F84F3097F84F302F2B15D997F84F30392B11D8BA6D13469B0013445B001A4697F84F3013446E
S32D0001A810303BBB653B695A1C3A611B7887F84F30E5E797F84F306C2B03D097F84F304C2B0BD197F8673043F04A
S32D0001A838040387F867303B695A1C3A611B7887F84F3097F84F30002B00F0738297F84F3087F84E3097F84E3058
S32D0001A860602B08D997F84E307A2B04D897F84E30203B87F84E3097F84E30423B162B00F2788101A252F823F0B4
S32D0001A88853AB01003DAB010063AB010073AB01008DA9010073AB010073AB010073AB010073AB010073AB0100B9
S32D0001A8B073AB010073AB010073AB01005BAB010073AB010073AB010073AB0100E5A8010073AB010063AB0100FC
S32D0001A8D873AB010073AB01006BAB0100FB681A1DFA601B68FB620023FB65FA6AFB6D13441B78002B03D0FB6D89
S32D0001A9000133FB65F5E70023BB6497F8673003F00203002B07D1FB6D5A1CFA65BA6D9A4201D9012300E0002314
S32D0001A928002B09D079692020FFF79AFE78647B6CBA6C1344BB64E4E77969F86AFFF7AEFE78647B6CBA6C1344FC
S32D0001A950BB64FB6D5A1CFA65BA6D9A428CBF01230023DBB2002B09D079692020FFF77CFE78647B6CBA6C134484
S32D0001A978BB64EAE77B6CB3F1FF3F00F0D081BB6C7B64CCE1FB68073323F0070303F10802FA60D3E90023C7E962
S32D0001A9A00E23D7E90E23C7E90C2300237B654FF000024FF00003D7E90E0137F0D9FB0346002B18D079692D20AC
S32D0001A9C8FFF74EFE78647B6CBA6C1344BB64BC6BFB6B83F00045C7E90E453B6B3B607B6B83F000437B60D7E9FF
S32D0001A9F00023C7E90C23D7E90C0137F0F7FB0346002B0ED04FF00002AB4BD7E90C0137F067FA02460B46C7E929
S32D0001AA180C237B6D01337B65E9E77B6D013BFB65FB6DB3F1FF3F35D0FB6D19460A20FFF75EFE0346184637F030
S32D0001AA40BBF802460B46D7E90E0137F049FA02460B461046194637F0C9FB0346BB62BA6A964B83FB0213991082
S32D0001AA68D317C91A0B469B000B445B00D31ABB62BB6A3033BB62BB6ADBB279691846FFF7EFFD78647B6CBA6CF0
S32D0001AA901344BB64FB6D013BFB65C5E779692E20FFF7E2FD78647B6CBA6C1344BB64BB6D002B01D10323BB65A2
S32D0001AAB801233B663A6EBB6D9A4233D83B6E19460A20FFF714FE0346184637F071F8D7E90E2337F0D7F8024653
S32D0001AAE00B461046194637F081FB0346BB62BA6A724B83FB02139910D317C91A0B469B000B445B00D31ABB62AE
S32D0001AB08BB6A3033BB62BB6ADBB279691846FFF7A7FD78647B6CBA6C1344BB643B6E01333B66C7E77B6CB3F1D7
S32D0001AB30FF3F00F0FA80BB6C7B64F6E0FB681A1DFA601B68DBB279691846FFF78DFD7864ECE0022387F86630CC
S32D0001AB5813E0082387F866300FE00A2387F866300BE0102387F8663007E097F84F3079691846FFF775FD7864BE
S32D0001AB80D4E097F8673003F00403002B04D0FB681A1DFA601B680CE097F84E30442B04D1FB681A1DFA601B68A8
S32D0001ABA803E0FB681A1DFA601B683B6597F84E30442B0BD13B6D002B08DA3B6D5B423B6597F8673043F008032E
S32D0001ABD087F8673000233B6697F866203B6DB3FBF2F101FB02F29B1A87F84E3097F866303A6DB2FBF3F33B658D
S32D0001ABF897F84E30092B0BD997F84F30782B01D1272200E0072297F84E30134487F84E303B6E5A1C3A6697F885
S32D0001AC204E203032D2B2603307F108010B4403F8502C3B6D002B03D03B6E0F2B00D8CBE797F8673003F0080320
S32D0001AC48002B09D03B6E5A1C3A66603307F1080213442D2203F8502C3B6EFB6597F8673003F00103002B01D046
S32D0001AC70302300E0202387F84E300023BB6497F8673003F00203002B07D1FB6D5A1CFA65BA6D9A4201D90123A1
S32D0001AC9800E00023002B0FD097F84E3079691846FFF7DEFC78647B6CBA6C1344BB64E2E700002440676666663E
S32D0001ACC03B6E013B3B6607F118023B6E13441B7879691846FFF7C8FC78647B6CBA6C1344BB643B6E002B00D03D
S32D0001ACE8EAE7FB6D5A1CFA65BA6D9A428CBF01230023DBB2002B09D079692020FFF7B0FC78647B6CBA6C134405
S32D0001AD10BB64EAE77B6CB3F1FF3F07D0BB6C7B6404E000BF02E000BF00E000BFBA6C7B6C1344BB6408E500BF6C
S32D0001AD3800E000BF7B6CB3F1FF3F01D17B6C00E0BB6C18466837BD46B0BD00BF80B588B000AF78603960802368
S32D0001AD603B610F23FB604FF0FF337B610223FB61FB69B3F5807F23D80123BB61BB69102B1AD8FB69BA6902FBB2
S32D0001AD8803F33A6803FB02F27B68D31ABB60BB68002B09DBBB687A699A4205D9BB687B61FB693B61BB69FB60B7
S32D0001ADB0BB690133BB61E1E7FB695B00FB61D7E71D4BDB6A1C4A23F00803D3621A4BDB6A23F47F2323F47F639D
S32D0001ADD8BB613B695B081B029AB2FB68013B1B01DBB21A43BB691343114A43F46023D3620F4B5B6A03F008033A
S32D0001AE00002B0CBF01230023DBB2002B03D00A2001F0DCFAF0E7084BDB6A074A43F00803D362054B1B6B044A13
S32D0001AE2843F48013136300BF2037BD4680BD00BF00100B4080B582B000AF786039607B6800221A60414B424A2D
S32D0001AE50DA62404BDB6A03F08073002B14BF01230023DBB2002B00D0F3E73A4B0022C3F8C020384B4FF481327F
S32D0001AE785A60364B28229A62344B4FF001125A643B689B6833491846FFF760FF2F4B5B6A03F00303002B14BF90
S32D0001AEA001230023DBB2002B00D0F3E72C4B40F243421A602A4B40F243425A60284B4FF488629A60264B40F20F
S32D0001AEC84342DA60244B40F243421A61224B40F243425A61214B03F580531B6B1F4A43F4003302F5805213634D
S32D0001AEF0184B4FF6FF721A63164B1B4A5A63154BDB6A144A43F00063D362124BDB6A03F00063002B14BF012332
S32D0001AF180023DBB2002B00D0F3E70C4B5B6A03F48033002B14BF01230023DBB2002B02D07B6801221A60054B20
S32D0001AF401B6B044A43F080031363002318460837BD4680BD00100B400080000160CC050000D00440007004400D
S32D0001AF68B3007F0080B400AF064B5A6A40F207331340002B14BF01230023DBB21846BD4680BC704700100B4050
S32D0001AF9080B485B000AF7860074B1B6B7A681340FB60FB68002B00D1F6E7FB6818461437BD4680BC704700BF3D
S32D0001AFB800100B4080B584B000AF78607B681B7803F03F03764A52F82330FB60FB68002B05D17B681B78002BB7
S32D0001AFE001D00123DCE0714B1B6B704A43F0800313636E4B5B6A03F00103002B14BF01230023DBB2002B00D027
S32D0001B008F3E7684A7B685B689360FB6823F44003FB607B685B789B0503F44003FA681343FB607B685B78022B56
S32D0001B03003D1FB6843F40013FB607B685B78042B16D1FB6803F44033B3F5003F08D1FB6823F44033FB60FB6811
S32D0001B05843F44033FB6007E0FB6823F44033FB60FB6843F40033FB604E4B5B684D4A9BB253607B68DB68002B29
S32D0001B0802AD0FB6803F44033B3F5403F03D0FB6843F40013FB607B681B7A002B03D0FB6843F01003FB607B687B
S32D0001B0A8DB68012B03D9FB6843F02003FB607B68DB68B3F1FF3F0BD03A4B5A687B68DB681B04384913434B6029
S32D0001B0D0FB6843F00203FB60344B00221A60334AFB68D3603248FFF753FF0346012B14BF01230023DBB2002B24
S32D0001B0F809D02C4B1B6B2B4A43F4702343F001031363012348E0274B1B6B03F08003002B14BF01230023DBB2DB
S32D0001B120002B07D0214B1B6B204A43F001131363012335E01D4B1B6B03F48033002B14BF01230023DBB2002B17
S32D0001B14808D0184B1B6B174A43F0011313634FF0FF3321E0FB6803F44033002B15D0114B1A697B681A61FB680A
S32D0001B17003F44033B3F5803F0BD10C4B5A697B685A610A4B9A697B689A61084BDA697B68DA61064B1B6B054A3B
S32D0001B19843F001031363002318461037BD4680BD8C5F060000100B4001000E0080B592B000AF786039600023BE
S32D0001B1C07B643B68BB63994B7B637B6B002B02D140F601235FE3964B3B633B6B002B02D140F60B2357E33B6B17
S32D0001B1E81B68FB62FB6A002B02D140F60B234EE37B6841F20932934200F23F837B68B3F5985F08D87B68032B13
S32D0001B21000F01A837B68092B00F0098331E37B68A3F59853013B082B00F22B8301A252F823F000BF59B201009B
S32D0001B23845B50100A1B701005BB5010099B50100BFB6010007B7010049B6010063B601007649786BFFF7EEFD61
S32D0001B26078647B6C002B40F01083002387F84330002387F82B30002387F82A30002387F82930002387F84230F1
S32D0001B288002387F8283000233B7200237B720023FB6000233B7400237B6107F108031846FFF788FE0346002B1D
S32D0001B2B014BF01230023DBB2002B02D001237B64E8E240F24C4001F081F808233B7200237B724FF4D573FB6008
S32D0001B2D800233B7400237B6107F108031846FFF769FEF863FB6B002B09D1BA69FB689A4202D001237B64C9E210
S32D0001B300012387F84230012387F8283097F82830002B00F0A58037233B7200237B720023FB6000233B7400235D
S32D0001B3287B6107F108031846FFF744FEF863FB6B002B02D001237B64A8E269233B7200237B720023FB6000234C
S32D0001B3503B7400237B6107F108031846FFF72EFE0346002B14BF01230023DBB2002B02D001237B648EE2BB69EE
S32D0001B37803F44013002B6FD00023FB630A2001F021F8FB6B0133FB6337233B7200237B720023FB6000233B74DE
S32D0001B3A000237B6107F108031846FFF707FE0346002B14BF01230023DBB2002B02D001237B6428E069233B72C7
S32D0001B3C800237B7297F84230002B02D0184BFB6002E04FF44013FB6000233B7400237B6107F108031846FFF78F
S32D0001B3F0E5FD0346002B14BF01230023DBB2002B02D001237B6406E0BB69002B03DBFB6B632B00D8B6E77B6CCE
S32D0001B418002B40F03882FB6B632B0BD9002387F8423019E00C180020101A0020805F060000003040012387F885
S32D0001B440433097F84230002B0AD0002387F84230BB6903F08043002B02D0012387F8423097F82A30002B02D07E
S32D0001B4687B6B07221A6097F82930002B02D07B6B08221A6097F82B30002B02D07B6B04221A6097F84330002B23
S32D0001B49009D07B6B02221A6097F84230002B02D07B6B03221A6097F82B30002B0DD097F84330002B09D07B6BCF
S32D0001B4B805221A6097F84230002B02D07B6B06221A60924B00221A60904B00225A608F4B00229A608D4B00221E
S32D0001B4E0DA608C4B00221A618A4B00225A61FB6A9A68FB6A5B6819461046FFF72BFC854B40F243421A60834BAD
S32D0001B50840F243425A60814B4FF488629A607F4B40F24342DA607D4B40F243421A617B4B40F243425A617A4BFE
S32D0001B53003F580531B6B784A43F4003302F580521363A7E1B86BFFF739FDF863FB6B002B00F09F8102237B6459
S32D0001B5589BE1BB6B002B02D10C237B6496E16D4BDB6A1B0A5B0003F4FF73FB63694BDB6A1B0903F00F035A1CC3
S32D0001B580FB6B02FB03F3FB63FB6A9A68FB6BB2FBF3F2BB6B1A607DE1BB6B002B02D10C237B6477E1BB6B1B6855
S32D0001B5A8002B02D10C237B6470E1FFF7DBFC0346002B0CBF01230023DBB2002B3CD0534B00221A60514B002208
S32D0001B5D05A60504B00229A604E4B0022DA604D4B00221A614B4B00225A61FB6A9A68BB6B1B6819461046FFF783
S32D0001B5F8ADFB464B40F243421A60444B40F243425A60424B4FF488629A60404B40F24342DA603E4B40F243424A
S32D0001B6201A613C4B40F243425A613B4B03F580531B6B394A43F4003302F58052136329E140F60A237B6425E132
S32D0001B648BB6B002B02D10C237B641FE1314B5B68C3F30C02BB6B1A6018E1BB6B002B02D10C237B6412E1FFF7EA
S32D0001B6707DFC0346002B0CBF01230023DBB2002B19D0BB6B1B68B3F5805F02D30C237B6400E1224B5B68214A7C
S32D0001B69823F4FF5323F01F0353601E4B5A68BB6B1B68C3F30C031B4913434B60EEE040F60A237B64EAE0BB6B34
S32D0001B6C0002B02D10C237B64E4E0144B9B6A5B0803F00303FB63FB6B002B03D1BB6B00221A60D7E0FB6B012BFD
S32D0001B6E803D1BB6B01221A60D0E0FB6B102B03D1BB6B02221A60C9E005237B64C6E0BB6B002B09D10C237B6424
S32D0001B710C0E000BF00D004400070044000100B40FFF724FC0346002B0CBF01230023DBB2002B31D0BB6B1B688A
S32D0001B738002B0AD1584B9B6A574A23F006039362554B554A9B6A9362A0E0BB6B1B68012B0CD1514B9B6A504ADC
S32D0001B76023F0060393624E4B9B6A4D4A43F0020393628FE0BB6B1B68022B0AD1484B9B6A474A23F006039362ED
S32D0001B788454B454A9B6A936280E005237B647DE040F60A237B6479E0BB6B002B02D10C237B6473E03C4BDB6AC9
S32D0001B7B03B4A43F00063D362394BDB6A03F00063002B14BF01230023DBB2002B00D0F3E7334B1B6B03F08003DA
S32D0001B7D8002B14BF01230023DBB2002B08D02E4B1B6B2D4A43F0800313637B6B00221A60294B5B6A03F4803366
S32D0001B800002B14BF01230023DBB2002B07D07B6B1B68002B06D17B6B01221A6002E07B6B00221A607B6B1A688B
S32D0001B828BB6B1A6032E0BB6B1C221A60BB6B043304221A60BB6B08334FF41E721A6025E00220FFF7A1FB144B9E
S32D0001B8501B6B03F4E003002B14BF01230023DBB2002B07D00E4B1B6B0D4A43F4E003136304237B640A4B1B6BEE
S32D0001B878094A43F03203136308E040F609237B6404E000BF02E000BF00E000BF7B6C18464837BD4680BD00BFA1
S32D0001B8A000100B4080B590B000AF0346FB71A64BFB63A64BBB63BB6BA54A1A60FB79002B01D00123A9E1A34B4C
S32D0001B8C81B78DBB203F00203002B14BF01230023DBB2002B03D09D4B1B78DBB299E19B4B1B78DBB203F00303E8
S32D0001B8F0002B0CBF01230023DBB2002B01D000238BE1BB6B002B03D0BB6B1B68002B01D1002382E1FB6B904A44
S32D0001B9181A60FB6B01225A60BB6B00225A60BB6B00229A60BB6B00221A61BB6B00221A73BB6B00225A73874B80
S32D0001B94003F580531B6B854A43F4003302F580521363002141F20130FFF72CFC0346002B14BF01230023DBB251
S32D0001B968002B01D0002354E10023BB6207F12803194641F20330FFF719FC0346002B14BF01230023DBB2002BE3
S32D0001B99001D0002341E1BB6A022B08D0BB6A032B05D0BB6A052B02D0BB6A062B09D1BB6A032B02D0BB6A062B4E
S32D0001B9B805D1BB6B01221A7301E0002329E100BF02233B7200237B720023FB6000233B7400237B6107F10803B3
S32D0001B9E0194641F20230FFF7E5FB0346002B14BF01230023DBB2002B01D000230DE103233B7200237B72002370
S32D0001BA08FB6000233B7400237B6107F10803194641F20230FFF7CAFB0346002B14BF01230023DBB2002B01D04A
S32D0001BA300023F2E0BB691B0C1B04BA6B136109233B7200237B72BB6B1B69FB6000233B7400237B6107F108032D
S32D0001BA58194641F20230FFF7A9FB0346002B14BF01230023DBB2002B01D00023D1E07B6A03F44003002B1ED13D
S32D0001BA803B6A1B0A03F00F033B633B6A03F003037B637B6B9A02FB699B0D13437B63FB69DB0903F00703FB624A
S32D0001BAA87B6B5A1CFB6A02339A403B6B093B9A40BB6B9A600CE0BB6B01225A73FB691B0AC3F315037B637B6B9E
S32D0001BAD001339A02BB6B9A6007233B7200237B72BB6B1B69FB6000233B7400237B6107F10803194641F20230D3
S32D0001BAF8FFF75CFB0346002B14BF01230023DBB2002B01D0002384E010233B7200237B724FF40073FB60002310
S32D0001BB203B7400237B6107F10803194641F20230FFF740FB0346002B14BF01230023DBB2002B0DD0002368E0C2
S32D0001BB48101A0020F41700200818002004000020805F060000700440BB6B1B681B68012B49D137233B720023C0
S32D0001BB707B72BB6B1B69FB6000233B7400237B6107F10803194641F20230FFF713FB0346002B14BF012300238A
S32D0001BB98DBB2002B01D000233BE046233B7200237B720223FB6000233B7400237B6107F10803194641F2023079
S32D0001BBC0FFF7F8FA0346002B14BF01230023DBB2002B01D0002320E00123BB6207F12803194641F20730FFF711
S32D0001BBE8E5FA0346002B14BF01230023DBB2002B01D000230DE0094B1B78DBB223F00103DAB2064B1A70054BE6
S32D0001BC101B78DBB203F00303DBB218464037BD4680BD00BF0400002080B489B000AF786039607B687B61364B9A
S32D0001BC383B613B69002B01D100235FE03B691B68022B0BD03B691B68032B07D03B691B68072B03D03B691B6890
S32D0001BC60082B0BD12B4B5B6A03F00403002B14BF01230023DBB2002B00D0F3E73B68FB61FB69002B3DD0FB69CB
S32D0001BC88B3F5007F28BF4FF40073FB60FB6803339B08BB61BB69002B2AD01C4B1B6B03F4E003002B14BF0123E4
S32D0001BCB00023DBB2002B09D0164B1B6B154A43F4E00343F02003136300231BE0114B5B6A03F40063002B0CBFF6
S32D0001BCD801230023DBB2002B00D0F3E70B497B691A1D7A610A6A1A60BB69013BBB61D1E7FA69FB68D31AFB6119
S32D0001BD00BEE7012318462437BD4680BC704700BF0C18002000100B4080B58EB000AFB9607A601A460346FB7312
S32D0001BD281346BB73414B7B63FB7B002B02D1BB7B002B01D1042375E03D4B1B78DBB203F00103002B14BF012317
S32D0001BD500023DBB2002B01D0032367E0BB68002B01D1002362E07B6B1B7B002B02D17B685B027B60BB7B012B2F
S32D0001BD7828D111233B7500237B757B68BB6101233B77BB7B3B6207F11403194641F20230FFF70CFA0346002BC1
S32D0001BDA00CBF01230023DBB2002B38D04FF40071B868FFF739FF0346002B14BF01230023DBB2002B2BD000233C
S32D0001BDC8BB7328E012233B7500237B757B68BB6101233B77BB7B3B6207F11403194641F20230FFF7E3F9034688
S32D0001BDF0002B0CBF01230023DBB2002B0FD0BB7B5B021946B868FFF70FFF0346002B14BF01230023DBB2002BF4
S32D0001BE1801D00023BB73BB7B002B01D0012300E0002300BF18463837BD4680BDF41700200400002080B487B0FA
S32D0001BE4000AF786039607B68FB603B687B617B69002B3DD07B69B3F5007F28BF4FF400733B617A693B69D31A22
S32D0001BE687B613B6903339B083B613B69002BEAD0184B1B6B03F4E003002B14BF01230023DBB2002B0AD0134B35
S32D0001BE901B6B124A43F4E00343F0100313634FF0FF3316E00D4B5B6A03F48063002B0CBF01230023DBB2002B78
S32D0001BEB800D0F3E7FB681A1DFA60064A1B6813623B69013B3B61D0E7012318461C37BD4680BC704700100B401C
S32D0001BEE080B58EB000AFB9607A601A460346FB731346BB735D4B7B63FB7B002B02D1BB7B002B01D10423ADE09F
S32D0001BF08594B1B78DBB203F00103002B14BF01230023DBB2002B01D003239FE0524B1B78DBB203F00403002BFA
S32D0001BF3014BF01230023DBB2002B01D0022391E0BB68002B01D100238CE07B6B1B7B002B02D17B685B027B6065
S32D0001BF58BB7B012B28D118233B7500237B757B68BB6100233B77BB7B3B6207F11403194641F20230FFF71AF9DE
S32D0001BF800346002B0CBF01230023DBB2002B38D04FF40071B868FFF751FF0346002B14BF01230023DBB2002BEC
S32D0001BFA82BD00023BB7328E019233B7500237B757B68BB6100233B77BB7B3B6207F11403194641F20230FFF7A7
S32D0001BFD0F1F80346002B0CBF01230023DBB2002B0FD0BB7B5B021946B868FFF727FF0346002B14BF0123002380
S32D0001BFF8DBB2002B01D00023BB730D233B7500237B757B6B1B69BB6100233B7700233B6207F11403194641F291
S32D0001C0200230FFF7C7F80346002B14BF01230023DBB2002B01D0012314E07A6A0D4B1340002B01D001230DE03F
S32D0001C0487B6A03F4F853B3F5106F00D0D5E7BB7B002B01D0012300E0002300BF18463837BD4680BDF41700209F
S32D0001C070040000200880D9FF80B58CB000AF03463A60FB710B46BB713A4BBB62FB79002B01D0042369E001238B
S32D0001C09887F82F30364B1B78DBB203F00103002B14BF01230023DBB2002B01D0032358E0BB79032B50D801A2AA
S32D0001C0C052F823F0D5C00100DDC00100EDC00100FDC00100002387F82F3044E0BB6A9A683B681A60002387F849
S32D0001C0E82F303CE03B684FF400721A80002387F82F3034E009233B7200237B72BB6A1B69FB6000233B740023C5
S32D0001C1107B6107F10803194641F20230FFF74AF80346002B14BF01230023DBB2002B01D001231AE07B6A03F414
S32D0001C1384003002B0CD13B6A9B0C03F07F035A1C7B6A1B0A03F00303013B9A403B681A60002387F82F3002E03D
S32D0001C160042387F82F3097F82F3018463037BD4680BD00BFF41700200400002080B483B000AF0346FB71FB796B
S32D0001C188002B01D0012302E0034B1B78DBB218460C37BD4680BC70470400002080B483B000AF7860164B03F516
S32D0001C1B080539B6B144A43F0010302F580529363124A7B689360114B05225A600F4B1B680E4A43F001031360E5
S32D0001C1D80C4B1B6803F08003002B0CBF01230023DBB2002B00D0F3E7064B1B68054A23F00103136000BF0C379A
S32D0001C200BD4680BC704700BF007004400000044080B582B000AF786039607B68012B07D13B684FF6FF729342C6
S32D0001C22802D1034800F00EF800BF0837BD4680BD181A002080B500AF4FF6FF710120FFF7E3FF80BD80B483B00D
S32D0001C25000AF78607B6800221A707B6818460C37BD4680BC7047000080B582B000AF78607B681B7883F0010354
S32D0001C278DBB2002B21D0134B03F580531A464FF400639362104B4FF440721A620E4B4FF440725A620D4B1B6819
S32D0001C2A0DA0F13445B104FF4614219460A48FCF79BF9642000F08AF87B6801221A70012300E00023184608375C
S32D0001C2C8BD4680BD0070044000D004401C1A002000B00E4080B582B000AF7860084611461A460346FB700B46F3
S32D0001C2F0BB7013467B707F210E48FCF748FA08210C48FCF744FAFB7819460A48FCF73FFABB7819460748FCF7B3
S32D0001C3183AFA7B7819460548FCF735FAFF210348FCF731FA00BF0837BD4680BD00B00E4080B487B000AFF860CA
S32D0001C340B9607A60FB681F4AA2FB03239B09BA6813447B61FB681B4AA2FB031292094FF47A7101FB02F29B1A6B
S32D0001C368FB60FB68DB03154AA2FB03239B097A6813443B613B69DB0B7A6913447B613B69C3F30E033B610E4B6F
S32D0001C3901B687A699A4209D80B4B1B687A699A4206D1094B5B683A699A4201D9012300E00023002B00D0EAE789
S32D0001C3B800BF1C37BD4680BC704700BFD34D621000D0034080B584B000AF7860074B1B68FB60064B5B68BB609B
S32D0001C3E07B68BA68F9681846FFF7A6FF00BF1037BD4680BD00D0034080B584B000AFC7E900010E4B1B68FB6076
S32D0001C4080C4B5B68BB604FF000020B4BD7E9000135F038FC02460B461046194635F00AFF0346BA68F968184679
S32D0001C430FFF782FF00BF1037BD4680BD00D0034000408F4080B483B000AF0B4B1B684FF47A7202FB03F37B6012
S32D0001C458074B5B684FF47A7202FB03F3DB0B7A6813447B607B6818460C37BD4680BC704700D0034080B582B090
S32D0001C48000AF78600B46FB70FB781946786800F005F87B6818460837BD4680BD80B483B000AF78600B46FB7041
S32D0001C4A87B68FA781A707B681B781A46534B9B5C042B00F29E8001A252F823F0D9C4010013C501004DC5010052
S32D0001C4D087C50100C1C501004B4A7B681B7819464A4B53F8213040F2031142F82310484B5A697B681B781946F0
S32D0001C4F8444B53F8213003F01F03012101FA03F3DB43414913404B6173E0404A7B681B7819463C4B53F8213046
S32D0001C52040F2031142F823103B4B5A697B681B781946364B53F8213003F01F03012101FA03F3DB4334491340E8
S32D0001C5484B6156E0334A7B681B7819462D4B53F8213040F2031142F823102F4B5A697B681B781946274B53F8FA
S32D0001C570213003F01F03012101FA03F3DB43284913404B6139E0274A7B681B7819461F4B53F8213040F20311EA
S32D0001C59842F82310224B5A697B681B781946194B53F8213003F01F03012101FA03F3DB431B4913404B611CE05D
S32D0001C5C01A4A7B681B781946104B53F8213040F2031142F82310164B5A697B681B7819460A4B53F8213003F08C
S32D0001C5E81F03012101FA03F3DB430F4913404B6100BF00BF0C37BD4680BC70478C60060000900440D0600600C7
S32D0001C61000F00F4000A0044040F00F4000B0044080F00F4000C00440C0F00F4000D0044000F10F4080B485B0E6
S32D0001C63800AF78600023FB607B681B781A46364B9B5C042B5CD801A252F823F069C6010089C60100A9C601002D
S32D0001C660C9C60100E9C601002E4B1B697A68127811462D4A52F8212002F01F02012101FA02F21340FB603FE0B8
S32D0001C688284B1B697A6812781146254A52F8212002F01F02012101FA02F21340FB602FE0214B1B697A68127892
S32D0001C6B011461D4A52F8212002F01F02012101FA02F21340FB601FE01A4B1B697A6812781146154A52F82120AB
S32D0001C6D802F01F02012101FA02F21340FB600FE0134B1B697A68127811460D4A52F8212002F01F02012101FABB
S32D0001C70002F21340FB6000BFFB68002B14BF01230023DBB218461437BD4680BC704700BF8C60060000F00F40E5
S32D0001C728D060060040F00F4080F00F40C0F00F4000F10F4080B584B000AF78600B46FB700B23FB73FA7BFB78FF
S32D0001C7501946786800F094F87B6818461037BD4680BD000080B485B000AF78607B68103B002B00DA1F335B1156
S32D0001C778FB60FB68022B53D0FB68022B75DCFB68002B03D0FB68012B25D06EE0394BD3F880217B68103B5942B7
S32D0001C7A003F01F0301F01F0158BF4B42012101FA03F332491343C1F88031304B1A687B68103B594203F01F0377
S32D0001C7C801F01F0158BF4B42012101FA03F3294913430B6049E0274BD3F884217B68103B594203F01F0301F06D
S32D0001C7F01F0158BF4B42012101FA03F31F491343C1F884311D4B5A687B68103B594203F01F0301F01F0158BFE7
S32D0001C8184B42012101FA03F3164913434B6024E0144BD3F888217B68103B594203F01F0301F01F0158BF4B4287
S32D0001C840012101FA03F30D491343C1F888310B4B9A687B68103B594203F01F0301F01F0158BF4B42012101FA90
S32D0001C86803F3044913438B6000BF00BF1437BD4680BC704700E100E080B584B000AF78600B46FB701346BB706D
S32D0001C8907B68FA781A70BB78FB737B681B781A46574B9B5C042B00F2A68001A252F823F0C5C8010011C90100DA
S32D0001C8B85DC90100F5C90100A9C90100FB7B1B0403F470234D497A68127810464C4A52F8202043F4897343F0FB
S32D0001C8E0010341F82230494B5A697B681B781946454B53F8213003F01F03012101FA03F3DB43424913404B6172
S32D0001C9086720FFF72BFF72E0FB7B1B0403F470233D497A6812781046394A52F8202043F4897343F0010341F8F0
S32D0001C9302230384B5A697B681B781946324B53F8213003F01F03012101FA03F3DB43314913404B616820FFF715
S32D0001C95805FF4CE0FB7B1B0403F470232C497A6812781046264A52F8202043F4897343F0010341F82230274BC9
S32D0001C9805A697B681B7819461F4B53F8213003F01F03012101FA03F3DB43204913404B616920FFF7DFFE26E0DA
S32D0001C9A8FB7B1B0403F470231B497A6812781046134A52F8202043F4897343F0010341F82230164B5A697B6838
S32D0001C9D01B7819460C4B53F8213003F01F03012101FA03F3DB430F4913404B616B20FFF7B9FE00E000BF00BF20
S32D0001C9F81037BD4680BD00BF8C60060000900440D060060000F00F4000A0044040F00F4000B0044080F00F4079
S32D0001CA2000D0044000F10F40B0B48BB000AF224B3C1D1D460FCD0FC495E80F0084E80F0000237B627B6A072B4F
S32D0001CA4830DC1C4BD3F8A0207B6A9B0028333B4453F8243C012101FA03F31340002B14BF01230023DBB2002B59
S32D0001CA7018D0134A7B6A52F823305A1C10497B6A41F823200D4BD3F8A0207B6A9B0028333B4453F8243C012196
S32D0001CA9801FA03F307491340C1F8A0307B6A01337B62CBE700BF2C37BD46B0BC704700BFD461060000A0044084
S32D0001CAC0481A0020B0B489B000AF224B3C1D1D460FCD0FC495E8030084E803000023FB61FB69052B30DC1C4B2C
S32D0001CAE8D3F8A020FB699B0020333B4453F81C3C012101FA03F31340002B14BF01230023DBB2002B18D0FB6971
S32D0001CB100833124A52F823200132104941F823200D4BD3F8A020FB699B0020333B4453F81C3C012101FA03F360
S32D0001CB3807491340C1F8A030FB690133FB61CBE700BF2437BD46B0BC704700BFF461060000B00440481A00202C
S32D0001CB60B0B48DB000AF234B3C461D460FCD0FC40FCD0FC495E8070084E807000023FB62FB6A0A2B30DC1C4B21
S32D0001CB88D3F8A020FB6A9B0030333B4453F8303C012101FA03F31340002B14BF01230023DBB2002B18D0FB6AAA
S32D0001CBB00E33124A52F823200132104941F823200D4BD3F8A020FB6A9B0030333B4453F8303C012101FA03F395
S32D0001CBD807491340C1F8A030FB6A0133FB62CBE700BF3437BD46B0BC704700BF0C62060000900440481A002081
S32D0001CC00B0B487B000AF214B3C461D460FCD0FC42B68236000237B617B69042B30DC1C4BD3F8A0207B699B0016
S32D0001CC2818333B4453F8183C012101FA03F31340002B14BF01230023DBB2002B18D07B691933124A52F8232010
S32D0001CC500132104941F823200D4BD3F8A0207B699B0018333B4453F8183C012101FA03F307491340C1F8A030A3
S32D0001CC787B6901337B61CBE700BF1C37BD46B0BC704700BF3862060000D00440481A002080B483B000AF7860CC
S32D0001CCA07B681B781A46044B53F8223018460C37BD4680BC704700BF481A002080B483B000AF78607B681B7867
S32D0001CCC81946044B002243F8212000BF0C37BD4680BC7047481A002080B483B000AF78600B46FB707B68FA7878
S32D0001CCF01A707B6818460C37BD4680BC7047000080B586B000AF78607B681B781A463E4B53F822303B617B68A4
S32D0001CD181B781A463B4B9B5CFB733B69DBB203F01F03DAB2384B1A723B69DBB203F01F03DAB2354B5A72354B8F
S32D0001CD401022C3F88820FB7B002B13D13049324800F05AFA304B1B6803F08003802B14BF01230023DBB2002B82
S32D0001CD6800D0F3E72A4B1B697B6112E02649294800F046FA274B1B6803F08003802B14BF01230023DBB2002B33
S32D0001CD9000D0F3E7214B1B697B611E4BD3F888311C4A43F01003C2F888311A4B9B68194A43F0100393607B690A
S32D0001CDB89BB2184634F0ECFE0DA3D3E9002334F061FF02460B46104619460BA3D3E9002335F082F802460B466D
S32D0001CDE01046194635F04AFA0346BB60BB6818461837BD4680BD00BFA4703D0AD7A30A4000000000E0FFEF40A6
S32D0001CE0850610600AC600600281A002000E100E000B0034000B00B4080B586B000AF78607B681B781A46234BEB
S32D0001CE3053F822303B617B681B781A46204B9B5CFB733B69DBB203F01F03DAB21D4B1A723B69DBB203F01F03E8
S32D0001CE58DAB21A4B5A72FB7B002B13D11749184800F0CEF9164B1B6803F08003802B14BF01230023DBB2002B1B
S32D0001CE8000D0F3E7104B1B697B6112E00D490F4800F0BAF90D4B1B6803F08003802B14BF01230023DBB2002B0E
S32D0001CEA800D0F3E7074B1B697B617B6918461837BD4680BD50610600AC600600381A002000B0034000B00B4005
S32D0001CED098B500AF204B5C221A701F4B10225A701D4B41F234225A801B4B45F278629A80194B10229A71184BFE
S32D0001CEF80722DA71164B4FF4C022DA60144B1F221A72134B1F225A721149124800F078F90F49114800F074F91D
S32D0001CF200F4800F0D2F80D4800F0CFF80A490C4800F06AF90849094800F066F9094A064B14460FCB84E80F0087
S32D0001CF48064B5C221A70054B0422DA7100BF98BD281A002000B0034000B00B40381A002080B500AF064B1B6812
S32D0001CF700133054A136000F03DF8044B0122C3F80C2100BF80BD00BFCC1A00200070034080B500AF0C4B01224B
S32D0001CF981A600C4800F01AF8094B0322C3F80821094BD3F88831084A43F01003C2F88831054B9B68044A43F086
S32D0001CFC01003936000BF80BD00700340A086010000E100E080B483B000AF7860044A7B68C2F8003100BF0C3799
S32D0001CFE8BD4680BC704700BF0070034080B584B000AF174B1B68FB60FB68002B24D0FB685B78FB71FB689B68D0
S32D0001D010184600F023F80346BB71BB79002B13D0FB685B68012B0FDDFB689B681B69BB60BB68002B08D0BB6845
S32D0001D0385B685A1CBB685A60BB681B69BB60F3E7FB68DB68FB60D7E700BF1037BD4680BDC81A002080B584B0A7
S32D0001D06000AF78607868FFF7DBFEF8607B689B695B78FB72FB7A002B0FD17B68DB68FA689A420ADD7B689B693A
S32D0001D08801225A707B685B685A1C7B685A60012313E0FB7A012B0FD17B689B68FA689A420ADA7B689B6900222A
S32D0001D0B05A707B685B685A1C7B685A60012300E0002318461037BD4680BD80B485B000AF78607B681B6A23F057
S32D0001D0D840027B681A627B685B6A23F00B027B685A627B685B6A43F007027B685A627B685B6A43F080027B685E
S32D0001D1005A627B681B6803F08003002B0CBF01230023DBB2002B00D0F3E77B685B6A03F04003402B0CBF012391
S32D0001D1280023DBB2002B01D0012364E00023FB817B68DB6CFB817B689B6C9AB2FB891344FB817B685B6C9AB2FC
S32D0001D150FB891344FB817B681B6C9AB2FB891344FB817B68DB6B9AB2FB891344FB817B689B6B9AB2FB89134470
S32D0001D178FB81FB895B08FB81FB896FEA43436FEA5343FB81FA897B68DA620023FB817B68DB6EFB817B689B6E06
S32D0001D1A09AB2FB891344FB817B685B6E9AB2FB891344FB817B681B6E9AB2FB891344FB817B68DB6D9AB2FB8964
S32D0001D1C81344FB817B689B6D9AB2FB891344FB81FB895B08FB81FB896FEA43436FEA5343FB81FA897B681A63C3
S32D0001D1F07B685B6A23F080027B685A62002318461437BD4680BC704780B483B000AF786039603B681B781A4655
S32D0001D2187B689A603B685B781A467B68DA603B685B881A467B689A613B689B881A467B68DA613B689B791A46F8
S32D0001D2407B681A623B68DB791A467B685A623B68DA687B681A653B681B7A1A467B681A603B685B7A1A467B6873
S32D0001D2685A6000BF0C37BD4680BC704780B483B000AF78607B6818460C37BD4680BC704780B582B000AF78608F
S32D0001D29039607B68012B07D13B684FF6FF72934202D10348FFF7E6FF00BF0837BD4680BDD01A002080B500AF9C
S32D0001D2B84FF6FF710120FFF7E3FF80BD80B483B000AF78600B46FB707B68FA781A707B684FF4FA725A807B6884
S32D0001D2E040F6C4129A807B68034A9A607B6818460C37BD4680BC7047000080BF80B483B000AF786039603B68EC
S32D0001D308B3F5FA7F04DB3B6840F6C412934204DD7B684FF4FA725A8004E03B689AB27B685A8000BF00BF0C37D4
S32D0001D330BD4680BC704780B483B000AF786039603B68B3F5FA7F04DB3B6840F6C412934204DD7B6840F6C4125A
S32D0001D3589A8004E03B689AB27B689A8000BF00BF0C37BD4680BC70472DE9904385B000AF786039604FF0000187
S32D0001D380386835F077FA0346002B02D04FF000033B603249386835F08BFA0346002B01D02E4B3B607B689B6821
S32D0001D3A81946386835F058FA0346002B00D04BE07B683A689A607B685C887B689B881A467B685B88D31A1846B4
S32D0001D3D034F0F2FB4FF00002214B34F081FD02460B4690469946386834F0F8FB02460B464046494634F04AFCB1
S32D0001D3F802460B461046194634F01CFF03469BB22344FB81FB897B73FB891B0A9BB23B737F211248FBF7B7F94E
S32D0001D42005211048FBF7B3F97B681B7819460D48FBF7ADF93B7B19460A48FBF7A8F97B7B19460848FBF7A3F9D2
S32D0001D448FF210648FBF79FF900BF1437BD46BDE8908300BF000034430080664000B00E4080B483B000AF7860B0
S32D0001D4700C2318460C37BD4680BC704780B483B000AF7860112318460C37BD4680BC704780B582B000AF786020
S32D0001D498B84B4FF48072DA60B74B4FF480729A64B54B4FF480721A64B34B4FF480725A64B14B4FF48072DA60AF
S32D0001D4C0B04B5B69AF4A43F008035361AE4B5B69AD4A43F480235361AB4B5B69AA4A43F480335361A84B5B694E
S32D0001D4E8A74A43F400335361A54B1B68A44A43F008031360A24B5B69A14A43F0080353619E4B1B689D4A43F0E0
S32D0001D510080313609A4B4FF480725A62984B4FF480721A62954B4FF480721A61934B4FF480725A61914B4FF487
S32D0001D53880729A618F4B4FF48072DA618D4B4FF480721A638B4B4FF480725A63894B4FF480729A63874B4FF420
S32D0001D5608072DA63854B4FF480721A64834B4FF480725A64814B4FF480729A647F4B4FF48072DA64814B4FF4DE
S32D0001D58880721A607F4B4FF480729A607D4B4FF48072DA607B4B4FF480721A61784B5B69774A43F4407353617C
S32D0001D5B0744B5B69734A43F47F2343F0F0035361734B5B69724A43F01D035361E221786800F0CCFD1D2178685A
S32D0001D5D800F06EFE0221786800F06AFE0421786800F066FEE021786800F0BCFD0121786800F05EFE6420FEF7C3
S32D0001D600E5FEE021786800F0B1FD0321786800F053FE0121786800F0A9FD0120FEF7D6FEE621786800F0A2FD5C
S32D0001D6280121786800F044FEA021786800F040FEFF21786800F03CFEB021786800F092FD1C21786800F034FE37
S32D0001D6500F21786800F030FE0121786800F02CFE3F21786800F028FE0021786800F024FEEF21786800F020FEFA
S32D0001D6780021786800F01CFEB421786800F072FD0121786800F014FE9921786800F010FE0021786800F00CFECD
S32D0001D6A04521786800F008FE0221786800F004FE0021786800F000FE0021786800F0FCFD0021786800F0F8FD6B
S32D0001D6C8B621786800F04EFD0121786800F0F0FD0921786800F0ECFD0021786800F0E8FD0E21786800F0E4FDC9
S32D0001D6F00221786800F0E0FD0021786800F0DCFD0021786800F0D8FDBA21786800F02EFD0F21786800F0D0FD08
S32D0001D7186420FEF757FE3A21786800F023FD6021786800F0C5FD2A21786800F01BFD0021786800F0BDFD0021B7
S32D0001D740786800F0B9FD0121786800F0B5FD3F21786800F0B1FD2B21786800F007FD0021786800F0A9FD0021DA
S32D0001D768786800F0A5FD0021786800F0A1FDEF2178680BE000B0044000A0044080F00F4040F00F4000C004409C
S32D0001D790C0F00F4000F090FD3621786800F0E6FC0021786800F088FDF021786800F0DEFC0421786800F080FD42
S32D0001D7B8B821786800F0D6FC0F21786800F078FD0121786800F074FD314B1B68304A43F0080313606420FEF74C
S32D0001D7E0F5FD3621786800F0C1FC0021786800F063FDF021786800F0B9FC0421786800F05BFD0121786800F01E
S32D0001D808BCF91E226F21786800F082F8AF225621786800F0DBF80021786800F00AFA012301221C49786800F0C6
S32D0001D8302BFA2921786800F099FC6420FEF7C6FDBE21786800F092FC0E21786800F034FDF021786800F030FD3E
S32D0001D8580121786800F02CFD0021786800F028FD0021786800F024FD0F21786800F020FD786800F0D5FA012180
S32D0001D880786800F0DAF90021786800F0AFF900BF0837BD4680BD00BF40F00F404C62060080B582B000AF78601F
S32D0001D8A87B680022DA617B6801221A627B680E225A607B681A229A607B6800225A617B6800229A617B684FF4C3
S32D0001D8D0A072DA607B68F0221A617B6800221A70786801F09FFA7B6818460837BD4680BD80B582B000AF7860C6
S32D0001D8F8064B1B78002B05D1044B01221A707868FFF7C2FD00BF0837BD4680BD181B002080B58AB002AFF86082
S32D0001D920B9607A607E23009362237A68B968F86800F0E3FE40F24E733B610023FB61FA693B699A4240DA0023CA
S32D0001D948BB61214AFB6913441B781A46BB69934232DAFB6901331C4AD35C002B06D1FF23FB75FF23BB75FF2341
S32D0001D9707B7512E0FB690133154AD35C012B06D1D423FB750023BB7526237B7505E0B523FB75BA23BB75B0237D
S32D0001D9987B757B7DBA7DF97DF86800F0C9F80246FB68DA61F86801F039FAF86801F072F9BB690133BB61C4E775
S32D0001D9C0FB690233FB61BAE700BF2037BD4680BD0800002080B58AB002AFF860B9607A602723009395237A6842
S32D0001D9E8B968F86800F085FE40F2E6333B610023FB61FA693B699A4240DA0023BB61214AFB6913441B781A4661
S32D0001DA10BB69934232DAFB6901331C4AD35C002B06D1FF23FB75FF23BB75FF237B7512E0FB690133154AD35CA5
S32D0001DA38012B06D10023FB750023BB7500237B7505E0D423FB750023BB7526237B757B7DBA7DF97DF86800F0F6
S32D0001DA606BF80246FB68DA61F86801F0DBF9F86801F014F9BB690133BB61C4E7FB690233FB61BAE700BF203700
S32D0001DA88BD4680BD5807002080B485B000AF78600B46FB70FB78062B29D801A252F823F0CDDA0100C5DA010017
S32D0001DAB0D3DA0100DBDA0100E3DA0100E9DA0100F1DA01006FF07F43FB6014E00023FB6011E04FF47F03FB6096
S32D0001DAD80DE04FF47F43FB6009E0FF23FB6006E04FF41903FB6002E0044BFB6000BFFB6818461437BD4680BC36
S32D0001DB00704700BF9999990080B584B000AF786039603B681B0CFB733B681B0ABB733B687B737B7BBA7BF97BCE
S32D0001DB28786800F005F8034618461037BD4680BD80B487B000AF7860084611461A460346FB700B46BB70134653
S32D0001DB507B70FB789B08DBB27B61BB789B08DBB23B617B789B08DBB2FB607B691A033B699B011A43FB68134368
S32D0001DB7818461C37BD4680BC704780B582B000AF78600B46FB70FB7819467868FFF77CFF03461946786800F092
S32D0001DBA004F800BF0837BD4680BD80B582B000AF7860396039687868FFF7A6FF02467B681A62786801F02EF9DA
S32D0001DBC8786800F02FFC00BF0837BD4680BD80B582B000AF7860786800F024FC00BF0837BD4680BD80B582B072
S32D0001DBF000AF78600B46FB70FB7819467868FFF747FF03461946786800F004F800BF0837BD4680BD80B582B0BC
S32D0001DC1800AF7860396039687868FFF771FF02467B681A62786801F0F9F800BF0837BD4680BD80B582B000AF19
S32D0001DC4078600B46FB70FB7819467868FFF720FF03461946786800F004F800BF0837BD4680BD80B582B000AF92
S32D0001DC687860396039687868FFF74AFF02467B68DA61786801F0D2F800BF0837BD4680BD80B586B000AFF860AB
S32D0001DC90B9607A603B6000237B617B69BA6813441B78002B0FD07B69BA6813441B783A687968F86800F0B0FE6D
S32D0001DCB87B680C337B607B6901337B61E9E700BF1837BD4680BD80B584B000AFF860B9607A603B60B8681FF001
S32D0001DCE04DFE01463B687A68F868FFF7CDFF00BF1037BD4680BD000080B592B000AFF860B9607A603B6007F192
S32D0001DD081403BA680749184638F05EFA07F114013B687A68F868FFF7B3FF00BF4837BD4680BD00BF58620600EE
S32D0001DD3080B594B000AFF860B9607A603B60B86834F0D6FD0346BB64B86C34F0A1FB03461946B86834F0E6FA87
S32D0001DD5803461F49184634F0EBFB0346184634F0C3FD0346FB644FF00001B86834F07EFD0346002B02D0FB6CA4
S32D0001DD805B42FB644FF00001B86834F073FD0346002B0ED01149B86834F08AFD0346002B07D007F11400FB6C4F
S32D0001DDA8BA6C0D4938F010FA06E007F11400FB6CBA6C0A4938F008FA07F114013B687A68F868FFF75DFF00BF9F
S32D0001DDD05037BD4680BD00BF00007A44000080BF5C6206006862060080B584B000AFF8607A603B600B46FB726A
S32D0001DDF8FB7A002B06D03B687A680749F868FFF73FFF05E03B687A680449F868FFF738FF00BF1037BD4680BD93
S32D0001DE20706206007862060080B582B000AF7860FAF78AFB67210120FAF7F5FA00210220FAF7F1FAA02103202B
S32D0001DE48FAF7EDFA50210420FAF7E9FA20210520FAF7E5FA20210620FAF7E1FA77210720FAF7DDFA0021082031
S32D0001DE70FAF7D9FA00210920FAF7D5FA00210A20FAF7D1FA04210B20FAF7CDFA7B684FF0FF32DA637B684FF0F4
S32D0001DE98FF321A6400BF0837BD4680BD0000000080B586B000AFF860B9607A600020FAF7D8FA0346FB75FB7DF5
S32D0001DEC003F00203002B00F0CE80FAF7EBFAE020FAF79CFA0220FEF779FAFAF7F1FA0120FEF774FAFAF7DEFAC2
S32D0001DEE8A520FAF78FFA0120FEF76CFAFAF7B1FA03469BB21B02BB82FAF7ABFA03469AB2BB8A1343BB82FAF7D0
S32D0001DF10A4FA03469BB21B027B82FAF79EFA03469AB27B8A13437B82BB8A1B09BB827B8A1B097B82FAF7C4FAA3
S32D0001DF38FB68DB6BB3F1FF3F34D1FB681B6CB3F1FF3F2FD1BA8AFB68DA637A8AFB681A647B8AC3F57F630F33B4
S32D0001DF607B82BB8A184633F027FE49A3D3E9002333F08CFE02460B461046194634F07EF90246BB681A607B8A5F
S32D0001DF88184633F015FE42A3D3E9002333F07AFE02460B461046194634F06CF902467B681A605AE0FB68DA6B19
S32D0001DFB0BB8AD31A1946F86800F074F80346632B0CDCFB681A6C7B8AD31A1946F86800F069F80346632B01DC97
S32D0001DFD8012300E00023002B2FD0BA8AFB68DA637A8AFB681A647B8AC3F57F630F337B82BB8A184633F0DCFD83
S32D0001E00023A3D3E9002333F041FE02460B461046194634F033F90246BB681A607B8A184633F0CAFD1CA3D3E99F
S32D0001E028002333F02FFE02460B461046194634F021F902467B681A600FE0BB68164A1A607B68154A1A60FB681A
S32D0001E0504FF0FF32DA63FB684FF0FF321A64002310E001230EE0BB680D4A1A607B680C4A1A60FB684FF0FF3204
S32D0001E078DA63FB684FF0FF321A64002318461837BD4680BDAFF30080144001144001B43F1EE0011EE001AE3F31
S32D0001E0A0000080BF80B483B000AF786039603B68002B02DA3B685B423B603B6818460C37BD4680BC704780B597
S32D0001E0C884B000AF786039600023FB60786800F06CFAFB683A6813441B78002B12D07B6859697B689869FB6839
S32D0001E0F03A6813441B780246786800F073FC786800F06BFAFB680133FB60E6E700BF1037BD4680BD80B590B03F
S32D0001E11800AF7860396007F10C033A680649184638F052F807F10C0319467868FFF7C7FF00BF4037BD4680BD78
S32D0001E1405862060080B582B000AF78603960786800F02FFA39687868FFF7B5FF786800F013FA00BF0837BD4667
S32D0001E16880BD000080B483B000AF78600B46FB704D4B1B684C4A23F0080313604B4B1B684A4A23F48023136085
S32D0001E190484B1B68474A43F480331360454B1B68444A23F440731360414B1B68404A23F4435323F0300313607F
S32D0001E1B83E4B1A68FB785B0203F400733B4913430B603A4B1A68FB785B101B0203F48073364913430B60344B03
S32D0001E1E01A68FB789B101B0103F01003304913430B602F4B1A68FB78DB105B0103F020032B4913430B602A4B9E
S32D0001E2081A68FB781B119B0103F04003264913430B60254B1A68FB785B11DB01DBB2224913430B60204B1A6871
S32D0001E230FB789B111B0303F480531D4913430B601B4B1A6897F90330DB115BB25B0303F40053174913430B6024
S32D0001E258164B1B68154A23F400331360134B1B68124A43F4003313600F4B1B680E4A43F0080313600D4B1B68BC
S32D0001E2800C4A43F440731360094B1B68084A43F4435343F030031360064B1B68054A43F48023136000BF0C377B
S32D0001E2A8BD4680BC704700BF80F00F4040F00F4080B483B000AF78600B46FB70464B1B68454A23F00803136076
S32D0001E2D0444B1B68434A43F480331360414B1B68404A43F4802313603E4B1B683D4A23F4407313603A4B1B6865
S32D0001E2F8394A23F4435323F030031360374B1A68FB785B0203F40073344913430B60334B1A68FB785B101B0297
S32D0001E32003F480732F4913430B602D4B1A68FB789B101B0103F01003294913430B60284B1A68FB78DB105B018F
S32D0001E34803F02003244913430B60234B1A68FB781B119B0103F040031F4913430B601E4B1A68FB785B11DB0132
S32D0001E370DBB21B4913430B60194B1A68FB789B111B0303F48053164913430B60144B1A6897F90330DB115BB222
S32D0001E3985B0303F40053104913430B600F4B1B680E4A23F4003313600C4B1B680B4A43F400331360084B1B68C0
S32D0001E3C0074A43F008031360064B1B68054A23F48023136000BF0C37BD4680BC704700BF80F00F4040F00F40E7
S32D0001E3E880B586B000AF786000237B6107F10C0207F1100319467868FFF752FD0346002B05D07B69B3F57A7FB2
S32D0001E41001DA012300E00023002B03D07B6901337B61E7E700BF1837BD4680BD80B586B000AF78607B680022D6
S32D0001E4385A617B6800229A617B681B6AFB60FB68FB72FB681B0ABB72FB681B0CDBB203F003037B722A2178688A
S32D0001E460FFF784FE00217868FFF726FF00217868FFF722FF01217868FFF71EFF3F217868FFF71AFF2B21786851
S32D0001E488FFF770FE00217868FFF712FF00217868FFF70EFF00217868FFF70AFFEF217868FFF706FF2C217868DD
S32D0001E4B0FFF75CFE314B1B68304A23F4407313602F4B1B682E4A23F47F2323F0F00313602C4B1B682B4A23F00E
S32D0001E4D81D031360274B1A687B681B6B254913430B60254B1A687B685B6B234913430B60224B1A687B689B6B56
S32D0001E500204913430B601E4B1B681D4A23F0080313601A4B1B68194A43F48023136000237B617B69EF2B19D858
S32D0001E52800233B613B69B3F5A07F0FD2114B1B68104A23F4003313600E4B1B680D4A43F4003313603B690133DB
S32D0001E5503B61EBE77B6901337B61E2E7084B1B68074A43F008031360044B1B68034A23F48023136000BF18373F
S32D0001E578BD4680BD40F00F4080F00F40C0F00F4080B483B000AF78607B689B69002B07DD7B685B695A1C7B6813
S32D0001E5A05A617B6800229A6100BF0C37BD4680BC704780B582B000AF78607B685A697B685B689A4205DB7B68C0
S32D0001E5C800225A617868FFF72DFF00BF0837BD4680BD80B582B000AF78607B689B695A1C7B689A617B689A69F8
S32D0001E5F07B689B689A4205D17868FFF7C5FF7868FFF7D7FF00BF0837BD4680BD80B586B002AFF860B9607A6079
S32D0001E6180123009301237A68B968F86800F069F8F86800F037FB00BF1037BD4680BD80B485B000AF78603960F3
S32D0001E6407B681B68FB603B681A687B681A603B68FA681A6000BF1437BD4680BC704780B483B000AF78607B6818
S32D0001E668002B02DA7B685B4200E07B6818460C37BD4680BC704780B586B002AFF860B9607A603B60BA683B68DB
S32D0001E6901A447B68009313467A68B968F86800F0ABF8BA683B68D118BA683B68D0187A68BB69134400930346A4
S32D0001E6B87A68F86800F09CF8BA683B68D1187A68BB69D0187A68BB6913440093BB680246F86800F08DF87A68BF
S32D0001E6E0BB691A447B680093BB68B968F86800F083F800BF1037BD4680BD80B588B000AFF860B9607A603B60BC
S32D0001E708FB681B78022B03D0FB681B78032B11D17B68FB61BA6AFB691344013BBB61FB68DA68BB68D31A3B611F
S32D0001E7303B683A69D31A01337B610DE0BB68FB613A68FB691344013BBB617B687B61BA6A7B691344013B3B6160
S32D0001E7582A21F868FFF706FDFB691B0ADBB203F00F03DBB21946F868FFF7A2FDFB69DBB21946F868FFF79CFDB3
S32D0001E780BB691B0ADBB203F00F03DBB21946F868FFF792FDBB69DBB21946F868FFF78CFD2B21F868FFF7E2FC4F
S32D0001E7A87B691B0ADBB203F00F03DBB21946F868FFF77EFD7B69DBB21946F868FFF778FD3B691B0ADBB203F006
S32D0001E7D00F03DBB21946F868FFF76EFD3B69DBB21946F868FFF768FD2C21F868FFF7BEFC00BF2037BD4680BD5D
S32D0001E7F890B58BB000AFF860B9607A603B603A68BB68D31A1946F868FFF748FCF861BA6B7B68D31A1946F86825
S32D0001E820FFF740FCB861BA69FB699A42CCBF01230023FB75FB7D002B0CD03A1D07F1080311461846FFF7F7FE60
S32D0001E8483B4607F138011846FFF7F1FEBA683B689A420CDD3A4607F1080311461846FFF7E6FE3B1D07F1380187
S32D0001E8701846FFF7E0FE3A68BB689A4206D1BB687A681946F868FFF7C1FE55E0BA6B7B68D31A184633F0FCFDB2
S32D0001E89804463A68BB68D31A184633F0F5FD03461946204633F0F8FE03463B617B68184633F0EAFD03467B6265
S32D0001E8C0BB683B623B683A6A9A4235DCFB7D002B14D0786A33F082F94FF00002184B33F01FF802460B46104661
S32D0001E8E8194633F07FFC03463A6A1946F868FFF789FE13E0786A33F06DF94FF000020E4B33F00AF802460B4625
S32D0001E9101046194633F06AFC03461A46396AF868FFF774FE3969786A33F0FEFC03467B623B6A01333B62C5E79D
S32D0001E9382C37BD4690BD00BF0000E03F90B58BB000AFF860B9607A603B604FF000037B62204B3B62204BFB611C
S32D0001E960F969786A33F090FF0346002B00D131E0786AF7F749F803463968184633F0DCFD03461946B86833F0FC
S32D0001E988CFFC0346BB61786AF7F752F80346B96B184633F0CDFD03461946786833F0C0FC03467B61B86933F08E
S32D0001E9B09FFF0446786933F09BFF03461A462146F868FFF723FE396A786A33F0ADFC03467B62C5E72C37BD46A2
S32D0001E9D890BD00BF0AD7233DDB0FC94080B584B000AFF860B9607A60FB707A6813465B0013449B00991CBA68A3
S32D0001EA0013461B011344DA1CFB78F86800F004F800BF1037BD4680BD80B58EB002AFF860B9607A60FB70FB78D3
S32D0001EA280A2B06D1F868FFF7C0FDF868FFF7A8FDF2E0FB787D2B02D8FB781F2B01D82023FB70FB78203BFB7061
S32D0001EA50112300930C237A68B968F868FFF74DFEFA7813469B0013446F4AD35C3B75FA7813469B0013440133B7
S32D0001EA786B4AD35C7B75FA7813469B0013440233674AD35CBB75FA7813469B0013440333634AD35CFB75FA78E8
S32D0001EAA013469B00134404335F4AD35C3B760023BB62BB6A062B00F3A180F86800F050F9F86800F0B3F80023DB
S32D0001EAC887F82F3000237B627B6A042B35DC07F114027B6A13441B7803F00103002B14BF01230023FB76FB7E19
S32D0001EAF0002B11D097F82F3083F00103DBB2002B03D0F86800F0CAF802E0F86800F08EF8F86800F08BF80DE071
S32D0001EB1897F82F30002B03D0F86800F01DF902E0F86800F07FF8F86800F07CF8FB7E87F82F307B6A01337B62C2
S32D0001EB40C6E797F82F30002B03D0F86800F008F902E0F86800F06AF8F86800F067F8002387F82F3000233B62B8
S32D0001EB683B6A042B42DC07F114023B6A13441B7803F00103002B14BF01230023BB76BB7E002B11D097F82F304F
S32D0001EB9083F00103DBB2002B03D0F86800F07EF802E0F86800F042F8F86800F03FF80DE097F82F30002B03D0C2
S32D0001EBB8F86800F0D1F802E0F86800F033F8F86800F030F8BB7E87F82F3007F114023B6A13441B785B08D9B29E
S32D0001EBE007F114023B6A13440A461A703B6A01333B62B9E7BB6A0133BB625AE7F86800F0AFF8002387F82F305D
S32D0001EC080123FB61FB69232B06DCF86800F00AF8FB690133FB61F5E73037BD4680BD00BF400B002080B483B06F
S32D0001EC3000AF7860174B1B68164A43F480331360154B1B68144A23F008031360114B1B68104A43F48023136034
S32D0001EC580E4B1B680D4A23F4003313600B4B1B680A4A43F400331360094B1B68084A43F008031360054B1B68E6
S32D0001EC80044A23F48023136000BF0C37BD4680BC704700BF40F00F4080F00F4080B483B000AF78602B4B1B680E
S32D0001ECA82A4A43F480331360294B1B68284A23F008031360254B1B68244A43F480231360224B1B68214A23F452
S32D0001ECD040731360204B1B681F4A23F47F2323F0F00313601D4B1B681C4A23F01D031360184B1A687B685B6AE2
S32D0001ECF8164913430B60164B1A687B689B6A144913430B60134B1A687B68DB6A114913430B600E4B1B680D4A8E
S32D0001ED2023F4003313600B4B1B680A4A43F400331360094B1B68084A43F008031360054B1B68044A23F4802348
S32D0001ED48136000BF0C37BD4680BC704740F00F4080F00F40C0F00F4080B483B000AF78602B4B1B682A4A43F462
S32D0001ED7080331360294B1B68284A23F008031360254B1B68244A43F480231360224B1B68214A23F4407313600E
S32D0001ED98204B1B681F4A23F47F2323F0F00313601D4B1B681C4A23F01D031360184B1A687B681B6B16491343C9
S32D0001EDC00B60164B1A687B685B6B144913430B60134B1A687B689B6B114913430B600E4B1B680D4A23F40033AE
S32D0001EDE813600B4B1B680A4A43F400331360094B1B68084A43F008031360054B1B68044A23F48023136000BF98
S32D0001EE100C37BD4680BC704740F00F4080F00F40C0F00F4080B485B000AF78607B681B6AFB60FB68FB72FB6877
S32D0001EE381B0ABB72FB681B0CDBB203F003037B727B6800225A627B6800229A627B680022DA627B6800221A63D7
S32D0001EE607B6800225A637B6800229A637B681A6BFB7A5B0203F400731A437B681A637B681A6BFB7A5B101B02F9
S32D0001EE8803F480731A437B681A637B685A6BFB7A9B101B0103F010031A437B685A637B685A6BFB7ADB105B0169
S32D0001EEB003F020031A437B685A637B685A6BFB7A1B119B0103F040031A437B685A637B685A6BFB7A5B11DB01A3
S32D0001EED8DBB21A437B685A637B685A6BFB7A9B111B0303F480531A437B685A637B685A6B97F90B30DB115BB267
S32D0001EF005B0303F400531A437B685A637B685A6BBB7A9B0303F480431A437B685A637B685A6BBB7A5B10DB03E5
S32D0001EF289BB21A437B685A637B685A6BBB7A9B101B0403F480331A437B685A637B685A6BBB7ADB105B0403F404
S32D0001EF5000331A437B685A637B685A6BBB7A1B119B0403F480231A437B685A637B685A6BBB7A5B11DB0403F404
S32D0001EF7800231A437B685A637B689A6BBB7A9B1103F001031A437B689A637B689A6B97F90A30DB115BB29B0007
S32D0001EFA003F004031A437B689A637B689A6B7B7ADB0003F008031A437B689A637B689A6B7B7A5B101B0103F0C1
S32D0001EFC810031A437B689A637B68DB69FB60FB68FB72FB681B0ABB72FB681B0CDBB203F003037B727B685A6A1F
S32D0001EFF0FB7A5B0203F400731A437B685A627B685A6AFB7A5B101B0203F480731A437B685A627B689A6AFB7AD4
S32D0001F0189B101B0103F010031A437B689A627B689A6AFB7ADB105B0103F020031A437B689A627B689A6AFB7A6F
S32D0001F0401B119B0103F040031A437B689A627B689A6AFB7A5B11DB01DBB21A437B689A627B689A6AFB7A9B11F2
S32D0001F0681B0303F480531A437B689A627B689A6A97F90B30DB115BB25B0303F400531A437B689A627B689A6ADF
S32D0001F090BB7A9B0303F480431A437B689A627B689A6ABB7A5B10DB039BB21A437B689A627B689A6ABB7A9B10D3
S32D0001F0B81B0403F480331A437B689A627B689A6ABB7ADB105B0403F400331A437B689A627B689A6ABB7A1B1110
S32D0001F0E09B0403F480231A437B689A627B689A6ABB7A5B11DB0403F400231A437B689A627B68DA6ABB7A9B11C7
S32D0001F10803F001031A437B68DA627B68DA6A97F90A30DB115BB29B0003F004031A437B68DA627B68DA6A7B7A4E
S32D0001F130DB0003F008031A437B68DA627B68DA6A7B7A5B101B0103F010031A437B68DA6200BF1437BD4680BCED
S32D0001F1587047000080B582B000AF786039607B68012B07D13B684FF6FF72934202D10348FEF792FB00BF083797
S32D0001F180BD4680BDD41A002080B500AF4FF6FF710120FFF7E3FF80BD80B582B000AF7860164B03F580535B6B63
S32D0001F1A8144A43F0400302F580525363124B4FF400725A62104B4FF400721A620F4B14225A700E4B1B7ADBB2B6
S32D0001F1D00C4A43F00103DBB213720A4B80229A7002212B20F9F7A8F83D212A20F9F7A4F87B6818460837BD46BB
S32D0001F1F880BD00BF0070044000C004400060064080B582B000AF786039607B68012B07D13B684FF6FF729342F2
S32D0001F22002D10348FFF7B8FF00BF0837BD4680BD1C1B002080B500AF4FF6FF710120FFF7E3FF80BD80B582B029
S32D0001F24800AF78600B46FB707B68FA7811461846FDF742FD7B6818460837BD4680BD000080B582B000AF786069
S32D0001F27039607B68012B08D13B684FF6FF72934203D120210348FFF7DDFF00BF0837BD4680BD00BF201B002036
S32D0001F29880B500AF4FF6FF710120FFF7E1FF80BD80B483B000AF78607B6800221A707B6818460C37BD4680BC3A
S32D0001F2C07047000080B483B000AF78603960044A3B68136000BF0C37BD4680BC704700BF241B002080B582B000
S32D0001F2E800AF3248F9F736FA0346FB71304AFB791370304B01221A702F4B1B78022B33D0022B4FDC002B02D0CE
S32D0001F310012B14D04AE0FB79FF2B44D1284B01221A70284B00221A70264B1B785A1CD1B2244A11701946244AE9
S32D0001F338FB79535433E0214B1B785A1CD1B21F4A117019461E4AFB7953541C4B1B780D2B27D11C4B1B68194A3D
S32D0001F3601278114618489847154B02221A701CE0FB79FF2B10D1124B01221A70114B00221A70104B1B785A1C5F
S32D0001F388D1B20E4A117019460D4AFB79535409E00A4B00221A70084B00221A7002E000BF00E000BF00BF083702
S32D0001F3B0BD4680BD00A006403B1B00203A1B0020391B0020381B0020281B0020241B002080B582B000AF786086
S32D0001F3D87B681846FFF764FF7B680E491846FFF76DFF0D4B4FF0FF321A600C4B00221A700B4B00221A700B4BD5
S32D0001F40000221A700A4B00221A700A4B00221A707B6818460837BD4680BD00BF39F40100401B0020481B002084
S32D0001F428491B0020441B0020451B0020461B002080B582B000AF78600B46FB70184B1B78002B29D07B685A7838
S32D0001F450164B1A707B689A78154B1A707B68DA78144B1A707B681A79134B1A707B6805331B78AA2B0CBF0123D5
S32D0001F4780023DAB20F4B1A700F4B01221A700D4B1B78002B08D00D4800F088F90C4B1B680B4A23F4005313600B
S32D0001F4A000BF0837BD4680BD3D1B0020441B0020481B0020491B0020451B0020461B0020471B0020501B0020F3
S32D0001F4C8C0F00F4080B582B000AF786039607B68012B07D13B684FF6FF72934202D10348FFF772FF00BF0837F7
S32D0001F4F0BD4680BD3C1B002080B500AF4FF6FF710120FFF7E3FF80BD80B483B000AF7860074B1B680133064A20
S32D0001F5181360054B1A687B68C3F828227B6818460C37BD4680BC70474C1B002080B483B000AF7860054B002236
S32D0001F5401A60044B00225A607B6818460C37BD4680BC7047501B002090B589B000AFF860B9607A604FF40B70BC
S32D0001F56800F0B0FA03461C462046FFF7C9FF7C614E4B1B68002B03D1F86800F071F9B8614A4B1B68012B76D1B5
S32D0001F5904949786836F0B8FE0346002B02D10123FB7747E04549786836F0AEFE0346002B02D10323FB773DE0BE
S32D0001F5B84149786836F0A4FE0346002B02D10A23FB7733E03D49786836F09AFE0346002B02D10B23FB7729E0E5
S32D0001F5E03949786836F090FE0346002B02D11223FB771FE03549786836F086FE0346002B02D11323FB7715E00D
S32D0001F6083149786836F07CFE0346002B02D10623FB770BE02D49786836F072FE0346002B02D10723FB7701E05C
S32D0001F6300A23FB777B69FA7FB9681846FAF730FC03461A46244B1A701A4B5B685A1C19494A6022497A6941F840
S32D0001F65823201F4B1B78002B08D17B699B795BB2DB115BB203F00103002B15D01A491B48FEF764FD10E0BB690A
S32D0001F680B3F1FF3F04D118491648FEF75BFD07E0B9691448FEF73EFD14491248FEF752FD044B5B68013B0D4A63
S32D0001F6A852F8233018462437BD4690BD501B00208062060084620600886206008C620600906206009462060056
S32D0001F6D0986206009C6206008C1D0020901D0020A0620600D41A0020B4620600CC62060080B584B000AF78601B
S32D0001F6F83960274B1B68002B43D03B68002B40D00023FB60224B5B68FA689A4239DA3B68D3F828221F49FB68B7
S32D0001F72051F82330D3F828329A422AD11B4AFB6852F823301846FAF783FF03461A46184B1A70154B5B68013BF7
S32D0001F748134A5360FB68BB60114B5B68BA689A420CDABB6801330F4A52F823200D49BB6841F82320BB68013378
S32D0001F770BB60EDE7084B5B68084A002142F8231003E0FB680133FB60C0E7054B1B7818461037BD4680BD00BF82
S32D0001F798501B0020901D00208C1D002080B584B000AF7860154B1B68002B21D00023FB60124B5B68FA689A4256
S32D0001F7C014DA114AFB6852F82330002B0AD00E4AFB6852F823301846FAF732FF03461A460A4B1A70FB680133D5
S32D0001F7E8FB60E5E7054B00225A60044B00221A60044B1B7818461037BD4680BD501B0020901D00208C1D0020CC
S32D0001F8100CB480B584B000AF7860396007F11C03BB603B68BA68B9691846FAF783FFF8603B689B795BB2DB118E
S32D0001F8385BB203F00103002B06D007490748FEF77DFC4FF0FF3300E0FB6818461037BD46BDE8804002B0704765
S32D0001F860E8620600D41A002080B584B000AF7860294B4FF480729A61284B5B69274A23F0400353610023FB6057
S32D0001F888254B1B6903F04003002B0CBF01230023DBB2002B33D04FF49670FCF793FD0020FBF7FCFF0346FB60B2
S32D0001F8B01C4B1B68022B06D11B491C48FEF742FC1B4B01221A60174B1B68032B03D119491648FEF737FC18490D
S32D0001F8D80020FAF7B7FA03461A46164B1A70154B1B78002B05D114490E48FEF727FCFB6809E012490B48FEF7FD
S32D0001F90021FCFB6803E04FF0FF33FB60FB6818461037BD4680BD00BF00D00440C0F00F4000F10F400C1800200B
S32D0001F92818630600D41A0020501B00202C630600581B00208C1D0020446306006063060080B582B000AF786041
S32D0001F95039607B68012B07D13B684FF6FF72934202D10348FFF7E6FD00BF0837BD4680BD501B002080B500AF36
S32D0001F9784FF6FF710120FFF7E3FF80BD80B483B000AF78600A4B03F580531B6B084A43F0010302F58052136319
S32D0001F9A0064B5B68054A43F03203536000BF0C37BD4680BC704700BF0070044000000A4003460846194634F0EB
S32D0001F9C8DBB800BF70B5036884B000249E690394102315460293CDE900446B461268B0479DF8043003F0060334
S32D0001F9F0062B03BF009B2B600120204604B070BD0098904214BF01200620704710B5034B0360044600F010F973
S32D0001FA18204610BDB463060010B5054B0360044600F006F92046082100F04AF8204610BDB46306002DE9F04166
S32D0001FA40069F0899099E8F42044690461D460CD02946204600F0F4F820B10123376086F80480B3710020BDE852
S32D0001FA68F081079900F0E8F80028EDD086F805800020BDE8F08100BF38B515461C4600F0DBF800B938BD08226C
S32D0001FA9006232560E260237138BD00BF2DE9F041064617461D460C4600F0CAF848B9032D07D823683A46314626
S32D0001FAB820465B69BDE8F0411847BDE8F08100BF27F0CEBD012838BF012010B50446204635F0E6FA00B110BD10
S32D0001FAE028F036FD08B18047F5E7042027F086FE024B034A0349036028F09AFCF094060001760400CC9406002F
S32D0001FB0808B503491B2202203CF0BCF828F016FCD863060010B5034B03600446FFF772FF204610BD3064060027
S32D0001FB3010B5054B03600446FFF768FF20460C21FFF7C2FF204610BD3064060070B582B00446069E96420D4600
S32D0001FB5809D0A06804680696246A2946A44602B0BDE87040604719460192009300F064F8DDE900320028ECD053
S32D0001FB80062002B070BD00BF2DE9F04F0D4681B01946DDE90A7ADDE90C981C460646934600F04EF880B94F451C
S32D0001FBA827D0B06823460468CDE90C98CDE90A7AE4695A462946A44601B0BDE8F04F6047002DC8F8007088F857
S32D0001FBD004B00CDB3D44A9450CBF4FF006094FF0010988F80690002001B0BDE8F08F0235F9D1012388F80630B4
S32D0001FBF8F5E75146304600F01FF80028D1D088F805B0ECE72DE9F04106460F4614461D46FFF732FF48B9B06838
S32D0001FC20016822468C692B463946A446BDE8F0416047BDE8F08100BF704700BF00207047814211D008B540686D
S32D0001FC4803782A2B0AD049680B782A2B08BF013136F056FBB0FA80F0400908BD002008BD01207047704700BF8F
S32D0001FC70704700BF2DE9F04FD04FD14D3968DFF84493D14B8E68DFF84483DFF844B3002483B00122C5E90094D4
S32D0001FC98C5E90244C5E90444AC6105F11C001A7001F092F83B682E624FF0FF3A5B68C8F80090C8E90144C8E9CA
S32D0001FCC00344C8E90544C5F824A008F11C00C5F800B0019301F07CF8019BBE4EC8F820303B68C6F80090C6E980
S32D0001FCE80144DB68C8F824A0C6E90344C6E9054406F11C00C8F800B0DFF8D492019301F063F8019BDFF8CC8292
S32D0001FD10C6F800B0C6E9083AA9F10406484608F1140A12F0F1F9C6E91F44C6E9214429467467A6F8784049F829
S32D0001FD38048C4846C6F804A012F06CF9A64C204612F0DEF9A54B44F8083C143323600023C4E91E33C4E9203329
S32D0001FD602367A4F8743044F8043C20469749083C12F054F99C4DA5F10409284612F0C4F90023C9E91F33C9E9C3
S32D0001FD882133924945F8048C2846C9F804A0C9F87430A9F8783012F03DF9DFF848B2ABF10405584612F0ACF9DC
S32D0001FDB00023C5E91F33C5E9213386494BF8048CC5F804A058466B67A5F8783012F026F9D9F81030864DDFF86B
S32D0001FDD81CB2A66743F40053C9F810303B68C9F8746000249E68AC61C5E900B4C5E90244C5E9044405F11C00C9
S32D0001FE0000F0E6FFDFF8F0813B682E624FF0FF39DFF8E8A15B68C5F800A0C5F82490C8F800B0C8E90144C8E904
S32D0001FE280344C8E9054408F11C00019300F0CCFF019B714EC8F820303B68C6F800B06F4FD3F80CB0C8F82490D1
S32D0001FE50C8F800A0C6E90144C6E90344C6E9054406F11C0000F0B4FFDFF89C81C6F800A0C6E908B9384612F049
S32D0001FE7847F9294608F114093D1FC5E91D44C5E92044C5E9224447F8048C384685F87C40C5F8049012F01EF915
S32D0001FEA05A4C204612F030F9594B44F8083CA4F108061433B3600023C6E91E33C6E92133C6E923334C4986F89D
S32D0001FEC880302046736012F005F9504F3C1F384612F016F90023C4E91D33C4E92033C4E92233454947F8048C1A
S32D0001FEF03846C4F8049084F87C3012F0EFF8DFF818A1AAF10407504612F0FEF80023C7E91D33C7E92033C7E96A
S32D0001FF18223339494AF8048CC7F80490504687F87C3012F0D7F83B4922690B68B56742F4005201332261656783
S32D0001FF400B6003B0BDE8F08F354B7360224812F017F927F08FFC334B7B602F4812F010F927F088FC2F4B63602C
S32D0001FF682A4812F009F927F081FC2C4BB360254812F002F927F07AFC284B6B601F4812F0FBF827F073FC244B50
S32D0001FF906B60164812F0F4F827F06CFC204BC9F80430114812F0ECF827F064FC1C4BA3600B4812F0E5F827F0E3
S32D0001FFB85DFC00BFB40D00203C2F00207C8D0600200D0020EC2E002058820600142F002088310020988A0600BC
S32D0001FFE0E42F00204884060070300020FC300020B42F0020BC8D0600642F0020988206008C2F0020C8330020C6
S32D00020008C88A06001832002078840600A832002038330020FC2D00207483060084830600064A1368591C10B527
S32D00020030044611600BB1204610BDFFF71BFE204610BD00BFFC2D0020114A1368591E022B10B50446116001D0E1
S32D00020058204610BD0D481BF013FE0D481BF010FE0C481BF00DFE0C481CF098F80B481CF095F80B481CF092F837
S32D00020080204610BD27F080FD27F0BCFDE4E700BFFC2D0020843100206C300020F8300020C4330020A432002000
S32D000200A834330020704700BF10B5044627F0D8FA204610BD044A0B6812680360934202D01A6801321A607047D5
S32D000200D0FC1D00200160704710B5054C206800B110BD02460349204628F0C4FE206810BD041E00206C64060052
S32D000200F8004870476C640600426870B50546EAB18368C3B1304E002403E0AB680134A34210D952F824000028BE
S32D00020120F8D04368591E012B4160F2D103685B68B34238D127F098FA6A68EAE712B1104627F094FAEA68EAB112
S32D00020148AB68C3B1204E002403E0AB680134A34210D952F824000028F8D04368591E012B4160F2D103685B6837
S32D00020170B3421AD127F078FAEA68EAE712B1104627F074FA2B6963B10024185910B127F06DFA2B690434182CA9
S32D00020198F7D113B1184627F065FA284670BD9847C6E79847E4E727F0EBFC27F027FDBFE727F0E6FC27F022FDF8
S32D000201C0DAE7013102D127F06DFCFAE727F052FBB100020038B50A4B05681B689D42044604D02B685A1E012B6B
S32D000201E82A6001D0204638BD2846FFF785FF284627F036FA204638BDFC1D00200F4B1A680B68934270B50D4664
S32D00020210044602D01968013119602668B24204D03268511E012A316002D02360204670BD3046FFF765FF30462D
S32D0002023827F016FA2B682360204670BDFC1D0020002A00F0E5802DE9F04F0C6883B00546164624B9A94B1C6816
S32D0002026001341C600C60AB68671E013BBB425CD204F103086FF06043984534BF4FEA880A4FF0FF3A5046D5F8DA
S32D0002028804B028F069F98146A86868B16B6803EB800CA9F10402043BACF1040C53F8041F42F8041F9C45F9D1D9
S32D000202B0804507D9A8EB0002920009EB8000002135F0B0FB5046D5F80CA028F049F9D5F808C00346BCF1000FEA
S32D000202D80CD0EA6802EB8C0E011F043AAEF1040E52F8040F41F8040F7245F9D1C44509D2A8EB0C0203EB8C0009
S32D0002030092000021019335F08DFB019BEB60C5E90198BBF1000F02D0584627F0A7F9BAF1000F02D0504627F090
S32D00020328A1F9D5F80480736858F827C001337360BCF1000F43D0724A1168002938D06F480EE0D2F804E0DEF843
S32D00020350003023B9036801330360CEF800309C4269D052F8081F39B30B681BB90368013303600B609C42E8D1BA
S32D0002037851680B6823B9614A1368013313600B605C1E58F824309BB130460DF08DF8814658F82400D9F8043073
S32D000203A00133C9F8043043685A1E012B426068D048F8249058F827C0DCF804305A1E012BCCF804202DD0AA680D
S32D000203C848F827600AB30024EB68DFF83881274604E0AA680F600134A24216D953F82400A60003EB84010028F0
S32D000203F0F5D0426802F1FF3C012AC0F804C0ECD103685B68434508D127F02EF9EB689919E3E703B0BDE8F08F69
S32D0002041870479847EB689919DBE7DCF80030394A5B689342604626D127F01AF9C7E70B6823B9324A1368013349
S32D0002044013600B605C1E58F82430002BB4D0304604F08CFC814658F82400D9F804300133C9F8043043685A1E63
S32D00020468012B4260A0D10368264A5B6893420BD127F0F6F898E79847A1E70368214A5B689342F5D098478FE763
S32D0002049098478DE727F078FB27F0B4FBBEE727F073FB27F0AFFB8EE727F06EFB484627F0DDF827F0D7FF27F03B
S32D000204B867FB27F0A3FB77E727F062FB27F09EFB72E7013115D127F0E9FA013105D127F0E5FA013103D127F0F5
S32D000204E0E1FA27F0C7F927F0C5F927F08BFB27F0C1F9013103D127F0D5FA27F0BBF927F0B9F900BF001E00207A
S32D000205088C640600B10002002DE9F041374C2378BFF35B8FDB0707460E4615464AD5344B1C68002C3AD0334868
S32D000205309C460BE023B90168013101600B461160013B9D4243D05CF8084F5CB3236823B902680132026013468D
S32D000205582260013BDCF804209D421368E6D1002B3BD0013BFA6852F8251051B1A6B13368214A5B6893423046EC
S32D0002058035D1BDE8F04127F06FB87168481C7060581C42F8256003D00231716042F82360BDE8F081FB6853F899
S32D000205A82520002AE2D172680132726043F82560BDE8F081204627F089FF0028AFD0204627F0A0FFABE7226868
S32D000205D022B90A4B1A6801321A6022602B46551EC4E706490B6801330B601360BDE7BDE8F0411847F81D0020A9
S32D000205F88C640600001E0020B100020003682BB903490A6801320A6013460260581E7047001E00202DE9F04FC7
S32D00020620C54C0160302389B006468360C0220021204635F0F7F9C14B746000211846C02235F0F0F9BE4DBF4A9C
S32D000206480024C6E90302C2E90054C2E90244C2E90444FFF74DFD02882A80B94801232246214605F039FEB64A33
S32D00020670B6493046FFF7E8FDB548012128F0A6FCB34AB4493046FFF7DFFDB34CB348B44A846001230021C4E921
S32D0002069800234360B14B2174C4E90211C4E90511C4E90711A18484F86410036001F07EF8A84AAB493046FFF762
S32D000206C0C3FDAA4AAA4B1360012151603046A949FFF7BAFDA84AA94B1360012151603046A749FFF7B1FDA74CDD
S32D000206E8A74B0122C4E90032FFF7F2FCA060A54922463046FFF7A4FDDFF88CA2A34AA4480123CAE90023C0E926
S32D00020710013A0022A14BAAF81020CAE90222CAE90522CAE90722CAE90922CAE90B228AF81220CAF834208AF807
S32D0002073843200360114600F0CDFB954A96493046FFF77EFDDFF8549295480123C0E90139C9F80430934BC9F8E2
S32D0002076000300022924BA9F81020C9E90222C9E90522C9E90722C9E90922C9E90B2289F81220C9F8342089F8DA
S32D0002078843200360114600F059FB854A87493046FFF756FD864A874B13600123864953603046FFF74DFD854A42
S32D000207B0854B13600123854953603046FFF744FD834D8449296000230122C5E90123C5E90333C5E90533C5E9CE
S32D000207D80733C5E90933C5E90B33C5E90D33C5E90F33C5E91133C5E91333C5E91533C5E91733C5E91933C5E987
S32D000208001B33C5E91D33EB677348C5E920332946C5E92233C5E92433C5E92633C5E92833C5E92A33C5E92C33CF
S32D00020828C5E92E33C5F8C03085F8C43012F034FA674A68493046FFF703FD674A674B13600123674953603046A2
S32D00020850FFF7FAFC654A664B13600123654953603046FFF7F1FC644801210AF0FFFB624A62493046FFF7E8FC72
S32D000208786148012105F000FD5F4A60493046FFF7DFFC5F48012128F0B5FB5D4A5D493046FFF7D6FCDFF870B1E6
S32D000208A05C480123CBF8043043605B4BCBF800305A4BC0F808B000210360CBE90211CBE90511CBE90711CBE983
S32D000208C809118BF810108BF8241100F0FDFF4F4A51493046FFF7B4FC504A514B13600123504953603046FFF7CB
S32D000208F0ABFC4F4A4F4B136001234F4953603046FFF7A2FC4D4C4E4B236001236360FFF7E3FBA0604B492246A6
S32D000209183046FFF795FCDFF828814A480123C8F804304360484BC8F8003000228EE000BFB42B0020C42A002006
S32D000209409C230020AC2A0020A8230020742D0020842B0020E42E0020141F0020301E0020986506003C7406008B
S32D00020968A82D0020742C002038850600482E0020842C002074850600442E00209C2B0020207406009C2D002086
S32D00020990342200202C650600D41E002094740600B82D002078220020E01E00201C65060060740600B42D0020CB
S32D000209B8781E0020E4740600B02D0020881E0020FC740600AC2D0020A4200020A4850600981E0020402E002052
S32D000209E0481E002014750600A42D0020581E0020A48606003C2E0020101E0020A02D0020C8250020782D002084
S32D00020A08902B0020E82E00207C1F00203C1E0020A86506003C7F0600E82D00207C2C0020308F0600A82E0020EC
S32D00020A308C2C00206C8F0600A42E0020A82B0020207F0600DC2D0020BC220020EC1E00204C650600AC4BC0F87C
S32D00020A58088003601146C8E90222C8E90522C8E90722C8E90922C8E90B22C8E90D2288F81020C8F83C2088F8BF
S32D00020A806C2000F027FBA14AA1493046FFF7DCFBA04FA14801237B604360A04B3B6000229F4B876003601146E3
S32D00020AA8C7E90222C7E90522C7E90722C7E90922C7E90B22C7E90D223A74FA6387F86C2000F0B8FA924A954991
S32D00020AD03046FFF7B9FB944A944B13600123944953603046FFF7B0FB924A934B13600123924953603046FFF790
S32D00020AF8A7FB914C9149216000230122C4E90123C4E90333C4E90533C4E90733C4E90933C4E90B33C4E90D336D
S32D00020B20C4E90F33C4E91133C4E91333C4E91533C4E91733C4E91933C4E91B33C4E91D33E3678148C4E92033E2
S32D00020B482146C4E92233C4E92433C4E92633C4E92833C4E92A33C4E92C33C4E92E33C4F8C03084F8C4301DF0B5
S32D00020B705FFC754A75493046FFF766FB744A754B13600123744953603046FFF75DFB734A734B13600123734999
S32D00020B9853603046FFF754FB7148012110F01AFF6F4A70493046FFF74BFB6F4A6F4B136001236F4953603046BC
S32D00020BC0FFF742FB6D4A6E4B136001236D4953603046FFF739FB6C4A6C4B136001236C4953603046FFF730FBBF
S32D00020BE86A4A6B4B136001236A4953603046FFF727FB694A02A93046CDE9022ACDE9049BCDE9068701F096FD16
S32D00020C10F36864480193FFF7F5FC019B604A43F82020F36860480193FFF7ECFC019B43F820A05E48D6F80CA045
S32D00020C38FFF7E4FC4AF820905B48D6F80C90FFF7DDFC49F820505948F568FFF7D7FC45F820B02D48F568FFF79B
S32D00020C60D1FC45F820802F48F568FFF7CBFC45F820703648F568FFF7C5FC45F82040304609B0BDE8F08F044690
S32D00020C880B4601333AD1204626F008FF0D4604461F48FFF707FA2B46F3E70D4604464448FFF700FA2B46ECE786
S32D00020CB00D4604464148FFF7F9F92B46E5E70D4604463F48FFF7F2F92B46DEE70D4604463C48FFF7EBF92B4622
S32D00020CD8D7E70D4604463A48FFF7E4F92B46D0E70D4604463748FFF7DDF92B46C9E70D4604460448FFF7D6F95D
S32D00020D002B46C2E726F0B6FD947F0600EC1E0020F82D00202C230020F81E00203C650600607F0600F42D0020E6
S32D00020D28801E0020E47F0600F02D0020901E0020FC7F0600EC2D00206C2100209C8F0600AC1E0020A02E0020F9
S32D00020D50501E002014800600E42D0020601E00209C9006009C2E0020201E0020E02D0020681E0020F0680600D1
S32D00020D78A02C0020701E002098680600982C0020041F0020C46806009C2C00200C1F00206C680600942C002065
S32D00020DA0141F0020A82D0020B82D0020B42D0020402E0020E82D0020E01E0020D41E00209C2B0020301E00208D
S32D00020DC8A82B00203C1E0020F8B5174E3368002204460260D3B1154D2A6822609A420AD0134E3378BFF35B8FBB
S32D00020DF0DB0706D52B6823601A6801321A602046F8BD304627F066FB0028F3D0304627F07DFBEFE7094F074D56
S32D00020E1802213846FFF7FEFB0748376039462F60FFF754F93368D7E7FC1D0020081E00200C1E0020C01E0020C3
S32D00020E40A82A002010B50446806830B32E234374A3681E492C229A741D4AA368106818630022C3E90212C3E9ED
S32D00020E680512C3E90712C3E90912DA62174AA3681268586302F10A0C531EC2F10100A268C1180A4413F8011F50
S32D00020E9082F838106345F6D110BD4420FEF716FE0D4AA0600023C0E90023C0E90233C0E90533C0E90733C0E936
S32D00020EB80933C0E90B3303828374436380F84330C0E700BFA88B060070990600300D00201C65060010B5044639
S32D00020EE0806830B32E234374A3681E492C229A741D4AA368106818630022C3E90212C3E90512C3E90712C3E9C6
S32D00020F080912DA62174AA3681268586302F10A0C531EC2F10100A268C1180A4413F8011F82F838106345F6D106
S32D00020F3010BD4420FEF7CAFD0D4AA0600023C0E90023C0E90233C0E90533C0E90733C0E90933C0E90B3303826B
S32D00020F588374436380F84330C0E700BFA88B060070990600300D00202C65060010B504468068084B236010B1B1
S32D00020F8003685B6898472046FFF790F8204610BD2046FFF78BF826F06DFC00BF6074060010B5044680680B4BD9
S32D00020FA8236010B103685B6898472046FFF77AF8204626F055FB204610BD2046FFF772F8204626F04DFB26F05B
S32D00020FD051FCF9E76074060010B504468068084B236010B103685B6898472046FFF75EF8204610BD2046FFF70E
S32D00020FF859F826F03BFC00BF9474060010B5044680680B4B236010B103685B6898472046FFF748F8204626F0A8
S32D0002102023FB204610BD2046FFF740F8204626F01BFB26F01FFCF9E79474060038B58368044613B31E491F4D4F
S32D0002104808681F4998630022C3E90712C3E90912C3E90B129D60DA605A632E25A2685D6118492C259D61D0633C
S32D000210700968A2684B1E3C3201F10A0013F8011F42F8041F8342F9D138BD7020FEF71EFD0F49A0600022C0E933
S32D000210980012C0E90222C0E90522C0E90722C0E90922C0E90B22C0E90D2203460274C26380F86C20C2E700BFD5
S32D000210C070990600A88B060028C80600300D00203C65060038B58368044613B31E491F4D08681F49986300220E
S32D000210E8C3E90712C3E90912C3E90B129D60DA605A632E25A2685D6118492C259D61D0630968A2684B1E3C323F
S32D0002111001F10A0013F8011F42F8041F8342F9D138BD7020FEF7D2FC0F49A0600022C0E90012C0E90222C0E9A9
S32D000211380522C0E90722C0E90922C0E90B22C0E90D2203460274C26380F86C20C2E700BF70990600A88B060074
S32D0002116028C80600300D00204C65060010B504468068084B236010B103685B6898472046FEF794FF204610BD99
S32D000211882046FEF78FFF26F071FB00BF607F060010B5044680680B4B236010B103685B6898472046FEF77EFFB2
S32D000211B0204626F059FA204610BD2046FEF776FF204626F051FA26F055FBF9E7607F060010B504468068084B01
S32D000211D8236010B103685B6898472046FEF762FF204610BD2046FEF75DFF26F03FFB00BF947F060010B50446B9
S32D0002120080680B4B236010B103685B6898472046FEF74CFF204626F027FA204610BD2046FEF744FF204626F09F
S32D000212281FFA26F023FBF9E7947F060090F843300C4A10B5044602607BB1806808B126F011FA606908B126F008
S32D000212500DFAE06908B126F009FA606A08B126F005FA2046FEF722FF204610BD1C65060010B50446FFF7DEFF9C
S32D00021278204626F0F5F9204610BD204626F0F0F926F0F4FA90F843300C4A10B5044602607BB1806808B126F09B
S32D000212A0E5F9606908B126F0E1F9E06908B126F0DDF9606A08B126F0D9F92046FEF7F6FE204610BD2C6506005C
S32D000212C810B50446FFF7DEFF204626F0C9F9204610BD204626F0C4F926F0C8FA90F86C300C4A10B504460260A7
S32D000212F07BB1806808B126F0B9F9E06908B126F0B5F9606A08B126F0B1F9E06A08B126F0ADF92046FEF7CAFE4E
S32D00021318204610BD3C65060010B50446FFF7DEFF204626F09DF9204610BD204626F098F926F09CFA90F86C30C7
S32D000213400C4A10B5044602607BB1806808B126F08DF9E06908B126F089F9606A08B126F085F9E06A08B126F083
S32D0002136881F92046FEF79EFE204610BD4C65060010B50446FFF7DEFF204626F071F9204610BD204626F06CF91E
S32D0002139026F070FA10B50446806830B32E234374A3681E492C229A741D4AA368106818630022C3E90212C3E90A
S32D000213B80512C3E90712C3E90912DA62174AA3681268586302F10A0C531EC2F10100A268C1180A4413F8011FFB
S32D000213E082F838106345F6D110BD4420FEF76EFB0D4AA0600023C0E90023C0E90233C0E90533C0E90733C0E98C
S32D000214080933C0E90B3303828374436380F84330C0E700BFA88B060070990600300D00201C65060010B50446E3
S32D00021430806830B32E234374A3681E492C229A741D4AA368106818630022C3E90212C3E90512C3E90712C3E970
S32D000214580912DA62174AA3681268586302F10A0C531EC2F10100A268C1180A4413F8011F82F838106345F6D1B1
S32D0002148010BD4420FEF722FB0D4AA0600023C0E90023C0E90233C0E90533C0E90733C0E90933C0E90B330382C0
S32D000214A88374436380F84330C0E700BFA88B060070990600300D00202C65060038B58568114B0360044655B101
S32D000214D02B68104A5B689342284609D1FFF7AAFE284626F0C1F82046FEF7E0FD204638BD98472046FEF7DAFDA0
S32D000214F8204638BD02E0284626F0B2F82046FEF7D1FD26F0B3F900BFC48506007112020010B50446FFF7D2FF05
S32D00021520204626F0A1F8204610BD204626F09CF826F0A0F938B58568114B0360044655B12B68104A5B68934226
S32D00021548284609D1FFF79EFE284626F089F82046FEF7A8FD204638BD98472046FEF7A2FD204638BD02E02846B5
S32D0002157026F07AF82046FEF799FD26F07BF900BFF8850600C912020010B50446FFF7D2FF204626F069F8204610
S32D0002159810BD204626F064F826F068F938B58368044613B31E491F4D08681F4998630022C3E90712C3E90912CB
S32D000215C0C3E90B129D60DA605A632E25A2685D6118492C259D61D0630968A2684B1E3C3201F10A0013F8011FC7
S32D000215E842F8041F8342F9D138BD7020FEF76AFA0F49A0600022C0E90012C0E90222C0E90522C0E90722C0E9BC
S32D000216100922C0E90B22C0E90D2203460274C26380F86C20C2E700BF70990600A88B060028C80600300D0020E6
S32D000216383C65060038B58368044613B31E491F4D08681F4998630022C3E90712C3E90912C3E90B129D60DA609F
S32D000216605A632E25A2685D6118492C259D61D0630968A2684B1E3C3201F10A0013F8011F42F8041F8342F9D13A
S32D0002168838BD7020FEF71EFA0F49A0600022C0E90012C0E90222C0E90522C0E90722C0E90922C0E90B22C0E9A9
S32D000216B00D2203460274C26380F86C20C2E700BF70990600A88B060028C80600300D00204C65060038B585685F
S32D000216D8114B0360044655B12B68104A5B689342284609D1FFF7FAFD284625F0B9FF2046FEF7D8FC204638BD54
S32D0002170098472046FEF7D2FC204638BD02E0284625F0AAFF2046FEF7C9FC26F0ABF800BFBC8F06002113020029
S32D0002172810B50446FFF7D2FF204625F099FF204610BD204625F094FF26F098F838B58568114B0360044655B1D8
S32D000217502B68104A5B689342284609D1FFF7EEFD284625F081FF2046FEF7A0FC204638BD98472046FEF79AFC96
S32D00021778204638BD02E0284625F072FF2046FEF791FC26F073F800BFF08F06007913020010B50446FFF7D2FFFF
S32D000217A0204625F061FF204610BD204625F05CFF26F060F838B583680446002B35D0254A254D10682E2183F852
S32D000217C82410A1680022C3E902521A742C2381F8253000F1230C431EC0F10100A268C1180A4413F8011F82F8DE
S32D000217F026106345F6D1194B1868431E00F1190CC0F10100A268C1180A4413F8011F82F84A106345F6D1A3686D
S32D000218181149124C04200522C3E90540C3E9071238BD6820FEF74EF90D49A0600022C0E90012C0E90222C0E985
S32D000218400522C0E9072203460274828480F86420B5E700BF2C0D0020A88B0600280D00205C65060054650600F6
S32D000218689865060010B504468068084B236010B103685B6898472046FEF714FC204610BD2046FEF70FFC25F099
S32D00021890F1FF00BF3C74060010B5044680680B4B236010B103685B6898472046FEF7FEFB204625F0D9FE204619
S32D000218B810BD2046FEF7F6FB204625F0D1FE25F0D5FFF9E73C74060010B50446806858B3204B214C19688460DF
S32D000218E000230246C36003742E242C23446201F1230C42F8283F4B1E13F8011F42F8041F6345F9D1174B196884
S32D0002190800F1B8024B1E01F1190C13F8011F42F8041F6345F9D1124C124A04210523C0E90541C0E9072310BDF4
S32D000219304FF49470FEF7CAF80D4AA0600023C0E90023C0E90233C0E90533C0E90733C0E90933037480F8243178
S32D00021958BEE700BF2C0D0020A88B0600280D00206465060078650600A865060010B504468068084B236010B1C1
S32D0002198003685B6898472046FEF790FB204610BD2046FEF78BFB25F06DFF00BF3C7F060010B5044680680B4BE2
S32D000219A8236010B103685B6898472046FEF77AFB204625F055FE204610BD2046FEF772FB204625F04DFE25F04A
S32D000219D051FFF9E73C7F060090F864300A4A10B5044602605BB1806808B125F03FFE606908B125F03BFEE069FD
S32D000219F808B125F037FE2046FEF754FB204610BD9865060010B50446FFF7E2FF204625F027FE204610BD2046BD
S32D00021A2025F022FE25F026FF90F824310A4A10B5044602605BB1806808B125F017FE606908B125F013FEE069BD
S32D00021A4808B125F00FFE2046FEF72CFB204610BDA865060010B50446FFF7E2FF204625F0FFFD204610BD2046D5
S32D00021A7025F0FAFD25F0FEFE38B583680446002B35D0254A254D10682E2183F82410A1680022C3E902521A74C7
S32D00021A982C2381F8253000F1230C431EC0F10100A268C1180A4413F8011F82F826106345F6D1194B1868431E0E
S32D00021AC000F1190CC0F10100A268C1180A4413F8011F82F84A106345F6D1A3681149124C04200522C3E9054090
S32D00021AE8C3E9071238BD6820FDF7ECFF0D49A0600022C0E90012C0E90222C0E90522C0E9072203460274828446
S32D00021B1080F86420B5E700BF2C0D0020A88B0600280D00205C650600546506009865060038B58568114B036045
S32D00021B38044655B12B68104A5B689342284609D1FFF746FF284625F08BFD2046FEF7AAFA204638BD984720467B
S32D00021B60FEF7A4FA204638BD02E0284625F07CFD2046FEF79BFA25F07DFE00BF148506000D1A020010B5044673
S32D00021B88FFF7D2FF204625F06BFD204610BD204625F066FD25F06AFE10B50446806858B3204B214C19688460B6
S32D00021BB000230246C36003742E242C23446201F1230C42F8283F4B1E13F8011F42F8041F6345F9D1174B1968B1
S32D00021BD800F1B8024B1E01F1190C13F8011F42F8041F6345F9D1124C124A04210523C0E90541C0E9072310BD22
S32D00021C004FF49470FDF762FF0D4AA0600023C0E90023C0E90233C0E90533C0E90733C0E90933037480F8243107
S32D00021C28BEE700BF2C0D0020A88B0600280D00206465060078650600A865060038B58568114B0360044655B193
S32D00021C502B68104A5B689342284609D1FFF7E4FE284625F001FD2046FEF720FA204638BD98472046FEF71AFA20
S32D00021C78204638BD02E0284625F0F2FC2046FEF711FA25F0F3FD00BF0C8F06005D1A020010B50446FFF7D2FF74
S32D00021CA0204625F0E1FC204610BD204625F0DCFC25F0E0FD30B585B004460021684639F0D9FFDDE9005269018E
S32D00021CC85001491B40EAD56060EB02004B02400240EAD150591942EB00004FEA801C8B014CEA916C5B1A02996E
S32D00021CF06CEB00005B1942EB00025B1842EBE17250015901C91A40EAD36060EB0200800040EA91708900CB1888
S32D00021D1842EB0002D20042EA53722046DB00C4E9003205B030BD00BF009B03201A60704700207047002070478B
S32D00021D4004207047009B03201A607047009B03201A607047009B03201A607047D0E90032B2EB030C2FD030B550
S32D00021D6893F900E01A78BEF1000F044615DAC12A22D9DF2A15D8BCF1010F50D0587800F0C00CBCF1800F17D1ED
S32D00021D9000EB8210A0F54250814201D30233236030BD01330360104630BDEF2A0ED8BCF1020F38D9587800F0DB
S32D00021DB8C00CBCF1800F35D04FF0FF3030BD6FF001007047F42AF7D8BCF1030F27D9587800F0C00CBCF1800F08
S32D00021DE0EED1F02A3AD0F42A01D18F28E8D893F802C00CF0C00EBEF1800FE1D193F803E00EF0C005802DDBD1F8
S32D00021E08000300EB824202EB8C127244A2F17270A0F502508842BFD80433236030BD6FF0010030BDE02A12D01A
S32D00021E3093F802C00CF0C00EBEF1800FC0D1800100EB02326244A2F5622080388142A7D30333236030BD9F28DB
S32D00021E58EAD8B1E78F28C6D8AEE700BFD0E90032B2EB030C2FD030B593F900E01A78BEF1000F044615DAC12AFC
S32D00021E8022D9DF2A15D8BCF1010F50D0587800F0C00CBCF1800F17D100EB8210A0F54250814201D302332360C1
S32D00021EA830BD01330360104630BDEF2A0ED8BCF1020F38D9587800F0C00CBCF1800F35D04FF0FF3030BD6FF0EE
S32D00021ED001007047F42AF7D8BCF1030F27D9587800F0C00CBCF1800FEED1F02A3AD0F42A01D18F28E8D893F8E1
S32D00021EF802C00CF0C00EBEF1800FE1D193F803E00EF0C005802DDBD1000300EB824202EB8C127244A2F172704C
S32D00021F20A0F502508842BFD80433236030BD6FF0010030BDE02A12D093F802C00CF0C00EBEF1800FC0D1800102
S32D00021F4800EB02326244A2F5622080388142A7D30333236030BD9F28EAD8B1E78F28C6D8AEE700BF10B5034B13
S32D00021F7003600446FEF79AF8204610BDD465060010B5034B03600446FEF790F8204610BD0066060010B5034BAC
S32D00021F9803600446FEF786F8204610BD2C66060010B5034B03600446FEF77CF8204610BD5866060010B5054BF9
S32D00021FC003600446FEF772F8204625F04DFB204610BD00BFD465060010B5054B03600446FEF764F8204625F063
S32D00021FE83FFB204610BD00BF0066060010B5054B03600446FEF756F8204625F031FB204610BD00BF2C660600FB
S32D0002201010B5054B03600446FEF748F8204625F023FB204610BD00BF586606007F2908D8D0E900329A4242D0F9
S32D000220385A1C0260012019707047B1F5006F10B413D2D0E900239B1A012B36D98B09541C403B046013700368E4
S32D0002206001F03F015A1C803902601970012010BC7047B1F5803F19D3B1F5881F21D2D0E900239B1A032B1CD91C
S32D000220888B0C541C103B046013700268C1F30533541C803B046013700268C1F38513541C803BD6E7D0E900230D
S32D000220B09B1A022B05D90B0B541C203BEEE700207047002010BC7047B1F5006F12D2D0E900239B1A012B47D93A
S32D000220D813464FEA911CACF1400C03F802CB01F03F0180390360012051707047B1F5803F16D2D0E90032D21ADE
S32D00022100022A31D9C1F385124FEA113C803A01F03F015A70ACF1200C8039DA1C83F800C00260012099707047FD
S32D00022128B1F5881F1CD2D0E90032D21A032A17D9C1F30532803A10B44FEA914C5A70C1F3851201F03F011C1D5A
S32D00022150ACF1100C803A803983F800C09A700460012010BCD9707047002070472DE9F843054640682C68844228
S32D000221781646A0EB040237D00F4698461FE0B8F1010F2ED04A452FD96488A4F55C43B3F5806FA4F15774A4F50F
S32D000221A0773422D204EB8121B14238461DD8FFF73DFF00B3D5E9004304EB4904A3422C60A3EB040214D02188C5
S32D000221C8A1F55843B3F5806F4FF00209A1F55C40D5D3B0F5806F04D3B1424FF001093846E1D90220BDE8F883DA
S32D000221F00020BDE8F8830120BDE8F88300B585B01846079902910899009201900391074A02A900236846FFF7A8
S32D00022218A9FF0699009A0A60029B099A136005B05DF804FBFFFF100030B583B0CDE90023069868B1074915462E
S32D00022240441E02E0B0F5881F04D26846FFF70AFE013CF7D20098401B03B030BDFFFF100070B59A4282B0CDE9CC
S32D000222680023DDE907451AD00F4E0CE0FFF7F6FD831C0CD0B0F5881F009B12D2019A44F8040B9A420BD0A5422B
S32D0002229031466846EED1009B0120069A1360099B1C6002B070BD0020F7E70220F5E700BFFFFF1000F0B583B0CB
S32D000222B8CDE90023089E012E17464FF0010414D90F49002507E0B0F5803F38BF2C46651C0234A64209D968465A
S32D000222E0FFF7C0FDB0F5881FF1D30098C01B03B0F0BDA642F9D14FF6FF716846FFF7B2FD0098C01B03B0F0BDAB
S32D00022308FFFF100070B582B0DDE9075114469C42CDE90051A3EB020246D01E4618E0022A32D96288A2F55C4388
S32D00022330B3F5806F36D2A2F15772A2F5773202EB812102256846FFF7BFFE70B36A001444A642A6EB04021BD0DC
S32D000223582188A1F55843B3F5806FE0D3A1F55C43B3F5806F1AD37F2988BF0125E6D8DDE90053AB420BD00222A0
S32D0002238014446B1CA6420093A6EB04022970E3D1009D002000E00120069B1C60099B1D6002B070BD009D022055
S32D000223A8F6E7009D0120F3E70020F1E770B582B0DDE907109A42CDE9001014462BD01E460AE0DDE900138B4279
S32D000223D001F1010016D000900A70A64225461BD02268B2F5881F25461146684604F104040FD27F2AE9D9FFF735
S32D000223F867FE0028EDD10099012000E00120069B1D60099B196002B070BD00990220F6E700990020F3E715460F
S32D000224200020F0E7F0B59A4283B0CDE90023DDE90964174631D01E4D06E023F8020B1E46DDE90073BB4228D06C
S32D00022448B4422946684626D0FFF708FD811C3346A4EB060222D0B0F5881F22D2B0F5803FE7D3022A06D8012038
S32D00022470089B1F600B9B1E6003B0F0BD820AA2F5215223F8042BC0F30900A0F5105070801E46DDE90073BB427B
S32D00022498D6D10020E8E7009F0020E5E7009F0120E2E7009F0220DFE7FFFF100070B582B0DDE907109A42CDE90F
S32D000224C0001014461DD01E4605E0FFF7AFFD90B1A642254612D02168B1F5881F2546684604F10404F1D30099EB
S32D000224E80220069B1D60099B196002B070BD00990120F6E700990020F3E715460020F0E730B583B0CDE900231B
S32D00022510069868B107491546441E02E0B0F5881F04D26846FFF71AFC013CF7D20098401B03B030BDFFFF100072
S32D0002253870B59A4282B0CDE90023DDE907451AD00F4E0CE0FFF706FC831C0CD0B0F5881F009B12D2019A44F80D
S32D00022560040B9A420BD0A54231466846EED1009B0120069A1360099B1C6002B070BD0020F7E70220F5E700BF31
S32D00022588FFFF100070B582B0CDE900019DF818500C4619466B07164624D4012E12D90025012407E0B0F5803FE4
S32D000225B038BF2C46651C0234B44208D26846FFF7CDFB8142F2D2009802B070BD0124A642F9D14FF6FE724FF6D0
S32D000225D8FF73914288BF19466846FFF7BBFB009802B070BD241A022CD7D90378EF2BD4D14378BB2BD1D1837883
S32D00022600BF2B04BF03300090CBE700BF10B582B01446002019460090034B049A2046FFF7B5FF001B02B010BDD3
S32D00022628FFFF10002DE9F0410D4611465A07064649D4D0E90078474542D06A6803F001040EE0D5E900329A4266
S32D000226501DD080B20CB940BA80B29F1C2F60D6E90078B84518802FD02B689A422CD03046FFF774FB831C3CD044
S32D0002267881423FD3B0F5803FE3D3D5E900C2A2EB0C03022B04D8C6E900780120BDE8F081C0F30903870AA7F5D4
S32D000226A02150A3F5105380B29BB21CB940BA5BBA80B29BB2674627F8040B2F60D6E90078B845ACF80230CFD1A8
S32D000226C80020BDE8F081D0E90078A8EB0702022AB1D93A78EF2AAED17A78BB2AABD1BA78BF2A04BF033707600D
S32D000226F0A5E7069B581CC0B2BDE8F0810220BDE8F08100BF10B586B018460999049100240A9902920390059186
S32D00022718074A009404A9012302A8FFF783FF0899029A0A60049B0B9A136006B010BD00BFFFFF10002DE9F04FB6
S32D00022740D1E900BAAE4DAF4B2B600123D1F808906B600E46044685B0C5F808B000212846FFF78AF96B68676833
S32D00022768A74801336B60FDF749FF47F82050A54DA54B2B6001236B60FDF7AAFC6B68D4F80480A86001336B6048
S32D00022790A048A14FFDF736FFA04B48F8205000223B600123C7F808A07B6011463846FEF73DFE7B68D4F8048022
S32D000227B899489A4D01337B60FDF720FF984B48F8207000222B600123C5F808906B6011462846FEF7DBFD6B68FE
S32D000227E06768924801336B60FDF70CFF47F820508F4D904B67682B604FF00208C5F804808D48FDF7FFFE47F8D3
S32D0002280820508C4D8C4B67682B60C5F804808B48FDF7F4FE47F82050894F8A4B3B608A486368C7F804800193C1
S32D00022830FDF7E8FE874D019B012143F82070284610F048FA6B686768834801336B60FDF7D9FE47F82050814DDD
S32D00022858814B2B600123D6F80C806B6033690193C5F808807369029300212846FFF794F96B6866687948013322
S32D000228806B60FDF7BFFE46F82050774D774B2B6001236B60FDF720FC6B686768A86001336B607348734EFDF7D5
S32D000228A8ADFE019B47F82050B360714B336000220123736011463046FEF7BCFE736867686C486D4D01337360F4
S32D000228D0FDF798FE029B47F82060AB60694B2B60002201236B6011462846FEF75BFE6B686668654801336B6037
S32D000228F8FDF784FE46F82050624D634A66682A6002276F606148FDF779FE46F82050604D604A66682A606F60A0
S32D000229205F48FDF76FFE46F820505E4E5E4A32605E48626877600392FDF764FE5C4D039A012142F82060284629
S32D000229481BF08CFD6B686668584801336B60FDF755FE46F820502A48E568FDF74FFE45F820B02D48E568FDF7D3
S32D0002297049FE45F820A02D48E568FDF743FE45F820903848E568FDF73DFE45F820803B48E568FDF737FE019BA1
S32D00022998E46845F820303A48FDF730FE029B44F8203005B0BDE8F08F1348FDF77BFB24F05DFF3148FDF776FB7D
S32D000229C024F058FF2B48FDF771FB24F053FF2648FDF76CFB24F04EFF2048FDF767FB24F049FF1048FDF762FB56
S32D000229E824F044FF0A48FDF75DFB24F03FFF0548FDF758FB24F03AFFC42C0020148506004C2E00203C2D0020C5
S32D00022A10F8840600302E00200C2D0020F88506005C2E0020182D0020C4850600582E0020EC2C0020748606007E
S32D00022A38542E0020FC2C00208C860600502E0020DC2C0020B8860600382E0020A42C0020342E0020D02C00204E
S32D00022A600C8F0600AC2E0020482D0020B08E0600902E0020242D0020F08F0600BC2E0020302D0020BC8F060026
S32D00022A88B82E0020F42C00206C900600B42E0020042D002084900600B02E0020E42C0020B0900600982E00200F
S32D00022AB0B42C0020942E002000B583B08C46C1680498CDE9003013464FF00000624609F0D9FC03B05DF804FB9A
S32D00022AD830B58BB00AAC04E90C00109B8A6803930EAB044693E80300129D119B0493059501AB7925069583E86F
S32D00022B000300DDE90831204600914FF000010AF087F920460BB030BD30B58BB00AAC04E90C00109B8A680393E2
S32D00022B280EAB044693E80300129D119B0493059501AB6D25069583E80300DDE90831204600914FF000010AF0F9
S32D00022B5067F920460BB030BD30B58BB00AAC04E90C00109B8A6803930EAB044693E80300129D119B04930595D8
S32D00022B7801AB7725069583E80300DDE90831204600914FF000010AF047F920460BB030BD30B58BB00AAC04E99B
S32D00022BA00C00109B8A6803930EAB044693E80300129D119B0493059501AB6425069583E80300DDE90831204616
S32D00022BC800914FF000010AF027F920460BB030BD30B58BB00AAC04E90C00109B8A6803930EAB044693E8030061
S32D00022BF0129D119B0493059501AB7425069583E80300DDE90831204600914FF000010AF007F920460BB030BD9D
S32D00022C1803464FF0000099680AF0F6B870B590B00AAC84E80C009DF858308A680393179B0493002307930D937D
S32D00022C400EAB06930DAB059314A9054603C90DF1040C0A9B8CE8030008AE0B99009130464FF000010AF020FA0F
S32D00022C6896E803000D9B84E803005BB9DDE90E231999C1E9002394E8030085E80300284610B070BD94E8030051
S32D00022C90189A85E803002846136010B070BD00BF30B58BB00AAC04E90C009DF838308A6801930F9B02939DF83F
S32D00022CB8403003930023DDE912450693DDE90831CDE9044500914FF0000104460AF03AFB20460BB030BD00BFF8
S32D00022CE00A4601694FF000000AF086B810B50C68016954F80C3C82B04FF000000092224609F05CFF02B010BD1E
S32D00022D0800B583B08C46C1680498CDE9003013464FF00000624609F0BFFB03B05DF804FB30B58BB00AAC04E979
S32D00022D300C00109B8A6803930EAB044693E80300129D119B0493059501AB7925069583E80300DDE9083120466F
S32D00022D5800914FF000010AF001F920460BB030BD30B58BB00AAC04E90C00109B8A6803930EAB044693E80300F5
S32D00022D80129D119B0493059501AB6D25069583E80300DDE90831204600914FF000010AF0E1F820460BB030BD39
S32D00022DA830B58BB00AAC04E90C00109B8A6803930EAB044693E80300129D119B0493059501AB7725069583E89E
S32D00022DD00300DDE90831204600914FF000010AF0C1F820460BB030BD30B58BB00AAC04E90C00109B8A680393D7
S32D00022DF80EAB044693E80300129D119B0493059501AB6425069583E80300DDE90831204600914FF000010AF030
S32D00022E20A1F820460BB030BD30B58BB00AAC04E90C00109B8A6803930EAB044693E80300129D119B04930595CC
S32D00022E4801AB7425069583E80300DDE90831204600914FF000010AF081F820460BB030BD03464FF000009968CC
S32D00022E7009F0D2BF70B590B00AAC84E80C009DF858308A680393179B0493002307930D930EAB06930DAB059328
S32D00022E9814A9054603C90DF1040C0A9B8CE8030008AE0B99009130464FF000010AF09EF996E803000D9B84E845
S32D00022EC003005BB9DDE90E231999C1E9002394E8030085E80300284610B070BD94E80300189A85E803002846FC
S32D00022EE8136010B070BD00BF30B58BB00AAC04E90C009DF838308A6801930F9B0293109B03930023DDE9124589
S32D00022F100693DDE90831CDE9044500914FF0000104460AF06BFA20460BB030BD0A4601694FF0000009F066BF5B
S32D00022F3810B50C68016954F80C3C82B04FF000000092224609F058FE02B010BD2DE9F04192B008AE1B9F9DF86B
S32D00022F60608086E80C000BAE04460D46002339463046119303F086F83B681A9953F80C3CAA6803911999029190
S32D00022F880F490C930020099B11910021CDE9040100930696089BCDF804804FF0000120460AF028FA119B0BB19B
S32D00022FB030469847204612B0BDE8F081119B0BB13046984724F056FC213502002DE9F04393B008AE1D9F9DF850
S32D00022FD868809DF8709086E80C000BAE04460D46002339463046119302F09AFC3B681B9953F80C3CAA680291A9
S32D0002300010490C930020099B11910021CDE904010093CDF80C90089B0696CDF804804FF0000120460AF092F9BF
S32D00023028119B0BB130469847204613B0BDE8F083119B0BB13046984724F018FC6938020030B58BB0C96800930E
S32D0002305000251346044603AA4FF00000099509F02DFA099B63B1DDE9031202AB204602F0ABFC099B0BB103A894
S32D00023078984720460BB030BD04480EF0DBFE099B0BB103A8984724F0F1FB00BF1469060030B58BB0C968009308
S32D000230A000251346044603AA4FF00000099509F04FFA099B63B1DDE9031202AB204603F035F8099B0BB103A89B
S32D000230C8984720460BB030BD04480EF0B3FE099B0BB103A8984724F0C9FB00BF1469060030B58DB01D4613460E
S32D000230F0119A09691268044652F80C0CCDE90220109A0020CDE9005205AA0B9009F004FE0B9B63B1DDE90512E7
S32D0002311804AB204603F006F80B9B0BB105A8984720460DB030BD04480EF084FE0B9B0BB105A8984724F09AFB20
S32D000231401469060030B58DB01D461346119A09691268044652F80C0CCDE90220109A0020CDE9005205AA0B90C7
S32D0002316809F06CFD0B9B63B1DDE9051204AB204602F026FC0B9B0BB105A8984720460DB030BD04480EF056FE79
S32D000231900B9B0BB105A8984724F06CFB1469060010B504460069074B236043685A1E012B426002D103685B68E4
S32D000231B8984720460FF004FA204610BD4C6F060010B504460069074B236043685A1E012B426002D103685B6872
S32D000231E0984720461AF07EFD204610BD686F060010B504468068084B236043685A1E012B426002D103685B6826
S32D000232089847044B23602046FCF74CFF204610BD4C7006008C86060010B504468068084B236043685A1E012B18
S32D00023230426002D103685B689847044B23602046FCF734FF204610BDCC6F0600B886060010B504468068084B8C
S32D00023258236043685A1E012B426002D103685B689847044B23602046FCF71CFF204610BDF46F0600B0900600CA
S32D0002328010B504468068084B236043685A1E012B426002D103685B689847044B23602046FCF704FF204610BD1F
S32D000232A81C7006007486060010B504460069094B236043685A1E012B426002D103685B68984720460FF07CF96A
S32D000232D0204624F0C9F9204610BD00BF4C6F060010B504468068084B236043685A1E012B426002D103685B6820
S32D000232F89847044B23602046FCF7D4FE204610BD347006006C90060010B504460069094B236043685A1E012B4D
S32D00023320426002D103685B68984720461AF0DAFC204624F099F9204610BD00BF686F060010B504468068084B90
S32D00023348236043685A1E012B426002D103685B689847044B23602046FCF7A4FE204610BD64700600849006000D
S32D0002337010B5044680680A4B236043685A1E012B426002D103685B689847064B23602046FCF78CFE204624F05C
S32D0002339867F9204610BD00BF1C7006007486060010B5044680680A4B236043685A1E012B426002D103685B6860
S32D000233C09847064B23602046FCF770FE204624F04BF9204610BD00BF347006006C90060010B50446D0E9030339
S32D000233E8002208492160DA6043685A1E012B426002D103685B6898472046FEF71FFC204610BD00BFA86F060031
S32D0002341010B5044680680A4B236043685A1E012B426002D103685B689847064B23602046FCF73CFE204624F00B
S32D0002343817F9204610BD00BFCC6F0600B886060010B5044680680A4B236043685A1E012B426002D103685B681C
S32D000234609847064B23602046FCF720FE204624F0FBF8204610BD00BF4C7006008C86060010B5044680680A4B8D
S32D00023488236043685A1E012B426002D103685B689847064B23602046FCF704FE204624F0DFF8204610BD00BF4E
S32D000234B0F46F0600B090060010B5044680680A4B236043685A1E012B426002D103685B689847064B2360204663
S32D000234D8FCF7E8FD204624F0C3F8204610BD00BF647006008490060010B50446D0E90303002208492160DA60D5
S32D0002350043685A1E012B426002D103685B6898472046FEF70DFB204610BD00BF846F060003680A4AA3F10C001D
S32D00023528904200D1704753F8042C511E002A43F8041CF7DC00B583B001A902F0EFFA03B05DF804FB642D0020B2
S32D0002355010B50446C0680A4B236043685A1E012B426002D103685B6898472046054B40F8083B25F08FFC204634
S32D00023578FCF798FD204610BD146F0600F884060010B50446D0E90303002209492160DA6043685A1E012B42606F
S32D000235A002D103685B6898472046FEF7C1FA204624F05AF8204610BD846F060010B50446D0E9030300220949CB
S32D000235C82160DA6043685A1E012B426002D103685B6898472046FEF731FB204624F040F8204610BDA86F0600BE
S32D000235F010B50446C0680A4B236043685A1E012B426002D103685B6898472046054B40F8083B25F03FFC2046E4
S32D00023618FCF748FD204610BD306F0600B08E060010B50446C0680C4B236043685A1E012B426002D103685B682B
S32D0002364098472046074B40F8083B25F023FC2046FCF72CFD204624F007F8204610BD00BF146F0600F88406001C
S32D0002366810B50446C0680C4B236043685A1E012B426002D103685B6898472046074B40F8083B25F003FC2046A3
S32D00023690FCF70CFD204623F0E7FF204610BD00BF306F0600B08E060010B50446D0E90303002209492160DA60D7
S32D000236B89A611A629A6243685A1E012B426002D103685B6898472046FDF7F8FE204610BDB070060010B50446E6
S32D000236E0D0E90303002209492160DA609A611A629A6243685A1E012B426002D103685B6898472046FDF716FF19
S32D00023708204610BD7C70060010B50446D0E90303002209492160DA601A629A621A6343685A1E012B426002D1B6
S32D0002373003685B6898472046FEF704F8204610BDE470060010B50446D0E90303002209492160DA601A629A6203
S32D000237581A6343685A1E012B426002D103685B6898472046FDF7B2FF204610BD1871060010B50446D0E9030358
S32D0002378000220B492160DA609A611A629A6243685A1E012B426002D103685B6898472046FDF7C8FE204623F00B
S32D000237A85FFF204610BD00BF7C70060010B50446D0E9030300220B492160DA609A611A629A6243685A1E012BEE
S32D000237D0426002D103685B6898472046FDF772FE204623F041FF204610BD00BFB070060010B50446D0E90303DE
S32D000237F800220B492160DA601A629A621A6343685A1E012B426002D103685B6898472046FDF75CFF204623F07C
S32D0002382023FF204610BD00BF1871060010B50446D0E9030300220B492160DA601A629A621A6343685A1E012B92
S32D00023848426002D103685B6898472046FDF776FF204623F005FF204610BD00BFE470060003680A4AA3F10C00D7
S32D00023870904200D1704753F8042C511E002A43F8041CF7DC00B583B001A901F0ABFD03B05DF804FB542D0020B9
S32D00023898F0B597B00AAC84E80C009DF878308A6803931F9B04930023069315930D930FAF0DAB059307971CA95B
S32D000238C0054603C90DF1040C0A9B8CE8030008AE0B99009130464FF0000109F08BFC96E803000D9B84E80300DE
S32D000238E863B1209A136094E80300159B85E803000BB138469847284617B0F0BD159BD3B1DDE90F120CAB0EA84D
S32D0002391002F00CFC21980EA902F08AF80E9B0C4AA3F10C009042E2D053F8042C511E002A43F8041CDBDC0CA9AB
S32D0002393802F0F4F8D7E705480EF07CFA159B0BB13846984723F092FF642D002014690600F0B597B00AAC84E853
S32D000239600C009DF878308A6803931F9B04930023069315930D930FAF0DAB059307971CA9054603C90DF1040C7B
S32D000239880A9B8CE8030008AE0B99009130464FF0000109F085FB96E803000D9B84E8030063B1209A136094E884
S32D000239B00300159B85E803000BB138469847284617B0F0BD159BD3B1DDE90F120CAB0EA801F0FAFF21980EA9E7
S32D000239D801F062FC0E9B0C4AA3F10C009042E2D053F8042C511E002A43F8041CDBDC0CA901F0F4FCD7E7054886
S32D00023A000EF01CFA159B0BB13846984723F032FF542D0020146906004268511E012A416000D0704703685B68B7
S32D00023A28184700BF2DE9F0410B6882B008469B6814460D46984784F824002B682846DB68984784F825002A6891
S32D00023A50002301211269A3606361E36184F8641001A829469047019B53F80C8C08F1010024F076FD0646014609
S32D00023A780023424601A801F0EBFB019B364FA3F10C000022B842C4E9026806F808203AD12B6801A85B6929465F
S32D00023AA09847019B53F80C8C08F1010024F058FD064601460023424601A801F0CDFB019BA3F10C000022B8423D
S32D00023AC8C4E9056806F8082028D12B6801A89B6929469847019B53F80C6C701C24F03CFD0546014600233246A2
S32D00023AF001A801F0B1FB0023AB55019BA3F10C00B842C4E9075618D102B0BDE8F08153F8042C511E002A43F8FD
S32D00023B18041CBDDC694601F061FCB9E753F8042C511E002A43F8041CCFDC694601F056FCCBE753F8042C511E7F
S32D00023B40002A43F8041CDFDC694601F04BFCDBE701A801F06FFD23F08DFEF9E7F8E700BF542D00202DE9F04162
S32D00023B680B680D4682B008469B68144698472B686062DB68284698472A68002301211269A062A3606361E36167
S32D00023B9084F8241101A829469047019B53F80C7C781C24F0DDFC0646014600233A4601A801F052FB019B434A2F
S32D00023BB8A3F10C0000219042C4E90267F1554CD12B6829465B6901A89847019B53F80C8C6FF0604308F1010602
S32D00023BE09E426CD2B600304624F0BAFC074601460023424601A801F0F5FE019B67613E44314FC4F81880A3F187
S32D00023C080C000022B84246F8042C31D12B6829469B6901A89847019B53F80C8C6FF0604308F101059D4239D2FC
S32D00023C30AE00304624F094FC054601460023424601A801F0CFFE019BC4E90758A3F10C0035440022B84245F8DE
S32D00023C58042C18D102B0BDE8F08153F8042C511E002A43F8041CABDC694601F0B7FBA7E753F8042C511E002A71
S32D00023C8043F8041CC6DC694601F04CFFC2E753F8042C511E002A43F8041CDFDC694601F041FFDBE723F0C0FEE6
S32D00023CA801A801F0C3FC23F0E1FD01A802F06CF823F0DCFDF9E723F0B3FE00BF542D0020642D002010B40846F0
S32D00023CD0DDE90141019111461A4623460468A468A44610BC604700BF10B40846DDE90141019111461A462346AA
S32D00023CF80468A468A44610BC604700BF30B5086883B01446C5681A4601A8069BA847A3690BB12046984701A9A9
S32D00023D20204601F001FE019B0D4A184650F80C1D616090420B49A16101D103B030BD53F8042C511E002A43F8B1
S32D00023D48041CF6DC694601F049FBF2E701A801F06DFC23F08BFD00BF542D00206938020030B5086883B0144619
S32D00023D70C5681A4601A8069BA847A3690BB12046984701A9204602F07DF9019B0D4A184650F80C1D6160904283
S32D00023D980B49A16101D103B030BD53F8042C511E002A43F8041CF6DC694601F0B7FEF2E701A801F0E9FF23F02F
S32D00023DC059FD00BF642D0020213502002DE9F0410B6884B008469B6814460D46984760742B682846DB689847F3
S32D00023DE8A0742B6828461B6A98472A68002301211269E062A3606361E361636284F8431003A829469047039B70
S32D00023E1053F80C8C08F1010024F0A2FB064601460023424603A801F017FA039B514FA3F10C000022B842C4E962
S32D00023E38026806F8082065D12B6803A85B6929469847039B53F80C8C08F1010024F084FB0646014600234246F8
S32D00023E6003A801F0F9F9039BA3F10C000022B842C4E9056806F8082053D12B6803A89B6929469847039B53F86D
S32D00023E880C8C08F1010024F067FB064601460023424603A801F0DCF9039BA3F10C000022B842C4E9076806F8DF
S32D00023EB0082041D12B6803A8DB6929469847039B53F80C8C08F1010024F04AFB064601460023424603A801F02A
S32D00023ED8BFF9039BA3F10C000022B842C4E9096806F808202FD12B6828465B6A98472063CDE902002B68284683
S32D00023F009B6A9847606304B0BDE8F08153F8042C511E002A43F8041C92DC02A901F062FA8EE753F8042C511EEC
S32D00023F28002A43F8041CA4DC02A901F057FAA0E753F8042C511E002A43F8041CB6DC02A901F04CFAB2E753F829
S32D00023F50042C511E002A43F8041CC8DC02A901F041FAC4E703A801F065FB23F083FCF9E7F8E7F7E7542D00202B
S32D00023F782DE9F0410B6884B008469B6814460D46984760742B682846DB689847A0742B6828461B6A98472A684C
S32D00023FA0002301211269E062A3606361E361636284F8431003A829469047039B53F80C8C08F1010024F0CCFA0A
S32D00023FC8064601460023424603A801F041F9039B514FA3F10C000022B842C4E9026806F8082065D12B6803A80A
S32D00023FF05B6929469847039B53F80C8C08F1010024F0AEFA064601460023424603A801F023F9039BA3F10C0024
S32D000240180022B842C4E9056806F8082053D12B6803A89B6929469847039B53F80C8C08F1010024F091FA064602
S32D0002404001460023424603A801F006F9039BA3F10C000022B842C4E9076806F8082041D12B6803A8DB69294624
S32D000240689847039B53F80C8C08F1010024F074FA064601460023424603A801F0E9F8039BA3F10C000022B84237
S32D00024090C4E9096806F808202FD12B6828465B6A98472063CDE902002B6828469B6A9847606304B0BDE8F0816A
S32D000240B853F8042C511E002A43F8041C92DC02A901F08CF98EE753F8042C511E002A43F8041CA4DC02A901F0DA
S32D000240E081F9A0E753F8042C511E002A43F8041CB6DC02A901F076F9B2E753F8042C511E002A43F8041CC8DCF7
S32D0002410802A901F06BF9C4E703A801F08FFA23F0ADFBF9E7F8E7F7E7542D00202DE9F0430B680D4685B008462C
S32D000241309B68144698472B686061DB68284698472B68A0611B6A284698472A680023012112696063A360E3617D
S32D000241586362E36284F86C1003A829469047039B53F80C7C781C24F0F7F90646014600233A4603A801F06CF805
S32D00024180039B664AA3F10C0000219042C4E90267F15540F083802B6829465B6903A89847039B53F80C8C6FF06F
S32D000241A8604308F101069E4280F0A680B600304624F0D2F9074601460023424603A801F00DFC039BE7613E4477
S32D000241D0534FC4F82080A3F10C000022B84246F8042C67D12B6829469B6903A89847039B53F80C9C6FF060433C
S32D000241F809F101069E4280F08A80B600304624F0ABF98046014600234A4603A801F0E6FB039BC4F8289046447F
S32D00024220A3F10C000022B842C4F8248046F8042C4BD12B682946DB6903A89847039B53F80C9C6FF0604309F16B
S32D0002424801069E4261D2B600304624F085F98046014600234A4603A801F0C0FB039BC4F830904644A3F10C0013
S32D000242700022B842C4F82C8046F8042C30D12B6828465B6A9847A063CDE902002B6828469B6A9847E06305B0EE
S32D00024298BDE8F08353F8042C511E002A43F8041C3FF775AF02A901F099F870E753F8042C511E002A43F8041C22
S32D000242C090DC02A901F02EFC8CE753F8042C511E002A43F8041CACDC02A901F023FCA8E753F8042C511E002AD4
S32D000242E843F8041CC7DC02A901F018FCC3E703A801F04AFD23F0BAFA23F092FB03A801F095F923F0B3FAF2E741
S32D00024310F1E723F089FB23F087FB00BF542D0020642D00202DE9F0430B680D4685B008469B68144698472B6807
S32D000243386061DB68284698472B68A0611B6A284698472A680023012112696063A360E3616362E36284F86C1040
S32D0002436003A829469047039B53F80C7C781C24F0F7F80646014600233A4603A800F06CFF039B664AA3F10C000A
S32D0002438800219042C4E90267F15540F083802B6829465B6903A89847039B53F80C8C6FF0604308F101069E42D0
S32D000243B080F0A680B600304624F0D2F8074601460023424603A801F00DFB039BE7613E44534FC4F82080A3F160
S32D000243D80C000022B84246F8042C67D12B6829469B6903A89847039B53F80C9C6FF0604309F101069E4280F073
S32D000244008A80B600304624F0ABF88046014600234A4603A801F0E6FA039BC4F828904644A3F10C000022B8420B
S32D00024428C4F8248046F8042C4BD12B682946DB6903A89847039B53F80C9C6FF0604309F101069E4261D2B6004D
S32D00024450304624F085F88046014600234A4603A801F0C0FA039BC4F830904644A3F10C000022B842C4F82C8057
S32D0002447846F8042C30D12B6828465B6A9847A063CDE902002B6828469B6A9847E06305B0BDE8F08353F8042CD5
S32D000244A0511E002A43F8041C3FF775AF02A900F099FF70E753F8042C511E002A43F8041C90DC02A901F02EFB74
S32D000244C88CE753F8042C511E002A43F8041CACDC02A901F023FBA8E753F8042C511E002A43F8041CC7DC02A954
S32D000244F001F018FBC3E703A801F04AFC23F0BAF923F092FA03A801F095F823F0B3F9F2E7F1E723F089FA23F065
S32D0002451887FA00BF542D0020642D002010B50C4682B0114601A81A466B4601F049FA2368049A9B68204601A917
S32D000245409847019B0C49A3F10C028A42044602D1204602B010BD53F8041C481E002943F8040CF5DC69461046F0
S32D0002456800F03CFFF0E701A801F060F823F07EF9542D002010B50C4682B0114601A81A466B4601F01DFA236817
S32D00024590049A9B68204601A99847019B0C49A3F10C028A42044602D1204602B010BD53F8041C481E002943F8D5
S32D000245B8040CF5DC6946104600F010FFF0E701A801F034F823F052F9542D0020F0B587B004AF0D461E460E9965
S32D000245E002AB144638460F9A01F0EEF90D9BCDE900372B6829463246DD680C9B05A8A847A3690BB12046984701
S32D0002460805A9204601F08CF9059B184650F80C2D6260154AA261154CA04206D1049BA3F10C00A0420CD107B086
S32D00024630F0BD53F8042C511E002A43F8041CF1DC03A900F0CFFEEDE753F8042C511E002A43F8041CEBDC05A950
S32D0002465800F0C4FEE7E705A800F0E8FF384600F0E5FF23F003F9F9E769380200542D0020F0B587B004AF0D46C7
S32D000246801E460E9902AB144638460F9A01F04EFD0D9BCDE900372B6829463246DD680C9B05A8A847A3690BB136
S32D000246A82046984705A9204601F0E8FC059B184650F80C2D6260154AA261154CA04206D1049BA3F10C00A042D6
S32D000246D00CD107B0F0BD53F8042C511E002A43F8041CF1DC03A901F01DFAEDE753F8042C511E002A43F8041C46
S32D000246F8EBDC05A901F012FAE7E705A801F044FB384601F041FB23F0B1F8F9E721350200642D00200B68084664
S32D000247201B691146184700BF0B6808461B691146184700BF0B6808469B6818470B6808469B68184782B030B559
S32D000247488BB094460F939DF85830159A13990492643B0446152B79D8DFE803F05E7878787878787878447878F6
S32D00024770787878782A78780B7878149BCDE902130FAB93E8030011AA06AB83E8030092E803000DF1200E8EE879
S32D000247980300DCF800500CCB8DE8030061466D692046A84720460BB0BDE8304002B07047149BCDE902130FABD6
S32D000247C093E8030011AA06AB83E8030092E803000DF1200E8EE80300DCF800500CCB8DE803006146ED6820467A
S32D000247E8A847DFE7149BCDE902130FAB93E8030011AA06AB83E8030092E803000DF1200E8EE80300DCF800501A
S32D000248100CCB8DE803006146AD692046A847C5E7149BCDE902130FAB93E8030011AA06AB83E8030092E8030062
S32D000248380DF1200E8EE80300DCF800500CCB8DE8030061462D692046A847ABE7149BCDE902130FAB93E8030062
S32D0002486011AA06AB83E8030092E803000DF1200E8EE80300DCF800500CCB8DE803006146ED692046A84791E7EF
S32D0002488882B030B58BB094460F939DF85830159A13990492643B0446152B79D8DFE803F05E787878787878784A
S32D000248B078447878787878782A78780B7878149BCDE902130FAB93E8030011AA06AB83E8030092E803000DF130
S32D000248D8200E8EE80300DCF800500CCB8DE8030061466D692046A84720460BB0BDE8304002B07047149BCDE9C0
S32D0002490002130FAB93E8030011AA06AB83E8030092E803000DF1200E8EE80300DCF800500CCB8DE80300614624
S32D00024928ED682046A847DFE7149BCDE902130FAB93E8030011AA06AB83E8030092E803000DF1200E8EE8030041
S32D00024950DCF800500CCB8DE803006146AD692046A847C5E7149BCDE902130FAB93E8030011AA06AB83E803007A
S32D0002497892E803000DF1200E8EE80300DCF800500CCB8DE8030061462D692046A847ABE7149BCDE902130FAB22
S32D000249A093E8030011AA06AB83E8030092E803000DF1200E8EE80300DCF800500CCB8DE803006146ED69204697
S32D000249C8A84791E782B02DE9F0438FB004461793DDE91D539DF86C101C9E9446FBB1CDE90453CDE9021617AB86
S32D000249F093E8030019AA0AAB83E8030092E803000DF1300E8EE80300DCF800500CCB8DE803006146AD6820466C
S32D00024A18A84720460FB0BDE8F04302B07047CDE90365029117AE96E8030008AB19AA83E8030092E803000AAA0D
S32D00024A4082E80300DCF800701F4A07928DE803000DF11C08CDF81480D7F80C900CAF0CCB61463846C84797E8F0
S32D00024A6803002B6886E8030083B91F9B9B690BB11F9898471F98414600F052FF079B1F9953F80C2C4A600F4A6C
S32D00024A908A6100E0079B0E4A96E8030084E80300A3F10C009042B8D053F8042C511E002A43F8041CB1DC3946CC
S32D00024AB800F094FCADE7404600F0B8FD22F0D6FE602D002069380200542D002082B02DE9F0438FB0044617930A
S32D00024AE0DDE91D539DF86C101C9E9446FBB1CDE90453CDE9021617AB93E8030019AA0AAB83E8030092E80300A1
S32D00024B080DF1300E8EE80300DCF800500CCB8DE803006146AD682046A84720460FB0BDE8F04302B07047CDE928
S32D00024B300365029117AE96E8030008AB19AA83E8030092E803000AAA82E80300DCF800701F4A07928DE80300D4
S32D00024B580DF11C08CDF81480D7F80C900CAF0CCB61463846C84797E803002B6886E8030083B91F9B9B690BB145
S32D00024B801F9898471F98414601F07CFA079B1F9953F80C2C4A600F4A8A6100E0079B0E4A96E8030084E8030035
S32D00024BA8A3F10C009042B8D053F8042C511E002A43F8041CB1DC394600F0B0FFADE7404601F0E2F822F052FE82
S32D00024BD0702D002021350200642D002082B02DE9F0438BB004461A999DF854709DF85C801393154641B38B6989
S32D00024BF8002B46D008AE0DF11C09D1E900123346484600F0DDFE169BCDE90289CDE9007313AB93E8030086E810
S32D00024C2003002B6829462046DD6896E80C00A847079B1A4AA3F10C0090421BD120460BB0BDE8F04302B0704775
S32D00024C480097DDE91867CDF8088013AA92E80300CDE90467169A019208AB83E80300286829460CCB856820462B
S32D00024C70A847E3E753F8042C511E002A43F8041CDCDC314600F0AEFBD8E705480DF0D6F8484600F0CFFC22F0F2
S32D00024C98EDFD00BF542D00201469060082B02DE9F0418AB0044618999DF84C701193154651B38B69002B48D0E6
S32D00024CC008AE0DF11C08D1E900123346404601F02DFA159B0293149B01930097CDF80C8011AB93E8030086E8F1
S32D00024CE803002B6829462046DD6896E80C00A847079B1A4AA3F10C0090421BD120460AB0BDE8F04102B07047B0
S32D00024D10009711AB93E8030008AB83E80300DDE91612CDE90412159A29680292149A01928E680CCB2946204610
S32D00024D38B047E3E753F8042C511E002A43F8041CDCDC314600F0EAFED8E705480DF072F8404601F019F822F007
S32D00024D6089FD00BF642D002014690600F8B5B84A0D466FF00103B749064622F079FC044610B105682846F8BDD7
S32D00024D88B34B9D4247D0B34B9D4200F08C80B24B9D426AD0B14B9D4200F09180B04B9D4200F09480AF4B9D4285
S32D00024DB000F09780AE4B9D4200F0C380AD4B9D4200F0EF80AC4B9D4200F0F980AB4B9D425BD0AB4B9D4200F087
S32D00024DD81F81AA4B9D4200F02881A94B9D4200F02B81A84B9D4200F08381A74B9D4200F0B181A64B9D4240F076
S32D00024E00DF811420FAF762FE0021054619F02AFB7368A14A2E61013373602A60B2E76820FAF754FE9D4B074684
S32D00024E28C7E90034C7E90244C7E90544C7E9074414203C74BC8487F86440FAF743FE964B0360C0E90147214677
S32D00024E500546FCF711FE7368924A2A600133EE6073602F613A4631464FF0000007F006FA88E70C20FAF72AFEDE
S32D00024E7873688B4A05460133C5E9014673602A607CE71020FAF71EFE864B0022C0E900320546FBF71DF97368ED
S32D00024EA0834A0133C5E9020673602A606AE71020FAF70CFE7F4BC0E900340546FBF70CF973687D4AEDE70C20C7
S32D00024EC8FAF700FE73687B4A0546D4E70C20FAF7F9FD7368784A0546CDE74420FAF7F2FD764B0746C7E9003440
S32D00024EF0C7E90244C7E90544C7E90744C7E90944C7E90B4414203C82BC747C6387F84340FAF7DCFD6C4B0360C5
S32D00024F18C0E90147224621460546FCF737FA7368684A2A600133EE6073602F613A4631464FF0000007F05AFBBC
S32D00024F4020E74420FAF7C2FD614B0746C7E90034C7E90244C7E90544C7E90744C7E90944C7E90B4414203C8271
S32D00024F68BC747C6387F84340FAF7ACFD574B0360C0E90147224621460546FCF753FA7368534A2A600133EE609A
S32D00024F9073602F613A4631464FF0000007F0D2FBF0E61420FAF792FD214605460DF092FE73684A4A2E61013399
S32D00024FB873602A60E2E64FF49470FAF783FD464B04460027C4E90037C4E90277C4E90577C4E90777C4E909775F
S32D00024FE01420277484F82471FAF770FD3D4B0360C0E9017439460546FCF7D2FD73683A4A2A600133EE60736090
S32D000250082C61224631464FF0000007F0ABF9B5E60C20FAF757FD7368324A054600210133C5E9011673602A600D
S32D00025030A8E60C20FAF74AFD73682D4A0546F1E70C20FAF743FD73682A4A0546EAE700BF7C690600706406009D
S32D000250584C2E0020302E0020382E0020542E0020502E0020582E00205C2E0020342E0020AC2E0020902E0020A0
S32D00025080982E0020B42E0020B02E0020B82E0020BC2E0020942E0020686F06009865060014850600846F0600B0
S32D000250A8CC6F0600B08E0600306F0600F8840600146F06001C7006004C7006001C650600C4850600B070060053
S32D000250D02C650600F88506007C7006004C6F0600A86506000C8F0600A86F0600F46F0600347006006470060025
S32D000250F87020FAF7E7FC4F4B04460027C4E90037C4E90277C4E90577C4E90777C4E90977C4E90B77C4E90D772E
S32D0002512014202774E76384F86C70FAF7CFFC444B0360C0E901743A4639460546FCF732FA7368404A2A60013396
S32D00025148EE6073602C61224631464FF0000007F09DFB13E67020FAF7B5FC394B04460027C4E90037C4E90277B2
S32D00025170C4E90577C4E90777C4E90977C4E90B77C4E90D7714202774E76384F86C70FAF79DFC2E4B0360C0E9AE
S32D0002519801743A4639460546FCF74CFA73682A4A2A600133EE6073602C61224631464FF0000007F035FCE1E528
S32D000251C024480CF03BFEE868FEF726FC2846FCF7B9FA284622F048FA22F04CFB2846FAF765FFF6E7E868FEF7A3
S32D000251E817FC2846FCF72AFDEFE7F3E7F2E7ECE7E868FEF70DFC2846FCF768FAE5E7E9E7E868FEF705FC28463F
S32D00025210FCF78EFCDDE7E1E7E868FEF7FDFB2846FCF788F9D5E7D9E7E868FEF7F5FB2846FCF748F9CDE7D1E787
S32D00025238D0E7CAE73C650600BC8F0600187106004C650600F08F0600E47006003069060058B5066856F80C4C01
S32D00025260A3429C4612D8E41A944228BF14463CB1012C084606EB030104D0224630F0BCFA204658BDF35C0370AC
S32D00025288204658BD02490348234662460CF002FE7C71060044710600036853F8042C002AB8BF002210B4B8BF46
S32D000252B043F8042C0A6852F8044C002CBCBF002442F8044C026010BC0B607047006850F80C3C9A4217D200B540
S32D000252D8013A00EB030E0EF1FF3E8318C0F1010C01E0734507D00CEB030013F8012F8A42F7D05DF804FB4FF00F
S32D00025300FF305DF804FB4FF0FF3070471B4B984210B530D8884204461CD94A00904238BF144604F11D02B2F597
S32D00025328805F04F10D0018D98C4216D9C2F30B0204F58054A41A9C4228BF1C4604F10D00FAF7C0FB0022C0E9D9
S32D00025350014210BD00F11D03B3F5805F00F10D0001D9002805DBFAF7B1FB0022C0E9014210BD0CF043FD0248A7
S32D000253780CF078FDFCFFFF3F9071060010B9104B1846704770B50D4600210446FFF7BAFF012C064600F10C0310
S32D000253A00AD018462246294630F03CFB0346074A964203D1184670BD0573F8E731190022B26034600A73F5E7E4
S32D000253C8602D0020542D002010B50446084611461A46FFF7D3FF2060204610BD22F040B92DE9F04F066856F8BC
S32D000253F00C7C0C46A3EB020856F8081CB84402EB040A884583B005469946A7EB0A0703D856F8043C002B2ADD4A
S32D0002541801AA4046FFF776FF83460CB3012C296800F10C063CD02246304630F0E1F95FB12B680C34A144012FA3
S32D000254400BEB090003EB0A0131D03A4630F0D4F92B68234CA3F10C00A0422DD12E60A34518D103B0BDE8F08F1E
S32D0002546800F10C06E3E767B191450AD04C44012F06EB040006EB0A0125D03A4630F052FA2E68154CA6F10C0B48
S32D00025490A345E6D0002346F8043C46F80C8C06F8083003B0BDE8F08F0B780373C3E713F80A300BF80930CBE7F4
S32D000254B853F8042C511E002A43F8041CCADC01A9FFF78CFFC6E716F80A3033552E68024CA6F10C0BBFE700BF10
S32D000254E0542D00200D4A0368934208D053F8042C002A05DC4FF0FF3243F8042C7047704710B5002304461A462B
S32D000255081946FFF76DFF23684FF0FF3243F8042C10BD00BF602D0020F8B504689DF8187054F80C4C02F1804C7A
S32D00025530ACF1040CACEB040C634513D81C4605460E46FFF751FF44B12B68012C03EB060005D02246394630F098
S32D0002555865FA2846F8BD9F552846F8BD01480CF081FC00BFA8710600F8B5069D1F462B4604460E46FFF734FFFD
S32D0002558045B12368012D03EB060005D02A46394630F032F92046F8BD3A789A552046F8BDF0B5214F0668BA42F3
S32D000255A8044683B056F80C0C37D88E420B46154607D90246009500212046FFF7D5FF03B0F0BD37188F42F4D310
S32D000255D056F8047C002FF0DC881B824214D930B1012A1AD01AB1304630F0A0F926680F4B9E4208BF2046E6D0F3
S32D000255F8002346F8043C46F80C5C20467355DEE7012A06D0002AEED0304630F0F1F82668E9E71B7833702668BF
S32D00025620E5E703480CF022FCFCFFFF3F602D0020C871060010B503680A4A0446A3F10C00904282B002D1204659
S32D0002564802B010BD53F8042C511E002A43F8041CF5DC01A9FFF7C2FEF1E700BF542D002038B5036804460D46E6
S32D00025670104618442A466168FFF748FE2268054600F10C0342B1012A0BD0184604F10C0130F0B2F82268034618
S32D0002569808498D4207D1184638BD0649227B02738D422268F7D0A8180021A9602A600173184638BD542D00203A
S32D000256C030B50446006850F8083C994283B003D150F8043C002B12DD50F80C2D91422CBFC2EB0102C2EB020273
S32D000256E801A9FFF7BDFF2368094A0546A3F10C00904202D1256003B030BD53F8042C511E002A43F8041CF5DC63
S32D0002571001A9FFF767FEF1E7542D0020F8B50D46096851F80C6C0446E6B1036853E903209719874203D853F86F
S32D00025738040C002807DD39462046FFF7BDFF2368296853F80C2C012E03EB02000FD0324630F04EF82368074A37
S32D00025760934201D12046F8BD002243F8042C43F80C7CDA55F6E709789954EFE7602D0020F8B506463AB30368B9
S32D00025788214D144653F80C2CA5EB020C644537D80F4653F8081CA5188D4203D853F8041C002908DDBB4214D9C2
S32D000257B029463046FFF784FF336853F80C2C012C03EB020016D02246394630F015F83368104A934211D1304614
S32D000257D8F8BD1A449742E7D829463046FF1AFFF76BFF336853F80C2C1F44E4E739789954E9E7002243F8042C51
S32D0002580043F80C5C5A55E6E703480CF02FFB00BFFCFFFF3F602D0020E07106002DE9F041074629B303681A4EA9
S32D0002582853F80C5CA6EB050C61450C4629D8904653F8082C4E19964203D853F8042C002A06DD31463846FFF720
S32D0002585037FF3B6853F80C5C012C03EB05000AD02246414630F0DEF83B680A4A934205D13846BDE8F08103F88C
S32D000258780580F5E7002243F8042C43F80C6C9A55F2E703480CF0EEFAFCFFFF3F602D0020E0710600036810B5FB
S32D000258A053F80C4C094B99420CD8A14206D800D310BD0023621AFFF797FD10BD091BFFF7ADFF10BD02480CF0F2
S32D000258C8D1FA00BFFCFFFF3FF8710600F8B5036853F80C7C53F8082C7E1C964204460D4603D853F8042C002A85
S32D000258F00EDD31462046FFF7E3FE236853F80C2C9D5422680749A2F10C038B4202D1F8BD3A46F5E73B4400211D
S32D0002591842F8041C42F80C6C5973F8BD542D002010B50B6853F8042C002A044682B0A3F10C0006DB094988423B
S32D000259400CD12046236002B010BD002201A9FFF78BFE03462046236002B010BD013243F8042CEEE7542D0020E2
S32D0002596888421AD070B5054600B30C1A20460021FFF7C8FC012C064600F10C030AD01846224629462FF034FFF7
S32D0002599003460A4A964207D1184670BD2A780273F7E7074B1846704731190022B26034600A73F1E703480CF005
S32D000259B841FA00BF542D0020602D0020107206008C4610B5114604461A4661444FF000036046FFF7C5FF206090
S32D000259E0204610BD58B5066856F80C4CA3429C4613D8E41A944228BF14463CB1012C084606EB830104D0224663
S32D00025A0837F0CEFD204658BD56F823300360204658BD03490348234662460CF03BFA00BF7C710600447106003C
S32D00025A30036853F8042C002AB8BF002210B4B8BF43F8042C0A6852F8044C002CBCBF002442F8044C026010BC68
S32D00025A580B6070476FF07043984210B529D2884204461ED94B00984238BF1C46201D800000F11003B3F5805F7F
S32D00025A8015D98C4213D9C3F30B030D4AC3F5805304EB9304944228BF1446201D8000FAF715F80022C0E9014242
S32D00025AA810BD04308000FAF70DF80022C0E9014210BD02480CF0D6F9FEFFFF0F90710600F8B510B90E4E30460D
S32D00025AD0F8BD0D4600210446FFF7C0FF012C074600F10C060ED022462946304637F064FD064B9F42EBD007EB6F
S32D00025AF884020023BB603C60D360E4E7C560F3E7702D0020642D002010B50446084611461A46FFF7D5FF206055
S32D00025B20204610BD21F0A0BD2DE9F04F056855F80C7C0C46A3EB020855F8081CB84402EB040A884583B006467F
S32D00025B489946A7EB0A0B03D855F8043C002B2DDD01AA4046FFF77EFF3268074600F10C053CB1012C42D01146FA
S32D00025B702846224637F018FD3268BBF1000F0AD12B4CA2F10C00A0423ED13560A74227D103B0BDE8F08F4C44DF
S32D00025B98A4000C34BBF1010F07EB040002EB8A012AD05A4637F0FCFC3268E5E7BBF1000F0DD091450BD04C44D7
S32D00025BC0BBF1010F05EB840005EB8A0127D05A4637F0EEFC3568164CA5F10C07A742D7D0002345F8043C45F84D
S32D00025BE80C8C45F8283003B0BDE8F08F1368C360BBF1000FC0D0CAE752F82A303B51BBE752F8043C591E002BF1
S32D00025C1042F8041CB9DC01A9FFF784FFB5E755F82A3045F82430A5F10C07014CAEE700BF642D00200D4A0368C1
S32D00025C38934208D053F8042C002A05DC4FF0FF3243F8042C7047704710B5002304461A461946FFF765FF2368EA
S32D00025C604FF0FF3243F8042C10BD00BF702D002070B5046802F1805C54F80C4CACF1020CACEB040C634515D805
S32D00025C881C4605460E46FFF74BFF44B12B68012C03EB860005D00499224637F089FC284670BD049A43F8262042
S32D00025CB0284670BD01480CF0D9F800BFA8710600F8B5069D1F462B4604460E46FFF72CFF45B12368012D03EBB3
S32D00025CD8860005D02A46394637F062FC2046F8BD3A6843F826202046F8BD00BFF0B56FF0704C06686245044696
S32D00025D0083B056F80C0C3BD28E420B46154607D90246009500212046FFF7D2FF03B0F0BD06EB800C8C45F3D3D2
S32D00025D2856F8047C002FEFDC881BB2EBA00F4FEAA00715D937B1012A1BD01AB1304637F033FC26680E4B9E426A
S32D00025D5008BF2046E2D0002346F8043C46F80C5C204646F82530D9E7012A06D0002AEDD0304637F019FC26681C
S32D00025D78E8E71B683360E5E702480CF073F800BF702D0020C871060010B503680A4A0446A3F10C00904282B06C
S32D00025DA002D1204602B010BD53F8042C511E002A43F8041CF5DC01A9FFF7B4FEF1E700BF642D002070B50368B1
S32D00025DC804460D46104661682A461844FFF742FE2268054600F10C063AB1012A0AD004F10C01304637F0DCFBAF
S32D00025DF02268094B9D4207D1304670BDE368C360054B22689D42F7D005EB82010023AB602A603046CB6070BD64
S32D00025E18642D002030B50446006850F8083C994283B003D150F8043C002B12DD50F80C2D91422CBFC2EB010213
S32D00025E40C2EB020201A9FFF7BDFF2368094A0546A3F10C00904202D1256003B030BD53F8042C511E002A43F843
S32D00025E68041CF5DC01A9FFF759FEF1E7642D0020F8B50D46096851F80C6C0446E6B1036853E903209719874243
S32D00025E9003D853F8040C002807DD39462046FFF7BDFF2368296853F80C2C012E03EB820010D0324637F078FBD9
S32D00025EB82368084A934201D12046F8BD002243F8042C43F80C7C43F82720F5E7096843F82210EEE7702D0020FD
S32D00025EE0F8B5064632B30368224D144653F80C2CAD1AAC423AD80F4653F8081CA5188D4203D853F8041C002977
S32D00025F0808DDBB4214D929463046FFF783FF336853F80C2C012C03EB820017D02246394637F03EFB3368124A5D
S32D00025F30934213D13046F8BD03EB82029742E6D829463046FF1AFFF769FF336853F80C2C1F44E3E7396843F8D1
S32D00025F582210E8E7002243F8042C43F80C5C43F82520E3E703480BF07DFF00BFFEFFFF0F702D0020E0710600FE
S32D00025F802DE9F041054629B303681B4853F80C6C801B81420C462BD8174653F8082C01EB0608904503D853F86E
S32D00025FA8042C002A06DD41462846FFF733FF2B6853F80C6C012C03EB86000AD02246394637F0F6FA2B680B4AB8
S32D00025FD0934205D12846BDE8F08143F82670F6E7002243F8042C43F80C8C43F82820F1E703480BF03BFF00BFCA
S32D00025FF8FEFFFF0F702D0020E0710600036810B553F80C4C6FF0704399420CD2A14206D800D310BD0023621ABC
S32D00026020FFF782FD10BD091BFFF7AAFF10BD01480BF01CFFF8710600036853F80C2C70B50D4653F8081C561C69
S32D000260488E42044603D853F8041C002906DD31462046FFF7DFFE236853F80C2C064943F822508B4200D170BD37
S32D00026070002243F8042C43F80C6C43F8262070BD702D002010B50B6853F8042C002A044682B0A3F10C0006DB7B
S32D00026098094988420CD12046236002B010BD002201A9FFF78BFE03462046236002B010BD013243F8042CEEE708
S32D000260C0642D002088422DE9F0411BD0054620B30C1AA71000213846FFF7C0FC012F064600F10C080BD027B183
S32D000260E829463A46404637F05BFA0B4B9E420AD14046BDE8F0812B68C360F6E7DFF81C804046BDE8F0813119FE
S32D000261100023B3603760CB60EEE703480BF08EFE642D0020702D0020107206008C4610B5114604461A460CEB3B
S32D0002613881014FF000036046FFF7C0FF2060204610BD00BF084670470846704710B5084B044640F8083B22F0AD
S32D0002616099FE237B1BB1A06908B121F07FFA2046F9F79CFF204610BDA072060010B5064B044640F8083B22F099
S32D0002618885FE044B23602046F9F78CFF204610BDD0720600CC8E06008A4210B5144603D00298521A2FF024FBD4
S32D000261B0204610BD8A4210B5144603D01846521A2FF01AFB204610BD10B5084B044640F8083B22F05FFE064B00
S32D000261D823602046F9F766FF204621F041FA204610BD00BFD0720600CC8E060010B50A4B044640F8083B22F01C
S32D0002620049FE237B1BB1A06908B121F02FFA2046F9F74CFF204621F027FA204610BD00BFA0720600F0B5C1B068
S32D0002622804460DF1FF33002203F8012F0132B2F5807FF9D125460F4B55F81D1BCF699F426E4610D131462846FF
S32D000262502FF0D2FA012323774FF48072294630462FF096FA08B10223237741B0F0BD2B4640AA31462046B8475F
S32D00026278ECE700BFB561020000390C4B18BF012110B5C0E900310446F9F722FF0023A0602373204600F072FA4E
S32D000262A0204610BD044B23602046F9F7FFFE21F0E1FA00BFD0720600CC8E060083695B5C9B07084644BFA1F1FB
S32D000262C82000C0B2704700BF83695B5C0846DB0744BF2030C0B2704738B5003B0446154818BF0123C4E90003D5
S32D000262F00B46F1B1BAB9C4E90422227300252946A3614FF4807204F11D002FF08BFB25774FF48072294604F2F6
S32D000263181D102FF083FB84F81D52204638BD00220121C4E904222173E4E7C4E90411024B2173DFE7A07206004E
S32D0002634061B6060091422DE9F04190461AD20F4F05464C1E561E07E0AB695B5C9B0700D5D1B2B44221700DD09D
S32D000263682B6814F8011F9B68BB42A1F12002EFD028469847B44201462170F1D14046BDE8F08100BFBD6202007A
S32D0002639091422DE9F04190461AD20F4F05464C1E561E07E0AB695B5CDB0700D5D1B2B44221700DD02B6814F88B
S32D000263B8011F1B69BB4201F12002EFD028469847B44201462170F1D14046BDE8F08100BFD16202002DE9F0418D
S32D000263E000F5926400F59367A0EB80000E469046A0F6A45501E0BC420DD014F8013B3342F9D055F824104046A6
S32D000264082EF00CFD0028F2D00120BDE8F0810020BDE8F081442927D859B34B1E432B28D8DFE803F034374043EF
S32D0002643027274649272727272727273A2727272727273D272727272727272731272727272727272727272727B0
S32D0002645827272727272727272727272727272727272727272727272E972902D1134837F079B811F0440F03D1F7
S32D0002648011F09700F6D170470F4837F06FB80F4837F06CB80E4837F069B80E4837F066B80D4837F063B80D486A
S32D000264A837F060B80C4837F05DB80C4837F05AB80B4837F057B80B4837F054B81073060048730600187306007E
S32D000264D02073060028730600407306005873060030730600387306005073060008730600084635F0E3BB00BF64
S32D000264F8914270B516460DD2551E6D1A25F0030504350C460D44206835F0D4FB44F8040BAC42F8D1304670BD2D
S32D00026520084635F0BFBB00BF914270B516460DD2551E6D1A25F0030504350C460D44206835F0B0FB44F8040BD6
S32D00026548AC42F8D1304670BD2DE9F04F83B09142019227D202F1FF38A8EB010803EB98081F4600F592630C46ED
S32D0002657008F1010800F5946A009300F59366DDF800B0D146002559F8041B20682EF04AFC10B19BF800100D43B4
S32D000265980BF1010BB345F2D107F8015B474504F10404E8D1019803B0BDE8F08F2DE9F04F83B09A4216460193AF
S32D000265C031D2A0EB800807460C46A8F6A45800F593653B68154A9B689342B14656F804BB13D107F5926A01E0D4
S32D000265E8554514D01AF8011B0C42F9D058F82A1058462EF013FC0028F2D0484603B0BDE8F08F5A462146384697
S32D0002661098470028F5D1019BB342B146D9D8484603B0BDE8F08F9146EBE700BFDD6302002DE9F04F83B09A42E1
S32D000266381646019332D2A0EB800807460C46A8F6A45800F593653B68154A9B689342B14656F804BB17D107F543
S32D00026660926A01E055450ED01AF8011B0C42F9D058F82A1058462EF0D5FB0028F2D0019BB342B146E3D848469F
S32D0002668803B0BDE8F08F5A462146384698470028F5D0019BB342B146D5D8F0E79146EEE7DD630200243150F823
S32D000266B021007047914210B5864610460BD201F1FF3C541E1CF8011F2431A4455EF8211043F8041BF6D110BDC5
S32D000266D87F2910B5144601D8037B3BB9084636F07FFE431C14BFC0B2204610BD0844407B10BD00BF2DE9F843D4
S32D000267001F46037B089C164623B391421FD202F1FF39A9EB010904EB990980460D1F09F1010904E05B7B23704F
S32D0002672801344C450FD055F8040F7F2808EB0003F4D936F055FE421C14BFC0B23846207001344C45EFD13046AC
S32D00026750BDE8F8839142FAD2551E6D1A04EB9505A1F10408013558F8040F36F03DFE431C14BFC0B2384604F821
S32D00026778010BAC42F3D13046BDE8F8832DE9F843064600F10C05002403E0802C05F8010F2CD0204636F024FE94
S32D000267A0431C04F10104F4D10023337306F18C05002420462DF0BCF90134B4F5807F45F8040FF6D10D4D06F5B5
S32D000267C8926406F5946906F59368AD1B0127291907FA01F1C9B204F8011B3046FFF71AFE444549F8040BF2D1E5
S32D000267F0BDE8F88301233373D8E700BF70FBFFFF8368587C704700BF8368987C704700BF8368D86A704700BF5B
S32D0002681883681B6B0022D9B261F30702C3F3072161F30F22C3F3074161F317421B0E63F31F6282B0104602B08D
S32D00026840704700BF83685B6B0022D9B261F30702C3F3072161F30F22C3F3074161F317421B0E63F31F6282B0B7
S32D00026868104602B0704700BF8368587C704700BF8368987C704700BF8368D86A704700BF83681B6B0022D9B217
S32D0002689061F30702C3F3072161F30F22C3F3074161F317421B0E63F31F6282B0104602B0704700BF83685B6B0C
S32D000268B80022D9B261F30702C3F3072161F30F22C3F3074161F317421B0E63F31F6282B0104602B0704700BFE8
S32D000268E0836893F824007047836893F8250070470020704700207047704700BF91424FF0000006D211F8013B92
S32D000269088A4203EB7060F9D17047704710B5034B03600446F9F7C6FB204610BDE474060010B5034B03600446DB
S32D00026930F9F7BCFB204610BDFC74060010B5034B03600446F9F7B2FB204610BD1475060010B5054B0360044606
S32D00026958F9F7A8FB204620F083FE204610BD00BFE474060010B5054B03600446F9F79AFB204620F075FE20469F
S32D0002698010BD00BFFC74060010B5054B03600446F9F78CFB204620F067FE204610BD00BF1475060010B5054B3B
S32D000269A8044640F8083B22F071FA2046F9F77AFB204610BDC874060010B50446FFF7EEFF204620F04DFE204624
S32D000269D010BD00BF10B5054B044640F8083B22F059FA2046F9F762FB204610BD207406002DE9F04F8DB01C4658
S32D000269F80DF108094FF0000307466846CDF8009016F0EAFF08AA06924FF00003169A214606A816F0E1FFDDE9E2
S32D00026A2000A3DDE906460AEB0308264404E0A64228D00AF1010A013422465146384622F0E7FB834678B9504627
S32D00026A4830F0FAFE0546204630F0F6FEAA44D0450444E8D1B6EB040B18BF4FF0FF3B069808AB984201D020F031
S32D00026A70FBFD0098484501D020F0F6FD58460DB0BDE8F08F4FF0010BEDE70098484501D020F0EAFD20F0EEFE7E
S32D00026A9810B5074B044640F8083B22F0F7F92046F9F700FB204620F0DBFD204610BD00BF207406002DE9F04F70
S32D00026AC08BB01E4600F1080303600393002315464360037206AB04468A46049332464FF00003294604A816F03F
S32D00026AE87BFFDDE90473761B7600FB183046029321F032FD05466FF0404B07E0002203F809202368C4F8048035
S32D00026B1003F808203A4633462946504622F084FB864202460ED8461C284620F09FFD304621F016FD3A460146D0
S32D00026B3805463346504622F073FB02466368ABEB03039A422FD82946204616F011FE384630F072FE029B0744E1
S32D00026B60BB4217D0D4E90039039A9A4218BFA26809F1010808BF0F22904507F10107C1D90123009300231A462D
S32D00026B884946204616F02AFB2368B7E7284620F069FD049806AB984201D020F061FD20460BB0BDE8F08F0F48AE
S32D00026BB00BF05CF920F0E8FF21F054FC01E021F021F8049806AB984201D020F04DFD2068039B834201D020F0E4
S32D00026BD847FD20F04BFEF6E720F0D2FF284620F041FDE5E7E0710600F0B58B689F6800F1080683B006602FB33A
S32D00026C000446384630F01CFE0F28054601900CD8012807D13B782372002320466560735503B0F0BD0028F7D0BD
S32D00026C2808E0002201A9204616F04CFA019B20600646A3602A46304639462EF0D9FD019D2668E5E701480BF0D6
S32D00026C50F5F800BF60730600F0B58B685F6A00F1080683B006602FB30446384630F0E8FD0F28054601900CD8F0
S32D00026C78012807D13B782372002320466560735503B0F0BD0028F7D008E0002201A9204616F018FA019B2060F0
S32D00026CA00646A3602A46304639462EF0A5FD019D2668E5E701480BF0C1F800BF60730600F0B58B685F6900F172
S32D00026CC8080683B006602FB30446384630F0B4FD0F28054601900CD8012807D13B782372002320466560735524
S32D00026CF003B0F0BD0028F7D008E0002201A9204616F0E4F9019B20600646A3602A46304639462EF071FD019D2E
S32D00026D182668E5E701480BF08DF800BF60730600F0B58B68DF6900F1080683B006602FB30446384630F080FDD1
S32D00026D400F28054601900CD8012807D13B782372002320466560735503B0F0BD0028F7D008E0002201A9204664
S32D00026D6816F0B0F9019B20600646A3602A46304639462EF03DFD019D2668E5E701480BF059F800BF60730600FF
S32D00026D90F0B58B689F6800F1080683B006602FB30446384630F04CFD0F28054601900CD8012807D13B78237249
S32D00026DB8002320466560735503B0F0BD0028F7D008E0002201A9204616F07CF9019B20600646A3602A46304660
S32D00026DE039462EF009FD019D2668E5E701480BF025F800BF60730600F0B58B685F6900F1080683B006602FB315
S32D00026E080446384630F018FD0F28054601900CD8012807D13B782372002320466560735503B0F0BD0028F7D0B8
S32D00026E3008E0002201A9204616F048F9019B20600646A3602A46304639462EF0D5FC019D2668E5E701480AF0D7
S32D00026E58F1FF00BF60730600F0B58B68DF6900F1080683B006602FB30446384630F0E4FC0F28054601900CD869
S32D00026E80012807D13B782372002320466560735503B0F0BD0028F7D008E0002201A9204616F014F9019B2060EB
S32D00026EA80646A3602A46304639462EF0A1FC019D2668E5E701480AF0BDFF00BF60730600F0B58B685F6A00F16A
S32D00026ED0080683B006602FB30446384630F0B0FC0F28054601900CD8012807D13B78237200232046656073551F
S32D00026EF803B0F0BD0028F7D008E0002201A9204616F0E0F8019B20600646A3602A46304639462EF06DFC019D2E
S32D00026F202668E5E701480AF089FF00BF60730600F0B58B689F6800F1080683B006602FB30446384630F07CFC0B
S32D00026F480F28054601900CD8012807D13B782372002320466560735503B0F0BD0028F7D008E0002201A920465A
S32D00026F7016F0ACF8019B20600646A3602A46304639462EF039FC019D2668E5E701480AF055FF00BF60730600FD
S32D00026F98F0B58B685F6900F1080683B006602FB30446384630F048FC0F28054601900CD8012807D13B78237283
S32D00026FC0002320466560735503B0F0BD0028F7D008E0002201A9204616F078F8019B20600646A3602A4630465B
S32D00026FE839462EF005FC019D2668E5E701480AF021FF00BF60730600F0B58B68DF6900F1080683B006602FB38E
S32D000270100446384630F014FC0F28054601900CD8012807D13B782372002320466560735503B0F0BD0028F7D0B3
S32D0002703808E0002201A9204616F044F8019B20600646A3602A46304639462EF0D1FB019D2668E5E701480AF0D7
S32D00027060EDFE00BF6073060008B4F0B5042082B00D46002116462DF07BFF0378432B04460AD1437843B908ABE7
S32D00027088079A01933146284635F01CF904461EE0204630F0D1FB471C384621F05DFA3A46214607462EF0A4FBB0
S32D000270B00C4904202DF05CFF08AB079A01933146284635F003F93946044604202DF050FF384620F0CBFA2046BF
S32D000270D802B0BDE8F04001B0704700BF8C7306002DE9F04F9FB00EA981E80C001D462A9B099003F16C0A504644
S32D000271001446DDE9286B0BF0F9FD07908648F9F779FA2A9BDB6ED3F80C9059F820708046002F00F0BD833B6AD3
S32D0002712807F1380206921BB1BB6A003B18BF01230D933A7C002313938DF8503014AB12931AB1202112A816F0F2
S32D000271504FF9002319938DF8683020211AAB18A8189316F045F900227B6B1193CDE90A2207F139030492039338
S32D00027178059292460C92049B11AAD35C042B00F26781DFE813F0950068015101D1004600A5F1FF38B8FA88F818
S32D000271A04FEA5818002E41D0BBF1FF3F00F0DD810023434541D014B1681C00F0E5815FFA85F9494603980A2217
S32D000271C82EF092FA002800F07081069BC01A554B1B6813F80090DDE918381AAA934218BF1A9A08F1010508BFAB
S32D000271F00F22954200F2918103F80890189B199500225A550AF1010AD4E90232934280F07F810133A3604FF0EC
S32D00027218FF35002CBCD06A1C00F092814FF00008002EBDD1ABF1FF33B3FA83F35B094345BDD14FF00108199B67
S32D00027240002B08BF4FF00008049B032B7ED001330493B8F1000F92D12B9B2B9A1B6843F004031360002C00F00D
S32D00027268FA816A1C00F057830027002E00F0FB81BBF1FF3F00F05E8300239F4205D12B9B2B9A1B6843F002038F
S32D000272901360099B18981C605D601AAB984201D020F0E2F9129814AB984201D020F0DCF909981FB0BDE8F08FE6
S32D000272B84FF00108049B032B44D0002C00F0E1806A1C1BD04FF000091EB3BBF1FF3F00F06A8100239945B3D02D
S32D000272E014B1691C00F0D8802846079BC0B29B691B5C1807A8D5D4E90232934280F010820133A360D4E9022372
S32D000273089A4280F031834FF0FF354FF00009002EDBD1ABF1FF33B3FA83F35B09DAE700BFB42D0020300D00208D
S32D000273303B6A002B40F01C82BB6A002B40F0D3820D9B83F00108049B032B80D10A9B012B40F23C81B8F1000F00
S32D000273583FF47EAF0C9B002B40F06382D7F81C900A9B013B4B440793C9F101030493049B4B4406935CB3691C89
S32D0002738000F06A82002303936EB3BBF1FF3F00F073820023039A93422DD0079B99452AD014B16A1C00F035825A
S32D000273A8284699F80130C0B283427FF451AFD4E90232934280F06B820133A360049B09F101094B444FF0FF35DC
S32D000273D00693002CD3D1A5F1FF33B3FA83F35B090393002ED1D1ABF1FF33039AB3FA83F35B099342D1D10A9B61
S32D000273F8069A93427FF42CAF199B012B40F2EA800022302118A816F0B9FA002800F0E280411C199A00F0AA8393
S32D00027420824228BF0246002118A815F031FFD5E02A9BDB68990500F120810A9B012B00F21C81049B002B00F02C
S32D000274481881012B00F01183049B022B00F01F834FF00108F4E6002C00F0A5816A1C00F0A1824FF00008002EFB
S32D0002747000F0A681BBF1FF3F00F089820023434540F0A6814FF0000818E7A5F1FF39B9FA89F94FEA59191BE7F8
S32D00027498D4E90232934280F0968207991A7889698A5C12073FF528AFCAE67B7C4B453AD097F81080B8F1000F30
S32D000274C03FF4BBAEBB7C4B457FF4B9AE059B002B40F05A82BAF1000F00F08182DDE9123814AA934218BF149AB3
S32D000274E808F1010508BF0F2295425FFA8AFA50D803F808A0129A1395002353559A46D4E902329342FFF481AE17
S32D00027510236820469B6A98477DE60123009300231A46414618A815F05DFE189B64E6059B002BC1D1FB6A002B48
S32D000275387FF77FAE0123CDF82CA0059382465FE6D4E902239A42FFF469AE236820465B6A9847013006BF0024AF
S32D000275604FF001084FF000081CE6D6E902239A42FFF41EAE336830465B6A9847013006BF00260123002314E6D9
S32D00027588D4E90232934280F0E48193F80090494614E60123009300231A46414612A815F01DFE129BA4E7D6E902
S32D000275B002239A42FFF491AE336830465B6A9847013006BF00260123002387E6B8F1000F3FF442AE199B012B38
S32D000275D83FF616AF0C9B23B1189B1B78302B40F02E81DDF84C80B8F1000F27D0059B002B40F021815FFA8AF3CB
S32D000276000393129B14AA934218BF149A08F1010908BF0F22914500F2E481039A03F80820129BCDF84C900021A8
S32D0002762803F8091012AAD7E9020121F073FF28B92B9B2B9A1B6843F004031360059B1BB1FB6A53457FF404AEF2
S32D000276502C9818A916F0FEF8002C7FF406AEA5F1FF37B7FA87F77F09002E7FF405AEABF1FF33B3FA83F35B090A
S32D0002767803E6BB6908934FF0000824B36A1C5ED04FF000093EB3BBF1FF3F4AD000234B45089B28D098453FF4CD
S32D000276A0DBAE0CB1681C2CD028467B6913F80830C0B283421ED1D4E90232934253D20133A36008F101084FF0D6
S32D000276C8FF35002CDAD1A5F1FF39B9FA89F94FEA5919002ED7D1ABF1FF33B3FA83F35B094B45089BD6D19845F7
S32D000276F03FF4B2AEB8F1000F00F09A804FF00008A2E5D4E90232934280F021827A69197812F808209142D2D053
S32D00027718B8F1000FEED187E0236820469B6A9847ECE5D6E902239A42B0D3336830465B6A9847013006BF0026A9
S32D0002774001230023A7E7D4E902239A429CD3236820465B6A9847013006BF00244FF001094FF0000992E72368D3
S32D0002776820469B6A9847A8E7002C00F071816A1C00F014824FF00008002E00F07081BBF1FF3F00F0FC8100232E
S32D00027790984540F03081BB6A002B40F0A4803B6A002B3FF4CDAD01230C9398464CE5A5F1FF38B8FA88F84FEAE0
S32D000277B85818002E7FF45AAEABF1FF33B3FA83F35B0943453FF45AAE14B1681C00F06D812B46079ADBB29269AF
S32D000277E0D35C13F008083FF469ADD4E902239A4280F0F881049B0132032BA26040F0FA810A9B012B40F2FF8117
S32D000278084FF001084FF0FF35A4E5D4E90232934280F0A181197899F8012091423FF4CCAD16E5D7F824909BE5F4
S32D000278302A9BDB6883F40073C3F3402804E59DF82C300393DDE62D23002200931146012318A815F017FEC8E6DD
S32D00027858D4E902239A42FFF491AD236820465B6A984701300ABF434600230024039387E5D6E902239A42FFF4FD
S32D0002788088AD336830465B6A9847013006BF0026434600237EE5236820469B6A984791E54420F8F713F90023F6
S32D000278A8C0E90133C0E90533C0E90733C0E90933C0E90B33C36003828374436380F84330A94B036051460746D8
S32D000278D00BF0CEFD2A9B3946D86E4246F8F718FE59F828701FE4002C00F02A816A1C00F002814FF00008002E8A
S32D000278F800F01C81BBF1FF3F00F061810023984540F08B803B6A002B3FF416ADBB6A002B7FF412AD43E7D4E9AD
S32D0002792002239A42FFF4A4AC236820465B6A9847013006BF0024012700279AE4D6E902239A42FFF49DAC3368E0
S32D0002794830465B6A9847A0F1FF33B3FA83F35B0993E4236820465B6A9847411C00F04A815FFA80F9494629E419
S32D00027970236820465B6A98470546681C7FF4C7AC4FF001090024A3E4DDF8148057E4D6E902239A42FFF472AD33
S32D00027998336830465B6A9847013006BF00260123002368E5D4E902239A42FFF45AAD236820465B6A98470130DC
S32D000279C006BF00244FF001084FF000084FE5236820465B6A9847431C08BF002485E4D0462DE4012300930023A2
S32D000279E81A46414612A815F0F9FB129B11E60CB1681C6DD02B46FA691278DBB29A427FF4C6AED4E90232396A71
S32D00027A100A91934280F003810133A3604FF0FF351AE50CB1681C77D02B467A6A1278DBB29A427FF46BAFD4E91F
S32D00027A380232B96A0A91934280F0F2800133A3604FF001084FF0FF35CDF83080FFF7F8BBA5F1FF38B8FA88F866
S32D00027A604FEA58188CE6ABF1FF33B3FA83F35B098EE60D9B002B7FF400AE9DF84430032B3FF4FBAD9DF8463001
S32D00027A88012B3FF4F6AD02230493FFF774BB9DF84730042B3FF4EDAD0D9A12B1032B3FF4E8AD03230493FFF7D0
S32D00027AB066BBD4E902239A4280F0A880079913788969CB5C13F008037FF494AE049A032A3FF4C2AB984615E4E6
S32D00027AD8D4E90232934280F0B480FA6919781278914200F0AB80BB6A002B3FF454AED4E902239A42FFF4F9AECB
S32D00027B00236820465B6A9847013006BF00244FF001084FF00008EEE6D4E90232934280F088807A6A11781A7806
S32D00027B2891427FF4EFAEBA6A0A9287E7ABF1FF33B3FA83F35B09E2E6A5F1FF38B8FA88F84FEA5818D3E6236813
S32D00027B5020465B6A9847411C08BF0024A5E5236820465B6A9847431C08BF00241DE400BF1C650600501E1AB1CA
S32D00027B7800283FF42FAD4FE4189B1A702AE5D6E902239A42FFF4FFAD336830465B6A9847013006BF00260123D3
S32D00027BA00023F5E5D4E902239A42FFF4E7AD236820465B6A9847013006BF00244FF001084FF00008DCE5D6E9B5
S32D00027BC802239A42FFF49AAE336830465B6A9847013006BF00260123002390E6236820469B6A9847049B032B21
S32D00027BF03FF406AE4FF00108FFF784BBFF2189460024FFF7DFBA4FF0FF35E3E4236820465B6A9847411C0346EA
S32D00027C1808BF0024DDE5236820469B6A9847F9E6236820469B6A98470AE7236820465B6A9847411C034608BF13
S32D00027C400024F2E63A6A0A92E6E6236820465B6A9847411C034608BF0024D0E6129814AB984201D01FF000FD10
S32D00027C681FF004FE18981AAB9842F3D01FF0F8FCF0E71FF085FF3B6838465B68984720F0EDFB1FF07DFFFAE735
S32D00027C901FF0B8FF1FF0EEFD2DE9F04F9FB00EA981E80C001D462A9B099003F16C0A50461446DDE9286B0BF0C5
S32D00027CB821F807908648F8F7A1FC2A9BDB6ED3F80C9059F820708046002F00F0BD833B6A07F1380206921BB1DC
S32D00027CE0BB6A003B18BF01230D933A7C002313938DF8503014AB12931AB1202112A815F077FB002319938DF800
S32D00027D08683020211AAB18A8189315F06DFB00227B6B1193CDE90A2207F1390304920393059292460C92049B3B
S32D00027D3011AAD35C042B00F26781DFE813F0950068015101D1004600A5F1FF38B8FA88F84FEA5818002E41D018
S32D00027D58BBF1FF3F00F0DD810023434541D014B1681C00F0E5815FFA85F9494603980A222DF0BAFC002800F050
S32D00027D807081069BC01A554B1B6813F80090DDE918381AAA934218BF1A9A08F1010508BF0F22954200F291819D
S32D00027DA803F80890189B199500225A550AF1010AD4E90232934280F07F810133A3604FF0FF35002CBCD06A1CC2
S32D00027DD000F092814FF00008002EBDD1ABF1FF33B3FA83F35B094345BDD14FF00108199B002B08BF4FF00008DD
S32D00027DF8049B032B7ED001330493B8F1000F92D12B9B2B9A1B6843F004031360002C00F0FA816A1C00F05783B8
S32D00027E200027002E00F0FB81BBF1FF3F00F05E8300239F4205D12B9B2B9A1B6843F002031360099B18981C6053
S32D00027E485D601AAB984201D01FF00AFC129814AB984201D01FF004FC09981FB0BDE8F08F4FF00108049B032BFC
S32D00027E7044D0002C00F0E1806A1C1BD04FF000091EB3BBF1FF3F00F06A8100239945B3D014B1691C00F0D880EC
S32D00027E982846079BC0B29B691B5C1807A8D5D4E90232934280F010820133A360D4E902239A4280F031834FF001
S32D00027EC0FF354FF00009002EDBD1ABF1FF33B3FA83F35B09DAE700BFB82D0020300D00203B6A002B40F01C8267
S32D00027EE8BB6A002B40F0D3820D9B83F00108049B032B80D10A9B012B40F23C81B8F1000F3FF47EAF0C9B002BA9
S32D00027F1040F06382D7F81C900A9B013B4B440793C9F101030493049B4B4406935CB3691C00F06A820023039362
S32D00027F386EB3BBF1FF3F00F073820023039A93422DD0079B99452AD014B16A1C00F03582284699F80130C0B289
S32D00027F6083427FF451AFD4E90232934280F06B820133A360049B09F101094B444FF0FF350693002CD3D1A5F1BB
S32D00027F88FF33B3FA83F35B090393002ED1D1ABF1FF33039AB3FA83F35B099342D1D10A9B069A93427FF42CAFD9
S32D00027FB0199B012B40F2EA800022302118A815F0E1FC002800F0E280411C199A00F0AA83824228BF0246002155
S32D00027FD818A815F059F9D5E02A9BDB68990500F120810A9B012B00F21C81049B002B00F01881012B00F0118312
S32D00028000049B022B00F01F834FF00108F4E6002C00F0A5816A1C00F0A1824FF00008002E00F0A681BBF1FF3F7F
S32D0002802800F089820023434540F0A6814FF0000818E7A5F1FF39B9FA89F94FEA59191BE7D4E90232934280F0FF
S32D00028050968207991A7889698A5C12073FF528AFCAE67B7C4B453AD097F81080B8F1000F3FF4BBAEBB7C4B453F
S32D000280787FF4B9AE059B002B40F05A82BAF1000F00F08182DDE9123814AA934218BF149A08F1010508BF0F225B
S32D000280A095425FFA8AFA50D803F808A0129A1395002353559A46D4E902329342FFF481AE236820469B6A984775
S32D000280C87DE60123009300231A46414618A815F085F8189B64E6059B002BC1D1FB6A002B7FF77FAE0123CDF8AC
S32D000280F02CA0059382465FE6D4E902239A42FFF469AE236820465B6A9847013006BF00244FF001084FF00008E9
S32D000281181CE6D6E902239A42FFF41EAE336830465B6A9847013006BF00260123002314E6D4E90232934280F06E
S32D00028140E48193F80090494614E60123009300231A46414612A815F045F8129BA4E7D6E902239A42FFF491AE1F
S32D00028168336830465B6A9847013006BF00260123002387E6B8F1000F3FF442AE199B012B3FF616AF0C9B23B132
S32D00028190189B1B78302B40F02E81DDF84C80B8F1000F27D0059B002B40F021815FFA8AF30393129B14AA9342A6
S32D000281B818BF149A08F1010908BF0F22914500F2E481039A03F80820129BCDF84C90002103F8091012AAD7E92B
S32D000281E0020121F09BF928B92B9B2B9A1B6843F004031360059B1BB1FB6A53457FF404AE2C9818A915F026FBF2
S32D00028208002C7FF406AEA5F1FF37B7FA87F77F09002E7FF405AEABF1FF33B3FA83F35B0903E6BB6908934FF0E0
S32D00028230000824B36A1C5ED04FF000093EB3BBF1FF3F4AD000234B45089B28D098453FF4DBAE0CB1681C2CD02A
S32D0002825828467B6913F80830C0B283421ED1D4E90232934253D20133A36008F101084FF0FF35002CDAD1A5F137
S32D00028280FF39B9FA89F94FEA5919002ED7D1ABF1FF33B3FA83F35B094B45089BD6D198453FF4B2AEB8F1000F89
S32D000282A800F09A804FF00008A2E5D4E90232934280F021827A69197812F808209142D2D0B8F1000FEED187E0FC
S32D000282D0236820469B6A9847ECE5D6E902239A42B0D3336830465B6A9847013006BF002601230023A7E7D4E932
S32D000282F802239A429CD3236820465B6A9847013006BF00244FF001094FF0000992E7236820469B6A9847A8E7C9
S32D00028320002C00F071816A1C00F014824FF00008002E00F07081BBF1FF3F00F0FC810023984540F03081BB6A60
S32D00028348002B40F0A4803B6A002B3FF4CDAD01230C9398464CE5A5F1FF38B8FA88F84FEA5818002E7FF45AAEE6
S32D00028370ABF1FF33B3FA83F35B0943453FF45AAE14B1681C00F06D812B46079ADBB29269D35C13F008083FF48F
S32D0002839869ADD4E902239A4280F0F881049B0132032BA26040F0FA810A9B012B40F2FF814FF001084FF0FF350D
S32D000283C0A4E5D4E90232934280F0A181197899F8012091423FF4CCAD16E5D7F824909BE52A9BDB6883F40073FA
S32D000283E8C3F3402804E59DF82C300393DDE62D23002200931146012318A815F03FF8C8E6D4E902239A42FFF439
S32D0002841091AD236820465B6A984701300ABF434600230024039387E5D6E902239A42FFF488AD336830465B6ADF
S32D000284389847013006BF0026434600237EE5236820469B6A984791E54420F7F73BFB0023C0E90133C0E9053356
S32D00028460C0E90733C0E90933C0E90B33C36003828374436380F84330A94B0360514607460BF0FEF92A9B39469C
S32D00028488D86E4246F8F740F859F828701FE4002C00F02A816A1C00F002814FF00008002E00F01C81BBF1FF3F37
S32D000284B000F061810023984540F08B803B6A002B3FF416ADBB6A002B7FF412AD43E7D4E902239A42FFF4A4AC1C
S32D000284D8236820465B6A9847013006BF0024012700279AE4D6E902239A42FFF49DAC336830465B6A9847A0F1B6
S32D00028500FF33B3FA83F35B0993E4236820465B6A9847411C00F04A815FFA80F9494629E4236820465B6A98476B
S32D000285280546681C7FF4C7AC4FF001090024A3E4DDF8148057E4D6E902239A42FFF472AD336830465B6A98474F
S32D00028550013006BF00260123002368E5D4E902239A42FFF45AAD236820465B6A9847013006BF00244FF001089C
S32D000285784FF000084FE5236820465B6A9847431C08BF002485E4D0462DE40123009300231A46414612A814F06A
S32D000285A021FE129B11E60CB1681C6DD02B46FA691278DBB29A427FF4C6AED4E90232396A0A91934280F00381C4
S32D000285C80133A3604FF0FF351AE50CB1681C77D02B467A6A1278DBB29A427FF46BAFD4E90232B96A0A919342F9
S32D000285F080F0F2800133A3604FF001084FF0FF35CDF83080FFF7F8BBA5F1FF38B8FA88F84FEA58188CE6ABF1B3
S32D00028618FF33B3FA83F35B098EE60D9B002B7FF400AE9DF84430032B3FF4FBAD9DF84630012B3FF4F6AD0223CD
S32D000286400493FFF774BB9DF84730042B3FF4EDAD0D9A12B1032B3FF4E8AD03230493FFF766BBD4E902239A4254
S32D0002866880F0A880079913788969CB5C13F008037FF494AE049A032A3FF4C2AB984615E4D4E90232934280F0CB
S32D00028690B480FA6919781278914200F0AB80BB6A002B3FF454AED4E902239A42FFF4F9AE236820465B6A9847A8
S32D000286B8013006BF00244FF001084FF00008EEE6D4E90232934280F088807A6A11781A7891427FF4EFAEBA6AD1
S32D000286E00A9287E7ABF1FF33B3FA83F35B09E2E6A5F1FF38B8FA88F84FEA5818D3E6236820465B6A9847411CF0
S32D0002870808BF0024A5E5236820465B6A9847431C08BF00241DE400BF2C650600501E1AB100283FF42FAD4FE4F3
S32D00028730189B1A702AE5D6E902239A42FFF4FFAD336830465B6A9847013006BF002601230023F5E5D4E902239A
S32D000287589A42FFF4E7AD236820465B6A9847013006BF00244FF001084FF00008DCE5D6E902239A42FFF49AAE94
S32D00028780336830465B6A9847013006BF00260123002390E6236820469B6A9847049B032B3FF406AE4FF001086A
S32D000287A8FFF784BBFF2189460024FFF7DFBA4FF0FF35E3E4236820465B6A9847411C034608BF0024DDE523681D
S32D000287D020469B6A9847F9E6236820469B6A98470AE7236820465B6A9847411C034608BF0024F2E63A6A0A924C
S32D000287F8E6E6236820465B6A9847411C034608BF0024D0E6129814AB984201D01EF028FF1FF02CF818981AABB8
S32D000288209842F3D01EF020FFF0E71FF0ADF93B6838465B6898471FF015FE1FF0A5F9FAE71FF0E0F91FF016F85A
S32D000288482DE9F04192B008AC84E80C0000220D928DF838200CAADDF8708004929DF868601B9A0EAFCDE90228ED
S32D0002887005460B460C973EB318AA92E803008DE8030006AE1946304694E80C00FEF72CFC96E803000C9E84E82C
S32D000288980300F7F71DFC1D990B900BAB3046424620F084FA94E803000C9BBB4285E8030002D018461EF0D4FE70
S32D000288C0284612B0BDE8F08118AA92E803008DE8030006AE1946304694E80C00FFF7DCF9D6E70C98B84201D083
S32D000288E81EF0BEFE1EF0C2FF2DE9F04F91B008AC1D9E9DF870B0054606F16C0084E80C0089460AF0F7F900230B
S32D000289100B938DF830300AAB04931E9BCDE902631AAB074693E803008DE803000DF1300806AE94E80C00CDF855
S32D00028938288049463046BBF1000F18D0FEF7D0FB96E80300DDF82C9084E80300B9F1000F18D10A9E94E80300B5
S32D00028960464585E8030002D030461EF07DFE284611B0BDE8F08FFFF78FF996E80300DDF82C9084E80300B9F11F
S32D00028988000FE6D01F980022494614F0CFFD3B7F0A9E1F9A012BD2F800A006EB090B14D07BB13B68DB691A46B5
S32D000289B09C46104B9A420FD1B345CED031464A4650462CF019FF0A9EC8E73846FDF72AFCEBE7B345F2D1C1E713
S32D000289D8314653465A4638466646B047B9E70A98404501D01EF03CFE1EF040FFB56102002DE9F04F9DB00DF1B9
S32D00028A00280ADDF8988008F16C0B8AE80C0007469DF89C30039358460AF070F98146A448F7F7F0FDD8F86C30FA
S32D00028A28DD6855F82060002E00F07081289B1D6896F838302A789A4224D0289B5968336B0D93F3690493336AFB
S32D00028A5002932944A9420ED9D9F818002B4602E099421C4605D01C4601332278825C5207F6D4641B16D19AE8BB
S32D00028A780300002387E803003846C8F808301DB0BDE8F08F289B5968736B0D930029EED0736A0493B36A0293C0
S32D00028AA00135D6E7002311938DF84830610012AB10A8109314F09CFCF36AA4EB0309B9F1000F23DDF16839EAAD
S32D00028AC8230928BFA146002900F04A810021119A00914FEA490310A814F0D0FC05EB0900D6E90223B17C01909B
S32D00028AF0009510980BF07EF9109A119B821A9A4200F27181002311920370F36A002B00F3D380D8F80C30029A46
S32D00028B18119C14449A0503F0B00544BFB369E418002317938DF86030610018AB16A8169314F05AFC102DD8F8F2
S32D00028B4008B000F00B8100230593ABEB040306930DAC0DF1380914F8013B042B09D8DFE803F08643775F030034
S32D00028B68DDE9101216A814F003FE4C45EFD1029B012B00F2858017998B4540F29380039B0093202D00F0BB80B3
S32D00028B900022ABEB010316A8114614F073FC9DF82C50169B0A9C4DB9194623685A461B6B204698475845169B60
S32D00028BB818BF01250E948DF83C5099E8030018AA93420A908DF82C1002D018461EF048FD109812AB98423FF472
S32D00028BE04AAF1EF041FD46E7059B002B43D1179A169B08920132079218AA934218BF189A079908BF0F229142C1
S32D00028C0800F2DD800899039A5A54079A169B17924FF000019954A8E7029B002BA5D0179A169B04990892013241
S32D00028C30079218AA9342097818BF189A0991079908BF0F22914200F2AA80DDE90812DFE7D8F80C309B058CD506
S32D00028C58179A6FF040439B1AD6E905129A4281D9124809F0FFF8059B002B3FF47EAF039B00931799069B00227F
S32D00028C8016A814F0FFFB74E7179804995A1E6FF040431B1A9A4201F1010100F2A18016A814F06AFD17998B4546
S32D00028CA83FF66DAF8B4676E7B42D0020E0710600119A109B059202F1010B12AA934218BF129A717C069108BF7A
S32D00028CD00F2293456DD8DDE905125A54109BCDF844B00022914503F80B2046DB119A6FF040439B1AF26A9A427E
S32D00028CF805EB09016DD810A814F03AFD05E716A8ABEB0103002214F0B9FB44E704464420F6F7D8FE0023C0E994
S32D00028D200133C0E90533C0E90733C0E90933C0E90B33C36003828374436380F843303C4B0360594606460AF060
S32D00028D4893FB3146D8F86C002246F7F7DDFB55F824606BE6A34594BF002301230593F0E6119ACDF800902B4609
S32D00028D7010A814F0F5FBF36AC8E696F839100091C9F10003119910A814F07CFB119A6FF040439B1A9C422AD8F8
S32D00028D9822462946AFE701230093002308991A4616A814F01BFA169B4BE701230093002305991A4610A814F015
S32D00028DC011FA109B87E701230093002308991A4616A814F007FA169B18E7164809F046F8144809F043F814498F
S32D00028DE8144809F057F8114809F03CF8169818AB984201D01EF034FC109812AB984201D01EF02EFC1EF032FD52
S32D00028E10F6E71EF0B9FE336830465B6898471FF021FB1EF0B1FEFAE71EF0ECFE1EF022FD1C650600E071060011
S32D00028E3890730600447106002DE9F04F9DB00DF1280ADDF8988008F16C0B8AE80C0007469DF89C3003935846B7
S32D00028E6009F04CFF8146A448F7F7CCFBD8F86C30DD6855F82060002E00F07081289B1D6896F838302A789A42ED
S32D00028E8824D0289B5968336B0D93F3690493336A02932944A9420ED9D9F818002B4602E099421C4605D01C46F0
S32D00028EB001332278825C5207F6D4641B16D19AE80300002387E803003846C8F808301DB0BDE8F08F289B596858
S32D00028ED8736B0D930029EED0736A0493B36A02930135D6E7002311938DF84830610012AB10A8109314F078FA39
S32D00028F00F36AA4EB0309B9F1000F23DDF16839EA230928BFA146002900F04A810021119A00914FEA490310A89C
S32D00028F2814F0ACFA05EB0900D6E90223B17C0190009510980AF05AFF109A119B821A9A4200F2718100231192CC
S32D00028F500370F36A002B00F3D380D8F80C30029A119C14449A0503F0B00544BFB369E418002317938DF86030BF
S32D00028F78610018AB16A8169314F036FA102DD8F808B000F00B8100230593ABEB040306930DAC0DF1380914F8D4
S32D00028FA0013B042B09D8DFE803F08643775F0300DDE9101216A814F0DFFB4C45EFD1029B012B00F285801799B4
S32D00028FC88B4540F29380039B0093202D00F0BB800022ABEB010316A8114614F04FFA9DF82C50169B0A9C4DB92F
S32D00028FF0194623685A461B6B204698475845169B18BF01250E948DF83C5099E8030018AA93420A908DF82C1088
S32D0002901802D018461EF024FB109812AB98423FF44AAF1EF01DFB46E7059B002B43D1179A169B08920132079266
S32D0002904018AA934218BF189A079908BF0F22914200F2DD800899039A5A54079A169B17924FF000019954A8E783
S32D00029068029B002BA5D0179A169B049908920132079218AA9342097818BF189A0991079908BF0F22914200F29E
S32D00029090AA80DDE90812DFE7D8F80C309B058CD5179A6FF040439B1AD6E905129A4281D9124808F0DBFE059BB4
S32D000290B8002B3FF47EAF039B00931799069B002216A814F0DBF974E7179804995A1E6FF040431B1A9A4201F1BF
S32D000290E0010100F2A18016A814F046FB17998B453FF66DAF8B4676E7B82D0020E0710600119A109B059202F10D
S32D00029108010B12AA934218BF129A717C069108BF0F2293456DD8DDE905125A54109BCDF844B00022914503F89C
S32D000291300B2046DB119A6FF040439B1AF26A9A4205EB09016DD810A814F016FB05E716A8ABEB0103002214F0D3
S32D0002915895F944E704464420F6F7B4FC0023C0E90133C0E90533C0E90733C0E90933C0E90B33C36003828374B4
S32D00029180436380F843303C4B0360594606460AF077FB3146D8F86C002246F7F7B9F955F824606BE6A34594BFD5
S32D000291A8002301230593F0E6119ACDF800902B4610A814F0D1F9F36AC8E696F839100091C9F10003119910A859
S32D000291D014F058F9119A6FF040439B1A9C422AD822462946AFE701230093002308991A4616A813F0F7FF169B48
S32D000291F84BE701230093002305991A4610A813F0EDFF109B87E701230093002308991A4616A813F0E3FF169B4E
S32D0002922018E7164808F022FE144808F01FFE1449144808F033FE114808F018FE169818AB984201D01EF010FABB
S32D00029248109812AB984201D01EF00AFA1EF00EFBF6E71EF095FC336830465B6898471FF0FDF81EF08DFCFAE712
S32D000292701EF0C8FC1EF0FEFA2C650600E071060090730600447106002DE9F04F95B004AF07F1180A8AE80C005F
S32D0002929897F868303B6197F87030FB60FB6E7961804603F16C0107F12400F6F703FF07F1240009F01FFD90B073
S32D000292C0064604ADF6F708FFD7E91E3407F12809CDE902340023B86200934022414B29464846FDF7C1FE3F2891
S32D000292E8044617DD00F1080323F00703ADEB030D013404ADF6F7ECFED7E91E23CDE902230023B8620093224686
S32D00029310344B29464846FDF7A7FE044607F1300B002221464846C7F828B013F0F3FE337FBA6ABA60012B05EBED
S32D0002933804027A603BD0002B35D03368DB691A469C46274B9A4235D12B19AB4204D0B868224629462CF04CFA17
S32D000293603B69CDF80890BBB1FB680193FB6E00939AE80C0079694046FFF73EFBB86A584501D01EF071F907F158
S32D000293882400F6F723FF40464437BD46BDE8F08FFB680193FB6E00939AE80C0079694046FFF74AFDE6E73046F1
S32D000293B0FCF738FFC5E7AA42CDD1D1E7D7E90123294630466446A047CAE7B86A584501D01EF04AF907F124006D
S32D000293D8F6F7FCFE1EF04AFAF8E700BFA4730600B561020030B587B00DF1100C9DF828508CE80C0004460B9BA6
S32D000294009DF8302055B10D9D0093CDE901259CE80C00FFF7F1FA204607B030BD0D9D0093CDE901259CE80C0014
S32D00029428FFF70AFD204607B030BD00BF2DE9F04F85B004A901E90C00149ADDF838B0034602F16C000193DDE9B4
S32D00029450026809F053FC139B022B824600F0AE80042B0CBF4FF47A7401240F9B00930025A946002E47D0B8F1EA
S32D00029478FF3F6AD00027009BBBF1000F48D0013353D00023BB42139B4AD099454AD016B1B8F1FF3F67D05FFA42
S32D000294A088F73946574497F81D3153B9DAF800304A4A1B6A934261D12A2965D087F81D110B46303BDAB2092A48
S32D000294C85ED805EB8505129A03EB450505FB04F3934255DC119A2344934251DD3E4BA3FB0434D6E902329342A7
S32D000294F04FEAD40458D20133B36009F101094FF0FF38002EB7D1A8F1FF37B7FA87F7009B7F09BBF1000FB6D137
S32D00029518A3F1FF33B3FA83F35B09BB42139BB4D199452DD1109B1D6033E0DBE902239A42A7D3DBF800305846AF
S32D000295405B6A9847013006BF4FF0000B012300239CE7D6E902239A4290D3336830465B6A9847013006BF002659
S32D000295680127002787E7D6E90232934224D219780F4693E72A225046984701462A2999D1139B042B11D0159BC5
S32D00029590159A1B6843F004031360019B1846C3E9006805B0BDE8F08F336830469B6A9847A3E7B9F1020FEAD1F0
S32D000295B8643DB7E70A2454E7336830465B6A9847431C02D0C7B2394668E7FF210F46002664E700BF5161020055
S32D000295E0CDCCCCCC2DE9F0418EB00AAC84E80C00169A06920B4642F20F720421CDE904210CAA029214AA0546D6
S32D0002960892E803008DE803001946002303930D930DAB08AE0793304694E80C00179FFFF705FF96E803000D9BA6
S32D0002963084E80300064613BB0C9B189A002BB4BF6433A3F26C7353610B9BFEB101333AD04FF00008DDE9140314
S32D0002965810B3013326D00023434503D13B6843F002033B600A9694E8030085E8030028460EB0BDE8F0813B688C
S32D0002968043F004033B600B9B002EDFD1A3F1FF38DDE91403B8FA88F84FEA58180028DCD1A3F1FF33B3FA83F320
S32D000296A85B09D9E7D0E902239A42D4D303685B6A9847A0F1FF33B3FA83F35B09CCE7D6E902239A42C0D3336813
S32D000296D030465B6A984701300ABF4FF001084FF000080026B6E700BF2DE9F04F89B000AF07F1200101E90C00F9
S32D000296F80346FA6D7B60FB693B6102F16C00BB6CFB607E6DD7F8189009F0F4FABB6D9B00073323F00703ADEBDB
S32D00029720030D80463B69EB46B9F1000F00F0B580013300F059810024FB6CBB60FB68002B00F0A480BB680133F3
S32D0002974800F05F810023A3420FD13B6E3A6E1B6843F0040313607B683A69C3F80090184624375A60BD46BDE8CC
S32D00029770F08FB9F1000F00F068813B695C1C00F06981DAB2BB6D002BE3D00025A6F1040AC7F814907E65D7F851
S32D0002979858902C46164608E0D8F800309B689847B04208D00135A9450CD05AF8043F1978B1424046F0D14BF8B4
S32D000297C024500135A94504F10104F2D10023012CD7F814907E6D7B616BD9DBF800303B6156F823002EF02CF804
S32D000297E85D4682464FF0010855F8043F56F823002EF022F808F10108824528BF8246A045F2D3D9E902039842A2
S32D0002981080F0E4800130C9F808007B69013353457B6180F0B780D9E902239A4238BF002580F0FF80FB68002BCB
S32D0002983800F0A380BB68013300F0AC8000239D4200F0A4804A460025D7E9043912E0D2E90213994280F0B48071
S32D000298600B78984517BF04F1FF3401355BF824304BF82530AC4216D95BF8253056F8233013F80980002AE6D16A
S32D00029888FF23EAE7BB68A3F1FF33B3FA83F35B0959E7A3F1FF34B4FA84F4640948E7012C914696D84FF0FF33A1
S32D000298B03B61012C7FF44DAFD9E902318B4280F014810133C9F80830DBF800307D6956F823403B6120462DF0A3
S32D000298D8B3FF05F101088045786180F0ED804E46D6E902232544AA469A4204F1FF35A3460544D7E9029438BFDF
S32D000299004FF000082AD2002C35D0B9F1FF3F00F0C1800023434500F0CC809AF801100AF10108002E00F0A980D5
S32D00029928D6E902239A4280F0D28013788B4240F0BC800132B2600AF1020AA845AAEB0B0A00F0B880D6E90223DA
S32D000299509A42C24638BF4FF00008D4D3336830465B6A9847013006BF00264FF001084FF00008002CC9D1A9F15E
S32D00029978FF33B3FA83F35B09C8E7BB68A3F1FF33B3FA83F35B099D427FF45CAF4FF0FF333B61DAE6FB68D3E99E
S32D000299A002239A42FFF44EAFD7F80C80D8F8003040465B6A9847013014BF43460023FB600CBF012300233EE7DF
S32D000299C813683A615B6A10469847411C3BD03A69C3B242E7D9F8003048469B6A984718E7D9E902139942FFF49F
S32D000299F0A2AED9F8003048465B6A9847013006BF4FF000090124002496E6FB68D3E902139942FFF49BAEFD6811
S32D00029A182B6828465B6A9847013014BF2B460023FB600CBF012300238DE6D9F8003048465B6A9847013006BFD8
S32D00029A404FF0000901250025F4E63A7C9AE6FF23002206E7D9E902318B4201D21A7891E6D9F8003048465B6A30
S32D00029A6898470346581C7FF488AEFF224FF0000984E6FF23994218D1D6E902239A42FFF458AF336830469B6A00
S32D00029A90984754E7D4E902239A42FFF43AAF236820465B6A9847013006BF00240123002330E74FF0FF33B1467D
S32D00029AB83B614AE6B146D0467B6943457FF466AF3B6D3A691A604FF0FF333B6143E63368F9605B6A30469847A8
S32D00029AE0421CF96807D0C3B2C8E7D9F8003048469B6A9847E8E6FF230026BFE72DE9F04F89B000AF07F1200117
S32D00029B0801E90C00FA6DD7F81880D7F85490D7F81CB00346FB6002F16C00BB6C7B6109F0E9F8BA6D6B46A3EBD5
S32D00029B30C2039D4602466E46B8F1000F00F01481BBF1FF3F00F05C810024FB6C3B617B69002B00F014813B690E
S32D00029B58013300F03B810023A34240F0C58000242546A2464346002B46D0BBF1FF3F7BD04FF000087A69002AB6
S32D00029B8047D03A6901325DD00022904549D013B1BBF1FF3F7FD05FFA8BF8002C00F0858000218E469C4604E0D6
S32D00029BA80EF1010E01318C4217D95AF82130AB424FEA81000AEB8102F2D956F8213059F823305B5D434537D078
S32D00029BD0013C8C4256F8243033505AF824301360E7D8A64563461CD0DCE9021291426BD20131CCF808100135B0
S32D00029BF84FF0FF3B002BB8D1ABF1FF387A69B8FA88F84FEA5818002AB7D13A69A2F1FF32B2FA82F25209904516
S32D00029C20B5D1012C984658D1DAF80030AB423DD1BA6D33689342A8BF9B1A3A6D13603BE00131B4E77A69D2E90A
S32D00029C48021291429CD3BB607B691A681846526A904701307B6908BF00237B6108BF0122BB6818BF00228CE7D0
S32D00029C70D3E902129142FFF47FAF1A68BB601846526A90470130BB6806BF4FF0010800234FF0000872E7D3E992
S32D00029C980212914280F0C38091F80080002C7FF47BAF98463B6E3A6E1B6843F004031360FB6824371846C3E909
S32D00029CC0008BBD46BDE8F08FDCF80020C7F808C0926A60469047BB688DE7022CE6D1DAF80030AB42A4D0DAF81D
S32D00029CE80430AB42DED19FE7B8F1000F03D0BBF1FF3F00F0A4805FFA8BF31946BB6D5D0000F0A4804FF0000A55
S32D00029D10A9F104035446C7E901B8AA46C7F85490934698468946254608E0DBF800309B689847484508D0013593
S32D00029D3855450CD058F8043F197849455846F0D146F824500135554504F10104F2D1D7E901B8D7F85490ACB9A4
S32D00029D602546A246434602E7FB6C3B61ABF1FF347B69B4FA84F46409002B7FF4ECAE3B69A3F1FF33B3FA83F300
S32D00029D885B09E9E6D8E9023293426FD20133C8F80830A500EB1D23F00703ADEB030DEA4605EB0A03BC60351F32
S32D00029DB0D3461C4655F8042F59F822002DF040FD4BF8040B5C45F5D1BC684FF0FF3B01254346CCE67B69D3E964
S32D00029DD802139942FFF4BFAE7D69BA602B6828465B6A9847013014BF2B4600237B61BA680CBF01230023AFE629
S32D00029E00D8E902139942FFF49FAED8F8003038615B6A4046984701303A6906BF4FF000080124002491E61A685C
S32D00029E28BB601846526A9047B0F1FF3F804619BFBB685FFA80F84FF0FF080023A9E6D8E902318B4206D21B7869
S32D00029E50194657E72C46AA46434688E6D8F80030BA605B6A40469847421CBA6808D0C3B2194647E7D8F800304E
S32D00029E7840469B6A98478CE7FF2319464FF000083CE700BF2DE9F0419CB00AACDDF89080259F054608F16C0091
S32D00029EA00E4684E80C0009F0D5FE836800220D92DA6A15921A6B16925A6B17929A6C0E92DA6C0F921A6D109212
S32D00029EC85A6D11929A6D1292DA6D13921A6E14929A6B1892DA6B19921A6C5B6C1A921B930DAA07230692CDF8B7
S32D00029EF0148004930EAB03930CAB029322AB93E803008DE80300314608AE304694E80C00FFF7F4FD96E8030026
S32D00029F180D9B84E803000646EBB9269A0C9B93610B9BFEB101333AD04FF00008DDE9220310B3013326D00023E2
S32D00029F40434503D13B6843F002033B600A9694E8030085E8030028461CB0BDE8F0813B6843F004033B600B9B22
S32D00029F68002EDFD1A3F1FF38DDE92203B8FA88F84FEA58180028DCD1A3F1FF33B3FA83F35B09D9E7D0E902239A
S32D00029F909A42D4D303685B6A9847A0F1FF33B3FA83F35B09CCE7D6E902239A42C0D3336830465B6A98470130D9
S32D00029FB80ABF4FF001084FF000080026B6E700BF2DE9F043A7B00AACDDF8C090DDF8C480054609F16C0084E8EE
S32D00029FE00C000F4609F036FE8368D3F894200E92D3F898200F92D3F89C201092D3F8A0201192D3F8A42012920B
S32D0002A008D3F8A8201392D3F8AC201492D3F8B0201592D3F8B4201692D3F8B8201792D3F8BC201892D3F8C020E2
S32D0002A03019925A6E1A929A6E1B92DA6E1C921A6F1D92D3F874C0CDF878C0D3F878C0CDF87CC0D3F87CC0CDF832
S32D0002A05880C0D3F880C0CDF884C0D3F884C0CDF888C00DF1340ED3F888C0CDF88CC00C210EA8D3F88CC0D3F83F
S32D0002A08090302593CDE9059ECDE903010CAA002302920D932EAB93E803008DE8030008AE304694E80C00394616
S32D0002A0A8CDF890C0FFF726FD96E803000D9B84E803000646F3B9329A0C9B0B9F136116B37B1C3CD00027DDE9E0
S32D0002A0D02E0328B3013329D00023BB4205D1D8F8003043F00203C8F800300A9694E8030085E80300284627B035
S32D0002A0F8BDE8F083D8F800300B9F43F00403C8F80030002EDCD1DDE92E03A7F1FF37B7FA87F77F090028D9D123
S32D0002A120A3F1FF33B3FA83F35B09D6E7D0E902239A42D1D303685B6A9847A0F1FF33B3FA83F35B09C9E7D6E9DF
S32D0002A14802239A42BED3336830465B6A984701300ABF012700270026B5E700BF2DE9F04FA1B010AC84E80C00FC
S32D0002A1702C9BDDF8BCA0DDF84480DDF8A8B003F16C04CDE90A102046164609F063FD034620460C9308F0B2FDBD
S32D0002A198054650462DF050FB00242B9B0990129408934746002E3AD07A1C79D04FF00008089BBBF1000F3CD035
S32D0002A1C0013300F02981002343453DD0099BA3423AD9129B002B40F041811AF804106B180AEB040993F81D210F
S32D0002A1E888464AB92B68BA481B6A834260D129B1A8440A4688F81D11252A5DD099F8008016B17A1C00F0158132
S32D0002A2103846C0B280453FD0129B43F0040312930134002EC4D1A7F1FF38B8FA88F8089B4FEA5818BBF1000FCE
S32D0002A238C2D1A3F1FF33B3FA83F35B094345C1D1129BB846002B00F0FE802D9B2D9A1B6843F0040313600B9B53
S32D0002A2601846C3E9006821B0BDE8F08F002E40F09C84F9B28846A84498F81D2152B92B6895481B6A834240F0C1
S32D0002A288AD840029C4D088F81D110A46092ABFD1D6E90232934280F06C810133B3600134D6E902239A4280F026
S32D0002A2B06F844FF0FF377DE72846984701469AE704F101081AF808106B18894693F81D2162B92B6880481B6A5F
S32D0002A2D8834240F0C380002900F0BE80A9440A4689F81D110023452A139302D04F2A40F0AF8002341AF804109D
S32D0002A3006B18884693F81D2162B92B6872481B6A834240F0DC8000293FF47EAFA8440A4688F81D11413A382A85
S32D0002A3283FF676AF01A353F822F000BF2FA8020059A802006DA40200BDA6020019A2020019A2020019A2020060
S32D0002A350A1A80200F7A8020019A2020019A2020019A20200ADA7020019A2020019A2020019A2020019A2020070
S32D0002A37803A8020035A902008BA9020019A2020019A2020019A2020085A502006DA40200C9A5020019A202004F
S32D0002A3A019A2020019A2020019A2020019A2020019A202004BA60200DDA40200E3A50200F5A50200DDA60200BB
S32D0002A3C819A2020019A20200DDA4020019A2020019A2020019A2020019A2020055A70200B9A9020019A2020055
S32D0002A3F019A2020019A2020019A2020019A202006DA2020019A2020019A2020019A2020015A902006DA402002E
S32D0002A418DBE902239A42FFF4D2AEDBF8003058465B6A9847013006BF4FF0000B01230023C6E6D6E9023293429C
S32D0002A44080F0D9831A7842457FF4E6AE29E7099BA3427FF4FEAE02E7444663E7B846F8E64446D9E62846984719
S32D0002A468014638E72C9B069312AB0793042042F20F73CDE904300023039313AB0293CDF8A8B02AAB93E8030067
S32D0002A490CDE910678DE803000EAE10AB30460CCB0A99FEF7C7FF96E8030010AB83E80300129B06460F46002BB2
S32D0002A4B87FF4B2AE139B2E9A002BB4BF6433A3F26C735361A8E62846984701461FE700BF516102000C9BCDF8C7
S32D0002A4E0A8B09B68D3F894101491D3F898101591D3F89C101691D3F8A0101791D3F8A4101891D3F8A81019912E
S32D0002A508D3F8AC101A91D3F8B0101B91D3F8B4101C91D3F8B8101D91D3F8BC101E91CDE91067D3F8C03012AA53
S32D0002A5301F932C9B05930C23049314AB039313AB029306922AAB93E803008DE803000EAE10AB30460CCB0A99B2
S32D0002A558FFF7C6F896E8030010AB83E80300129B06460F46002B7FF457AE2E9A139B136152E6336830469B6A4C
S32D0002A580984790E60C9BCDF8A8B09B68CDE910671B6905932E9B04932C9B029312AB03932AAB93E803008DE86F
S32D0002A5A803000EAE10AB30460CCB0A99FFF7D6FD96E8030010AB83E8030006460F462BE6002E00F00382791CBC
S32D0002A5D040F00082D6E90232934280F085831B78F9E10C9BCDF8A8B09B689B690593CDE91067CFE72C9B069356
S32D0002A5F812ABCDE91067079302271F23CDE904370123039313AB0293CDF8A8B02AAB93E803008DE803000EAEA2
S32D0002A62010AB30460CCB0A99FEF704FF96E8030010AB83E80300129B06460F46002B7FF4EFAD2E9A139BD3608C
S32D0002A648EAE50C9BCDF8A8B09B689A6C1492DA6C15921A6D16925A6D17929A6D1892DA6D19921B6ECDE91067BB
S32D0002A6700EAE1A932C9B059312AB06930723049314AB039313AB02932AAB93E803008DE8030010AB30460CCB60
S32D0002A6980A99FFF725F896E8030010AB83E80300129B06460F46002B7FF4B6AD2E9A139B9361B1E52B7F012B0D
S32D0002A6C000F05B82002B00F0A7822B68D3F81C80954B984500F05182944A65E1002E00F01882781C40F01582A8
S32D0002A6E8D6E90232934280F0E882A9691A788A5C110740F162820133B3602C9B06934FF0FF3311930123059371
S32D0002A710039312AB079309231096CDF8A8B00EAE049313AB02932AAB93E803008DE8030010AB30460CCB0A9921
S32D0002A738FEF77CFE96E8030010AB83E80300129B06460F46002B7FF467AD76E72C9B069312AB079302210C2372
S32D0002A760CDE904310123039313AB0293CDF8A8B02AAB93E80300CDE910678DE803000EAE10AB30460CCB0A9955
S32D0002A788FEF754FE96E8030010AB83E80300129B06460F46002B7FF43FAD139B2E9A013B136139E52C9B069334
S32D0002A7B012AB079302223B23CDE904320023039313AB0293CDF8A8B02AAB93E80300CDE910678DE803000EAED7
S32D0002A7D810AB30460CCB0A99FEF728FE96E8030010AB83E80300129B06460F46002B7FF413AD2E9A139B53600C
S32D0002A8000EE52B7F012B00F0BA81002B00F0FC812B68D3F81C80444B984500F0B081444A0DF150094B46911FEF
S32D0002A8282846C0479EE10C9BCDF8A8B09B68DA6A14921A6B15925A6B16929A6B1792DA6B18921A6C1992CDE93E
S32D0002A85010675B6C0EAE0CE70C9BCDF8A8B09B68596E1491996E1591D96E1691196F1791596F1891996F1991CA
S32D0002A878D96F1A91D3F880101B91D3F884101C91D3F888101D91D3F88C101E91CDE91067D3F8903012AA47E6E2
S32D0002A8A02C9B069312ABCDE91067079302271723CDE90437CDF8A8B00EAE0023039313AB02932AAB93E8030018
S32D0002A8C88DE8030010AB30460CCB0A99FEF7AEFD96E8030010AB83E80300129B06460F46002B7FF499AC2E9AFA
S32D0002A8F0139B936094E42C9B069312AB079302200C23CDE91067CDE90430CDF8A8B00EAE0123D3E70C9BCDF8DD
S32D0002A918A8B09B689B680593CDE9106736E600BFB5610200B5730600BE7306002C9B069312AB079302213D235A
S32D0002A940CDE904310023039313AB0293CDF8A8B02AAB93E80300CDE910678DE803000EAE10AB30460CCB0A9974
S32D0002A968FEF764FD96E8030010AB83E80300129B06460F46002B7FF44FAC2E9A139B13604AE42B7F012B00F0FB
S32D0002A990E680002B00F03C812B68D3F81C80B04B984500F0DC80AF4A0DF150094B46A2F109012846C047D9E08F
S32D0002A9B8002E00F0BA807B1C40F0B780D6E90232934280F0708119788846B0E0FBB2AA69D35CDB077FF51CACF4
S32D0002A9E02C9B0593A04B039312AB06930DF150090E230493CDF80890CDF8A8B02AAB93E80300CDE910678DE883
S32D0002AA0803000DF1380810AB0CCB0A994046FEF767FE98E8030010AB83E8030006460F46002800F0FF80481C80
S32D0002AA3000F024810023089ABBF1000F00F0F080013200F0F98000229A423FF4E9AB129A149B13437FF4E4AB6D
S32D0002AA5816B1791C00F063813B46DBB20D932B7F002B00F0168195F84A300D9A9A4210D016B1781C00F0598105
S32D0002AA803B46DBB20D932B7F002B00F0388195F848300D9A9A427FF4C3AB12AB07932C9B069310961723002654
S32D0002AAA8CDE9036302270597CDF80890CDF8A8B02AAB93E803008DE8030010AB0CCB0A994046FEF7B3FC12AB3C
S32D0002AAD0CDE9029607932C9B06933B230597049398E8030010AB83E803002AAB93E803008DE8030010AB0CCB74
S32D0002AAF80A994046FEF79AFC98E8030010AB83E8030006460F46FFF787BB3B46AA69DBB2D35C1B0751D5D6E99E
S32D0002AB2002329342FFF4EBAD336830469B6A9847E7E5F9B28846A84498F81D2152B92B684A481B6A834252D1E0
S32D0002AB4800293FF465AB88F81D110A460A2A7FF45FABFFF79DBB444A07CA0DF150094B4603C31A70CDE91067B0
S32D0002AB70CDF81490CDF8A8B00CE53E4AF0E73E4B93E803000DF150091490ADF85410EDE7336830465B6A98474B
S32D0002AB98431C07467FF489AB4FF001080026FFF707BB7A1C7FF461ABD6E90232934280F08D8019788846FFF765
S32D0002ABC05ABB2C9B069312AB07934FF0020C1F23CDE9043C0A23CDE91067CDF8A8B00EAE03939EE5284698477B
S32D0002ABE80146FFF74EBB284698470146A8E7336830465B6A9847431C08BF0026FFF705BB2846FBF70BFBFFE5D3
S32D0002AC102846FBF707FBBFE62846FBF703FB54E5A2F1FF32B2FA82F252090DE7A1F1FF33B3FA83F35B09FEE614
S32D0002AC38DBE902129142FFF402AFDBF800200D93526A5846904701300D9B06BF4FF0000B01220022F4E600BF13
S32D0002AC60B5610200C9730600340D002051610200C0730600AC730600B8730600D6E902239A42FFF4D7AE3368F3
S32D0002AC8830465B6A9847013006BF002601230023CDE62846FBF7C2FA2B68354A9B69934233D12D23E1E63368AF
S32D0002ACB030465B6A98470146481C52D0C9B2884639E7336830465B6A9847421C034608BF00261FE733683046C4
S32D0002ACD85B6A9847431C45D0C1B28846FFF7C7BA336830465B6A9847421C03460ABF0026C3B2FF236BE62846DB
S32D0002AD00FBF790FA2B681C4A9B69934206D12B23BFE62D21284698470346AAE62B21284698470346B5E6D6E95B
S32D0002AD280232934207D21B7897E6D6E9023293420AD21B78A1E6336830465B6A9847421C034608BF002688E694
S32D0002AD50336830465B6A9847411C034608BF00268FE64FF0FF0841460026E4E64FF0FF0841460026FFF77FBA37
S32D0002AD784D6102002DE9F0418AB0DDE9126708AC054606F16C0084E80C00884608F05EFF83681B690593149B88
S32D0002ADA00296CDE9037310AB93E803008DE8030006AE304694E80C004146FFF7D3F996E8030084E803000646D7
S32D0002ADC80B46C0B1013333D04FF00008DDE91003D8B101331FD00023434503D13B6843F002033B60089694E887
S32D0002ADF0030085E8030028460AB0BDE8F081DDE91003A1F1FF38B8FA88F84FEA58180028E3D1A3F1FF33B3FAB6
S32D0002AE1883F35B09E0E7D0E902239A42DBD303685B6A9847A0F1FF33B3FA83F35B09D3E7D0E902239A42C7D39A
S32D0002AE4003685B6A984701300ABF4FF001084FF000080026BEE700BF2DE9F0418AB0DDE9126708AC054606F10A
S32D0002AE686C0084E80C00884608F0F0FE83689B680593149B0296CDE9037310AB93E803008DE8030006AE30464E
S32D0002AE9094E80C004146FFF765F996E8030084E8030006460B46C0B1013333D04FF00008DDE91003D8B101331D
S32D0002AEB81FD00023434503D13B6843F002033B60089694E8030085E8030028460AB0BDE8F081DDE91003A1F150
S32D0002AEE0FF38B8FA88F84FEA58180028E3D1A3F1FF33B3FA83F35B09E0E7D0E902239A42DBD303685B6A9847C9
S32D0002AF08A0F1FF33B3FA83F35B09D3E7D0E902239A42C7D303685B6A984701300ABF4FF001084FF00008002603
S32D0002AF30BEE700BF2DE9F04F8DB0DDE9188608AC054608F16C0084E80C009DF86CA09DF870900F4607F0D2FE69
S32D0002AF5800233360037F8346002B45D090F842008DF82C00B9F1000F36D18DF82DA08DF82E901A9BCDF80880B6
S32D0002AF80CDE9036316AB93E803008DE803000BAB3946059306AF384694E80C00FFF7E2F897E8030084E8030085
S32D0002AFA8DDE9087357B3013345D04FF00008DDE9160368B3013331D00023434503D1336843F0020333600897EB
S32D0002AFD094E8030085E8030028460DB0BDE8F08F00238DF82D908DF82EA08DF82F30C4E7FBF718F9DBF80030C6
S32D0002AFF81B4A9B6993422ED12520B1E7A3F1FF38DDE91603B8FA88F84FEA58180028D1D1A3F1FF33B3FA83F3D7
S32D0002B0205B09CEE7D0E902239A42C9D303685B6A9847A0F1FF33B3FA83F35B09C1E7D7E902239A42B5D33B68A4
S32D0002B04838465B6A984701300ABF4FF001084FF000080027ABE758462521984780E700BF4D6102000039084B4F
S32D0002B07018BF012110B5C0E900310446F5F72CF8A060204610BD2046F5F710F81CF0F2FBC8740600184B1A6811
S32D0002B098D1075CBF01221A60164B1A68D2075CBF01221A60144B1A68D0075CBF01221A60124B1A68D1075CBF42
S32D0002B0C001221A60104B1A68D2075CBF01221A600E4B1A68D0075CBF01221A600C4B1A68D1075CBF01221A6082
S32D0002B0E80A4B1A68D2075CBF01221A60704700BF982D0020942D0020902D00208C2D0020882D0020842D002038
S32D0002B110802D00207C2D0020034653F8080B984201D01CF0A1BA7047034653F8080B984201D01CF099BA7047A1
S32D0002B13800B583B08C46C1680498CDE9003013464FF000006246F8F7BDFD03B05DF804FB30B58BB00AAC04E9CF
S32D0002B1600C00109B8A6803930EAB044693E80300129D119B0493059501AB7925069583E80300DDE908312046BB
S32D0002B18800914FF00001F9F7D9FA20460BB030BD30B58BB00AAC04E90C00109B8A6803930EAB044693E8030072
S32D0002B1B0129D119B0493059501AB6D25069583E80300DDE90831204600914FF00001F9F7B9FA20460BB030BDB5
S32D0002B1D830B58BB00AAC04E90C00109B8A6803930EAB044693E80300129D119B0493059501AB7725069583E8EA
S32D0002B2000300DDE90831204600914FF00001F9F799FA20460BB030BD30B58BB00AAC04E90C00109B8A68039352
S32D0002B2280EAB044693E80300129D119B0493059501AB6425069583E80300DDE90831204600914FF00001F9F785
S32D0002B25079FA20460BB030BD30B58BB00AAC04E90C00109B8A6803930EAB044693E80300129D119B049305953E
S32D0002B27801AB7425069583E80300DDE90831204600914FF00001F9F759FA20460BB030BD03464FF00000996848
S32D0002B2A0F9F748BA70B590B00AAC84E80C009DF858308A680393179B0493002307930D930EAB06930DAB05930C
S32D0002B2C814A9054603C90DF1040C0A9B8CE8030008AE0B99009130464FF00001F9F772FB96E803000D9B84E8C5
S32D0002B2F003005BB9DDE90E231999C1E9002394E8030085E80300284610B070BD94E80300189A85E80300284648
S32D0002B318136010B070BD00BF30B58BB00AAC04E90C009DF838308A6801930F9B02939DF8403003930023DDE9D1
S32D0002B34012450693DDE90831CDE9044500914FF000010446F9F742FC20460BB030BD00BF0A4601694FF00000E0
S32D0002B368F9F7D8B910B5046982B008461146D0E9002300914FF000002146F9F7CFF802B010BD00BF00B583B03B
S32D0002B3908C46C1680498CDE9003013464FF000006246F8F7A1FC03B05DF804FB30B58BB00AAC04E90C00109BC3
S32D0002B3B88A6803930EAB044693E80300129D119B0493059501AB7925069583E80300DDE90831204600914FF048
S32D0002B3E00001F9F751FA20460BB030BD30B58BB00AAC04E90C00109B8A6803930EAB044693E80300129D119B15
S32D0002B4080493059501AB6D25069583E80300DDE90831204600914FF00001F9F731FA20460BB030BD30B58BB01D
S32D0002B4300AAC04E90C00109B8A6803930EAB044693E80300129D119B0493059501AB7725069583E80300DDE9E6
S32D0002B4580831204600914FF00001F9F711FA20460BB030BD30B58BB00AAC04E90C00109B8A6803930EAB044646
S32D0002B48093E80300129D119B0493059501AB6425069583E80300DDE90831204600914FF00001F9F7F1F92046DE
S32D0002B4A80BB030BD30B58BB00AAC04E90C00109B8A6803930EAB044693E80300129D119B0493059501AB742578
S32D0002B4D0069583E80300DDE90831204600914FF00001F9F7D1F920460BB030BD03464FF000009968F9F722B9F1
S32D0002B4F870B590B00AAC84E80C009DF858308A680393179B0493002307930D930EAB06930DAB059314A905469C
S32D0002B52003C90DF1040C0A9B8CE8030008AE0B99009130464FF00001F9F7CCFA96E803000D9B84E803005BB902
S32D0002B548DDE90E231999C1E9002394E8030085E80300284610B070BD94E80300189A85E803002846136010B0D1
S32D0002B57070BD00BF30B58BB00AAC04E90C009DF838308A6801930F9B0293109B03930023DDE912450693DDE94E
S32D0002B5980831CDE9044500914FF000010446F9F77DFB20460BB030BD0A4601694FF00000F9F7B6B810B5046931
S32D0002B5C082B008461146D0E9002300914FF000002146F8F7D3FF02B010BD00BF70B5054682B011B3541A0F2C63
S32D0002B5E80E4601940BD8012C006822D10B780370019C28686C600023035502B070BD002201A911F05FFD019BD1
S32D0002B6102860AB60224631462AF0EEF8019C28686C600023035502B070BD4AB90068144600236C60035502B087
S32D0002B63870BD002CDED0E9E7014806F0FBFB00BF607306002DE9F0419AB00AAC84E80C009DF888308A680393AA
S32D0002B660239B049320AB054693E803000023069319930C930DF1040C0CAB13AF0593DDF8948007978CE80300AD
S32D0002B68808AE0B9B00934FF000010A9B3046F9F799F996E803000C9B84E803006BB1249A136094E80300199BAF
S32D0002B6B085E803000BB13846984728461AB0BDE8F081199B002B44D0DDE913120FAE0A440DA80D96FFF782FFDB
S32D0002B6D80D9BD8F80000B34220D008F10802C8F8003090420E9BC8F8043010D00F9AD8F80830C8F8082068B1F1
S32D0002B7000F930D9000230E9303700D98B042CCD01BF0AAFFC9E70F9BC8F808300D960FAE3046EFE70E9A3AB12B
S32D0002B728012A0BD031462AF063F80E9AD8F80000C8F80420002383540D98DFE79DF83C3003700E9AD8F8000052
S32D0002B750F2E7044806F072FB199B0BB1384698471CF088F81469060070B5044682B011B3521A96100C2A0D4665
S32D0002B77801960BD8012E006811D12B680360019B6360002240F8232002B070BD002201A91BF084FC019B20606A
S32D0002B7A0012EA360EDD0002EEDD03246294631F0FBFE2068E7E712B900680192E3E7014806F03CFB6073060069
S32D0002B7C82DE9F0419AB00AAC84E80C009DF888308A680393239B049320AB054693E803000023069319930C93CD
S32D0002B7F00DF1040C0CAB13AF0593DDF8948007978CE8030008AE0B9B00934FF000010A9B3046F9F75FF996E8FC
S32D0002B81803000C9B84E803006BB1249A136094E80300199B85E803000BB13846984728461AB0BDE8F081199BDC
S32D0002B840002B44D0DDE913120FAE01EB82020DA80D96FFF789FF0D9BD8F80000B3421DD008F10802C8F800305E
S32D0002B86890420E9BC8F8043010D00F9AD8F80830C8F808200028D2D00F930D900023B0420E930360CBD01BF000
S32D0002B890EBFEC8E70F9BC8F80830C4E70E9A4AB1012A0FD0314631F07FFE0E9AD8F800000D9900E03146002349
S32D0002B8B8C8F8042040F822300846DFE70F9B03600E9A3146F3E7044806F0B4FA199B0BB1384698471BF0CAFF47
S32D0002B8E01469060030B58BB0C968009300251346044603AA4FF000000995F8F703FA099B7BB1DDE9031204F1F3
S32D0002B908080323600A442046FFF764FE099B0BB103A8984720460BB030BD044806F08AFA099B0BB103A89847CD
S32D0002B9301BF0A0FF1469060070B58CB00969119D0093109B019313466A6803922A6802920026044605AA4FF023
S32D0002B95800000B96F8F73AFE0B9B7BB1DDE9051204F1080323600A442046FFF733FE0B9B0BB105A89847204696
S32D0002B9800CB070BD044806F059FA0B9B0BB105A898471BF06FFF00BF1469060030B58BB0C9680093002513460E
S32D0002B9A8044603AA4FF000000995F8F7D9F9099B83B1DDE9031204F10803236001EB82022046FFF7CDFE099B69
S32D0002B9D00BB103A8984720460BB030BD044806F02DFA099B0BB103A898471BF043FF00BF1469060070B58CB0B0
S32D0002B9F80969119D0093109B019313466A6803922A6802920026044605AA4FF000000B96F8F72EFE0B9B83B153
S32D0002BA20DDE9051204F10803236001EB82022046FFF79AFE0B9B0BB105A8984720460CB070BD044806F0FAF9C0
S32D0002BA480B9B0BB105A898471BF010FF146906002DE9F04393B008AC84E80C001D9B9DF868709DF87080D3E925
S32D0002BA70009400220DAB05460E4611920B93B9F1000F37D00F2C0A9426D8012C37D199F800208DF834200022E0
S32D0002BA980C941A550BA9CDF80C80B26806911B99099B1A480093CDE90171002600271190CDE90467089B4FF053
S32D0002BAC000012846F9F78AF8119B0BB10BA89847284613B0BDE8F0830AA90BA811F0F6FA0A9B0B900D93224693
S32D0002BAE8494629F085FEDDE90A43D0E7002CCED0074806F09FF9002CC9D01846EFE7119B0BB10BA898471BF094
S32D0002BB10B1FE00BF19B10200607306002DE9F04192B008AE86E80C001B9E9DF86080D6E90073002204460DA8B8
S32D0002BB380D4611929B000B90002F3ED09E100C2B0A962AD8012E25D0002E30D10A9BAA680C93002540F8235074
S32D0002BB600BA8099906901A980390009119981B490290119100200021CDE90401089BCDF804804FF0000120461D
S32D0002BB88F9F78CF8119B0BB10BA89847204612B0BDE8F0813B680360D8E70AA90BA81BF07DFA0A9B0B90012EC5
S32D0002BBB00D93CDD1F2E73246394631F0F5FC0B98C8E70BB90A93C5E7054806F037F9119B0BB10BA898471BF06E
S32D0002BBD84DFE00BF29B102006073060010B504460069074B236043685A1E012B426002D103685B6898472046FA
S32D0002BC0001F09EFF204610BD347D060010B504460069074B236043685A1E012B426002D103685B689847204618
S32D0002BC28FAF7BCFE204610BD187D060010B504468068084B236043685A1E012B426002D103685B689847044B86
S32D0002BC5023602046F4F72AFA204610BD387E0600FC7F060010B504468068084B236043685A1E012B426002D1CB
S32D0002BC7803685B689847044B23602046F4F712FA204610BD087E0600E47F060010B504468068084B23604368C0
S32D0002BCA05A1E012B426002D103685B689847044B23602046F4F7FAF9204610BDC47D06001480060010B5044615
S32D0002BCC88068084B236043685A1E012B426002D103685B689847044B23602046F4F7E2F9204610BDF07D060019
S32D0002BCF0E474060010B504460069094B236043685A1E012B426002D103685B6898472046FAF748FE20461BF098
S32D0002BD18A7FC204610BD00BF187D060010B504468068084B236043685A1E012B426002D103685B689847044BDE
S32D0002BD4023602046F4F7B2F9204610BD207E0600FC74060010B504468068084B236043685A1E012B426002D176
S32D0002BD6803685B689847044B23602046F4F79AF9204610BD987D06001475060010B504460069094B2360436811
S32D0002BD905A1E012B426002D103685B689847204601F0CEFE20461BF05FFC204610BD00BF347D060010B50446B6
S32D0002BDB8D0E90303002208492160DA6043685A1E012B426002D103685B6898472046F5F7CDFD204610BD00BF8F
S32D0002BDE0747D060010B5044680680A4B236043685A1E012B426002D103685B689847064B23602046F4F752F92C
S32D0002BE0820461BF02DFC204610BD00BFF07D0600E474060010B5044680680A4B236043685A1E012B426002D11A
S32D0002BE3003685B689847064B23602046F4F736F920461BF011FC204610BD00BF087E0600E47F060010B504460D
S32D0002BE5880680A4B236043685A1E012B426002D103685B689847064B23602046F4F71AF920461BF0F5FB20462A
S32D0002BE8010BD00BF387E0600FC7F060010B5044680680A4B236043685A1E012B426002D103685B689847064BD8
S32D0002BEA823602046F4F7FEF820461BF0D9FB204610BD00BF987D06001475060010B5044680680A4B2360436845
S32D0002BED05A1E012B426002D103685B689847064B23602046F4F7E2F820461BF0BDFB204610BD00BF207E06005E
S32D0002BEF8FC74060010B50446D0E90303002208492160DA6043685A1E012B426002D103685B6898472046F5F785
S32D0002BF20A5FC204610BD00BF507D060010B5044680680A4B236043685A1E012B426002D103685B689847064B9A
S32D0002BF4823602046F4F7AEF820461BF089FB204610BD00BFC47D06001480060010B50446C0680A4B23604368CD
S32D0002BF705A1E012B426002D103685B6898472046054B40F8083B1CF085FF2046F4F78EF8204610BDE07C06004E
S32D0002BF982074060010B50446D0E90303002209492160DA6043685A1E012B426002D103685B6898472046F5F7BF
S32D0002BFC0D9FC20461BF050FB204610BD747D060010B50446C0680A4B236043685A1E012B426002D103685B6895
S32D0002BFE898472046054B40F8083B1CF04FFF2046F4F758F8204610BDFC7C0600207F060010B50446D0E90303FA
S32D0002C010002209492160DA6043685A1E012B426002D103685B6898472046F5F71FFC20461BF01AFB204610BDDA
S32D0002C038507D060010B50446C0680C4B236043685A1E012B426002D103685B6898472046074B40F8083B1CF0E4
S32D0002C06019FF2046F4F722F820461BF0FDFA204610BD00BFE07C06002074060010B50446C0680C4B236043681B
S32D0002C0885A1E012B426002D103685B6898472046074B40F8083B1CF0F9FE2046F4F702F820461BF0DDFA204633
S32D0002C0B010BD00BFFC7C0600207F060010B50446D0E90303002209492160DA601A629A621A6343685A1E012B70
S32D0002C0D8426002D103685B6898472046F5F774F8204610BDB87E060010B50446D0E90303002209492160DA608C
S32D0002C1009A611A629A6243685A1E012B426002D103685B6898472046F4F72CFF204610BD847E060010B5044605
S32D0002C128D0E90303002209492160DA601A629A621A6343685A1E012B426002D103685B6898472046F5F70EF8DB
S32D0002C150204610BDEC7E060010B50446D0E90303002209492160DA609A611A629A6243685A1E012B426002D1E8
S32D0002C17803685B6898472046F4F72AFF204610BD507E060010B50446D0E9030300220B492160DA601A629A6292
S32D0002C1A01A6343685A1E012B426002D103685B6898472046F4F7DAFF20461BF055FA204610BD00BFEC7E0600D5
S32D0002C1C810B50446D0E9030300220B492160DA601A629A621A6343685A1E012B426002D103685B68984720461C
S32D0002C1F0F4F7EEFF20461BF037FA204610BD00BFB87E060010B50446D0E9030300220B492160DA609A611A6201
S32D0002C2189A6243685A1E012B426002D103685B6898472046F4F7A2FE20461BF019FA204610BD00BF847E0600BA
S32D0002C24010B50446D0E9030300220B492160DA609A611A629A6243685A1E012B426002D103685B689847204625
S32D0002C268F4F7B6FE20461BF0FBF9204610BD00BF507E06002DE9F0410B6886B008469B6814460D46984784F893
S32D0002C29024002B682846DB68984784F825002A6800230121126984F864106846A3606361E36129469047019FB5
S32D0002C2B8781C1CF051F90646014600233A46684611F09EFA00980023C4E90267F35502AFB84201D01BF0C4F992
S32D0002C2E02B6868465B6929469847DDF8048008F101001CF035F90646014600234246684611F082FA009800232A
S32D0002C308B842C4E9056806F8083001D01BF0A8F92B6868469B6929469847019E701C1CF01BF905460023684644
S32D0002C3303246294611F068FA00980023B842C4E90756AB5501D01BF08FF906B0BDE8F081009802AB984201D0B4
S32D0002C3581BF086F91BF08AFA0098B842F8D1F9E7FAE700BF2DE9F0430B680D4687B008469B68144698472B685E
S32D0002C3806062DB68284698472A68002301211269A06284F824116846A3606361E36129469047019F781C1CF0F7
S32D0002C3A8DBF80646014600233A46684611F028FA00980023C4E90267F35502AFB84201D01BF04EF92B682946A2
S32D0002C3D05B6968469847DDF804906FF0604309F101069E424CD2B60030461CF0B9F88046014600234A4668462B
S32D0002C3F81BF0A8F80098C4F8189046440023B842C4F8148046F8043C01D01BF029F92B6829469B696846984768
S32D0002C420DDF804806FF0604308F101059D4224D2AE0030461CF094F8054600236846424629461BF083F80098D0
S32D0002C448C4E9075835440023B84245F8043C01D01BF006F907B0BDE8F083009802AB984201D01BF0FDF81BF000
S32D0002C47001FA0098B842F8D1F9E71BF0D5FAF8E71BF0D2FA10B40846DDE90141019111461A4623460468A46892
S32D0002C498A44610BC604700BF10B40846DDE90141019111461A4623460468A468A44610BC604700BF70B5086863
S32D0002C4C088B01446C5681A4602A80C9BA847A3690BB120469847029E039D04F10800206016B30F2D019510D8A0
S32D0002C4E8012D22D1337823720023656043550298134AA26104AB984201D01BF0B1F808B070BD002201A9204624
S32D0002C51010F0DCFD019B2060A3602A46314629F06BF9019D2068E3E7002DE1D0074805F085FC002DDCD0F0E75C
S32D0002C538029804AB984201D01BF092F81BF096F919B102006073060070B5086888B01446C5681A4602A80C9B06
S32D0002C560A847A3690BB120469847DDE9026204F10803236092005EB395100C2A019514D8012D0FD0EDB9DDE989
S32D0002C58801200025626043F8225004AB1549A161984201D01BF064F808B070BD32681A60EDE7002201A92046AE
S32D0002C5B01AF078FD019A2060012D0346A260E1D1F0E718462A46314630F0EEFF2368DAE70AB90192D7E70648BF
S32D0002C5D805F030FC029804AB984201D01BF040F81BF044F929B10200607306002DE9F0410B6888B008469B689B
S32D0002C60014460D46984760742B682846DB689847A0742B6828461B6A98472A68002301211269E06284F84310AB
S32D0002C62802A8A3606361E361636229469047039F781C1BF091FF0646014600233A4602A811F0DEF802980023DD
S32D0002C650C4E90267F35504AFB84201D01BF004F82B6802A85B6929469847DDF80C8008F101001BF075FF064662
S32D0002C67801460023424602A811F0C2F802980023B842C4E9056806F8083001D01AF0E8FF2B6802A89B692946C2
S32D0002C6A09847DDF80C8008F101001BF059FF064601460023424602A811F0A6F802980023B842C4E9076806F875
S32D0002C6C8083001D01AF0CCFF2B6802A8DB6929469847DDF80C8008F101001BF03DFF0646002302A842463146DB
S32D0002C6F011F08AF802980023B842C4E9096806F8083001D01AF0B0FF2B6828465B6A984720632B680290019024
S32D0002C7189B6A28469847606308B0BDE8F081029804AB984201D01AF09BFF1BF09FF80298B842F8D1F9E7FAE7B6
S32D0002C740F9E700BF2DE9F0410B6888B008469B6814460D46984760742B682846DB689847A0742B6828461B6ACA
S32D0002C76898472A68002301211269E06284F8431002A8A3606361E361636229469047039F781C1BF0E9FE06462B
S32D0002C790014600233A4602A811F036F802980023C4E90267F35504AFB84201D01AF05CFF2B6802A85B69294648
S32D0002C7B89847DDF80C8008F101001BF0CDFE064601460023424602A811F01AF802980023B842C4E9056806F877
S32D0002C7E0083001D01AF040FF2B6802A89B6929469847DDF80C8008F101001BF0B1FE064601460023424602A84B
S32D0002C80810F0FEFF02980023B842C4E9076806F8083001D01AF024FF2B6802A8DB6929469847DDF80C8008F1D3
S32D0002C83001001BF095FE0646002302A84246314610F0E2FF02980023B842C4E9096806F8083001D01AF008FF53
S32D0002C8582B6828465B6A984720632B68029001909B6A28469847606308B0BDE8F081029804AB984201D01AF0F1
S32D0002C880F3FE1AF0F7FF0298B842F8D1F9E7FAE7F9E700BF2DE9F0430B680D4689B008469B68144698472B6875
S32D0002C8A86061DB68284698472B68A0611B6A284698472A68002301211269606384F86C1002A8A360E3616362E6
S32D0002C8D0E36229469047039F781C1BF041FE0646014600233A4602A810F08EFF02980023C4E90267F35504AFF2
S32D0002C8F8B84201D01AF0B4FE2B6829465B6902A89847DDF80C906FF0604309F101069E4280F08380B600304647
S32D0002C9201BF01EFE8046014600234A4602A81AF00DFE0298C4F8209046440023B842C4F81C8046F8043C01D0ED
S32D0002C9481AF08EFE2B6829469B6902A89847DDF80C906FF0604309F101069E425AD2B60030461BF0F9FD804627
S32D0002C970014600234A4602A81AF0E8FD0298C4F8289046440023B842C4F8248046F8043C01D01AF069FE2B689C
S32D0002C9982946DB6902A89847DDF80C906FF0604309F101069E4232D2B60030461BF0D4FD8046002302A84A46B0
S32D0002C9C041461AF0C3FD0298C4F8309046440023B842C4F82C8046F8043C01D01AF044FE2B6828465B6A984791
S32D0002C9E8A0632B68029001909B6A28469847E06309B0BDE8F083029804AB984201D01AF02FFE1AF033FF0298FF
S32D0002CA10B842F8D1F9E71BF007F8F8E71BF004F8F5E71BF001F800BF2DE9F0430B680D4689B008469B681446D1
S32D0002CA3898472B686061DB68284698472B68A0611B6A284698472A68002301211269606384F86C1002A8A360EB
S32D0002CA60E3616362E36229469047039F781C1BF077FD0646014600233A4602A810F0C4FE02980023C4E90267E8
S32D0002CA88F35504AFB84201D01AF0EAFD2B6829465B6902A89847DDF80C906FF0604309F101069E4280F08380B1
S32D0002CAB0B60030461BF054FD8046014600234A4602A81AF043FD0298C4F8209046440023B842C4F81C8046F8D7
S32D0002CAD8043C01D01AF0C4FD2B6829469B6902A89847DDF80C906FF0604309F101069E425AD2B60030461BF00C
S32D0002CB002FFD8046014600234A4602A81AF01EFD0298C4F8289046440023B842C4F8248046F8043C01D01AF0DC
S32D0002CB289FFD2B682946DB6902A89847DDF80C906FF0604309F101069E4232D2B60030461BF00AFD80460023F3
S32D0002CB5002A84A4641461AF0F9FC0298C4F8309046440023B842C4F82C8046F8043C01D01AF07AFD2B682846FF
S32D0002CB785B6A9847A0632B68029001909B6A28469847E06309B0BDE8F083029804AB984201D01AF065FD1AF060
S32D0002CBA069FE0298B842F8D1F9E71AF03DFFF8E71AF03AFFF5E71AF037FF00BF30B50C4687B0114668461A44AD
S32D0002CBC802AD0095FEF706FD23680A9A9B68694620469847009BAB42044602D018461AF03FFD204607B030BD89
S32D0002CBF00098A84201D01AF037FD1AF03BFE00BF30B50C4687B0114668461A4402AD0095FEF7E4FC23680A9A69
S32D0002CC189B68694620469847009BAB42044602D018461AF01DFD204607B030BD0098A84201D01AF015FD1AF04C
S32D0002CC4019FE00BF2DE9F04190B0DDE918060DF110080D4614460146821906AF40461E460497FEF7BBFC179B46
S32D0002CC68CDF8048000932B6829463246DD68169B0AA8A847A3690BB1204698470A9E0B9D04F10800206046B3DC
S32D0002CC900F2D039516D8012D28D1337823720023656043550A981A4AA2610CAB984201D01AF0DAFC0498B842EA
S32D0002CCB801D01AF0D5FC10B0BDE8F081002203A9204610F0FFF9039B2060A3602A46314628F08EFD039D2068CB
S32D0002CCE0DDE7002DDBD00B4805F0A8F8002DD6D0F0E70A980CAB984201D01AF0B5FC0498B84201D01AF0B0FC1A
S32D0002CD081AF0B4FDF7E700BF19B10200607306002DE9F04190B0DDE918060DF110080D461446014600EB860216
S32D0002CD30404606AE1F460496FEF716FD179BCDF8048000932B6829463A46DD68169B0AA8A847A3690BB12046BD
S32D0002CD589847DDE90A7304F1080020609B007FB39D100C2B03951AD8012D15D015BB039B6360002240F82320F0
S32D0002CD800A981B4AA2610CAB984201D01AF06CFC0498B04201D01AF067FC10B0BDE8F0813B680360E7E700220D
S32D0002CDA803A920461AF07AF9039B2060012DA360DCD1F1E72A46394630F0F2FB2068D6E70BB90393D3E7094852
S32D0002CDD005F034F80498B04201D01AF045FC1AF049FD0A980CAB9842F4D01AF03DFCF1E729B102006073060051
S32D0002CDF80B6808461B691146184700BF0B6808461B691146184700BF0B6808469B6818470B6808469B68184751
S32D0002CE2082B030B58BB094460F939DF85830159A13990492643B0446152B79D8DFE803F05E787878787878782C
S32D0002CE4878447878787878782A78780B7878149BCDE902130FAB93E8030011AA06AB83E8030092E803000DF112
S32D0002CE70200E8EE80300DCF800500CCB8DE8030061466D692046A84720460BB0BDE8304002B07047149BCDE9A2
S32D0002CE9802130FAB93E8030011AA06AB83E8030092E803000DF1200E8EE80300DCF800500CCB8DE80300614607
S32D0002CEC0ED682046A847DFE7149BCDE902130FAB93E8030011AA06AB83E8030092E803000DF1200E8EE8030024
S32D0002CEE8DCF800500CCB8DE803006146AD692046A847C5E7149BCDE902130FAB93E8030011AA06AB83E803005D
S32D0002CF1092E803000DF1200E8EE80300DCF800500CCB8DE8030061462D692046A847ABE7149BCDE902130FAB04
S32D0002CF3893E8030011AA06AB83E8030092E803000DF1200E8EE80300DCF800500CCB8DE803006146ED69204679
S32D0002CF60A84791E782B030B58BB094460F939DF85830159A13990492643B0446152B79D8DFE803F05E78787864
S32D0002CF887878787878447878787878782A78780B7878149BCDE902130FAB93E8030011AA06AB83E8030092E8F2
S32D0002CFB003000DF1200E8EE80300DCF800500CCB8DE8030061466D692046A84720460BB0BDE8304002B07047C5
S32D0002CFD8149BCDE902130FAB93E8030011AA06AB83E8030092E803000DF1200E8EE80300DCF800500CCB8DE80B
S32D0002D00003006146ED682046A847DFE7149BCDE902130FAB93E8030011AA06AB83E8030092E803000DF1200EB1
S32D0002D0288EE80300DCF800500CCB8DE803006146AD692046A847C5E7149BCDE902130FAB93E8030011AA06AB10
S32D0002D05083E8030092E803000DF1200E8EE80300DCF800500CCB8DE8030061462D692046A847ABE7149BCDE924
S32D0002D07802130FAB93E8030011AA06AB83E8030092E803000DF1200E8EE80300DCF800500CCB8DE80300614625
S32D0002D0A0ED692046A84791E782B02DE9F04393B004461B93DDE921539DF87C10209E9446FBB1CDE90453CDE925
S32D0002D0C802161BAB93E803001DAA0AAB83E8030092E803000DF1300E8EE80300DCF800500CCB8DE803006146A6
S32D0002D0F0AD682046A847204613B0BDE8F04302B070470396029104950CA9DCF8009005911BAE96E803008DF8F9
S32D0002D11838301DAA0D9306AB83E8030092E803000DF1200E8EE803000CCB8DE803000DF138080AAFD9F80C9024
S32D0002D140CDF8308061463846C84797E803002B6886E8030053B196E803000C9B434584E80300C8D018461AF06D
S32D0002D1687FFAC4E7239B9B690BB123989847239BDDE90C9503F108001860B9F1000F22D00F2D0A950DD8012D29
S32D0002D19022D1239A99F800301372239B00225D604255239A114B9361D5E72398394600220FF08CFF239B239A1B
S32D0002D1B818600A9B93602A46494628F019FB239B0A9D1868E5E7002DE3D0074804F032FE002DDED0EFE70C98B3
S32D0002D1E0404501D01AF040FA1AF044FB19B102006073060082B02DE9F04393B004461B93DDE921539DF87C1086
S32D0002D208209E9446FBB1CDE90453CDE902161BAB93E803001DAA0AAB83E8030092E803000DF1300E8EE8030077
S32D0002D230DCF800500CCB8DE803006146AD682046A847204613B0BDE8F04302B07047CDE9036502910CA9DCF8A6
S32D0002D258009005911BAE96E803001DAACDE90D3306AB83E8030092E803000DF1200E8EE803000CCB8DE80300E9
S32D0002D2800DF138080AAFD9F80C90CDF8308061463846C84797E803002B6886E8030053B10C9D96E80300454533
S32D0002D2A884E80300C9D028461AF0DAF9C5E7239B9B690BB123989847239B0C9D03F1080018600D9B9B0065B309
S32D0002D2D04FEAA3090C2BCDF8289014D8B9F1010F0DD0B9F1000F19D10C9D0A9B239A0021536040F82310239B67
S32D0002D2F8124A9A61D1E72B6803600C9DF1E723983946002219F0CAFE239B239A18600A9B9360DFE729464A4603
S32D0002D32030F042F9239B1868DEE70BB90A95DCE7054804F083FD0C98404501D01AF094F91AF098FA29B102008F
S32D0002D3486073060082B02DE9F0438FB004461E9E9DF864709DF86C801793154646B3B369002B3BD0D6E9001211
S32D0002D3700DF120090A4448460AAE0896FEF72EF91A9BCDE90289CDE9007317AB93E8030006AB83E803002A6808
S32D0002D39829462046D5680CCBA8470898B04201D01AF05EF920460FB0BDE8F04302B070470097DDE91C67CDF8BE
S32D0002D3C0088017AA92E80300CDE904671A9A019208AB83E80300286829460CCB85682046A847E3E7044804F0CC
S32D0002D3E829FD0898B04201D01AF03AF91AF03EFA1469060082B02DE9F0418EB004461C9E9DF85C70159315466B
S32D0002D4105EB3B369002B3ED0D6E900120DF1200801EB820240460AAE0896FEF79DF9199B0293189BCDF80C806B
S32D0002D438CDE9007315AB93E8030006AB83E803002A6829462046D5680CCBA8470898B04201D01AF005F9204603
S32D0002D4600EB0BDE8F04102B07047009715AB93E8030008AB83E80300DDE91A12CDE90412199A29680292189A61
S32D0002D48801928E680CCB29462046B047E3E7054804F0D0FC0898B04201D01AF0E1F81AF0E5F900BF1469060001
S32D0002D4B0F8B5B84A0D466FF00103B74906461AF0D7F8044610B105682846F8BDB34B9D4247D0B34B9D4200F066
S32D0002D4D88C80B24B9D426AD0B14B9D4200F09180B04B9D4200F09480AF4B9D4200F09780AE4B9D4200F0C3805D
S32D0002D500AD4B9D4200F0EF80AC4B9D4200F0F980AB4B9D425BD0AB4B9D4200F01F81AA4B9D4200F02881A94BC0
S32D0002D5289D4200F02B81A84B9D4200F08381A74B9D4200F0B181A64B9D4240F0DF811420F2F7C0FA00210546FC
S32D0002D55004F044FA7368A14A2E61013373602A60B2E76820F2F7B2FA9D4B0746C7E90034C7E90244C7E90544D5
S32D0002D578C7E9074414203C74BC8487F86440F2F7A1FA964B0360C0E9014721460546F4F70DF97368924A2A60A4
S32D0002D5A00133EE6073602F613A4631464FF00000F6F73CFA88E70C20F2F788FA73688B4A05460133C5E90146F3
S32D0002D5C873602A607CE71020F2F77CFA864B0022C0E900320546F2F77BFD7368834A0133C5E9020673602A607B
S32D0002D5F06AE71020F2F76AFA7F4BC0E900340546F2F76AFD73687D4AEDE70C20F2F75EFA73687B4A0546D4E772
S32D0002D6180C20F2F757FA7368784A0546CDE74420F2F750FA764B0746C7E90034C7E90244C7E90544C7E907446D
S32D0002D640C7E90944C7E90B4414203C82BC747C6387F84340F2F73AFA6C4B0360C0E90147224621460546F3F78F
S32D0002D668EDFB7368684A2A600133EE6073602F613A4631464FF00000F6F7A4FB20E74420F2F720FA614B074685
S32D0002D690C7E90034C7E90244C7E90544C7E90744C7E90944C7E90B4414203C82BC747C6387F84340F2F70AFAB0
S32D0002D6B8574B0360C0E90147224621460546F3F709FC7368534A2A600133EE6073602F613A4631464FF0000026
S32D0002D6E0F6F74AFCF0E61420F2F7F0F921460546FDF7BCFC73684A4A2E61013373602A60E2E64FF49470F2F726
S32D0002D708E1F9464B04460027C4E90037C4E90277C4E90577C4E90777C4E909771420277484F82471F2F7CEF9FA
S32D0002D7303D4B0360C0E9017439460546F4F7C8F873683A4A2A600133EE6073602C61224631464FF00000F6F775
S32D0002D75805FAB5E60C20F2F7B5F97368324A054600210133C5E9011673602A60A8E60C20F2F7A8F973682D4A95
S32D0002D7800546F1E70C20F2F7A1F973682A4A0546EAE700BF7C69060070640600A82D00209C2D0020A42D0020E9
S32D0002D7A8B02D0020AC2D0020B42D0020B82D0020A02D0020E82D0020DC2D0020E42D0020F02D0020EC2D002063
S32D0002D7D0F42D0020F82D0020E02D0020347D0600986506003C740600507D0600987D0600207F0600FC7C0600F5
S32D0002D7F820740600E07C0600F07D0600207E06001C65060060740600847E06002C65060094740600507E06000C
S32D0002D820187D0600A86506003C7F0600747D0600C47D0600087E0600387E06007020F2F745F94F4B0446002721
S32D0002D848C4E90037C4E90277C4E90577C4E90777C4E90977C4E90B77C4E90D7714202774E76384F86C70F2F76B
S32D0002D8702DF9444B0360C0E901743A4639460546F3F7DCFB7368404A2A600133EE6073602C61224631464FF058
S32D0002D8980000F6F743FC13E67020F2F713F9394B04460027C4E90037C4E90277C4E90577C4E90777C4E9097736
S32D0002D8C0C4E90B77C4E90D7714202774E76384F86C70F2F7FBF82E4B0360C0E901743A4639460546F3F7F6FB6C
S32D0002D8E873682A4A2A600133EE6073602C61224631464FF00000F6F711FDE1E5244804F099FAE868F6F784F8CA
S32D0002D9102846F3F75DFC284619F0A6FE19F0AAFF2846F2F7C3FBF6E7E868F6F775F82846F4F720F8EFE7F3E7AC
S32D0002D938F2E7ECE7E868F6F76BF82846F3F712FCE5E7E9E7E868F6F763F82846F3F78AFFDDE7E1E7E868F6F72F
S32D0002D9605BF82846F3F738FBD5E7D9E7E868F6F753F82846F3F7FEFACDE7D1E7D0E7CAE73C650600607F060005
S32D0002D988EC7E06004C650600947F0600B87E06003069060083685869704700BF83689869704700BF8368586B22
S32D0002D9B0704700BF83689B6B0022D9B261F30702C3F3072161F30F22C3F3074161F317421B0E63F31F6282B096
S32D0002D9D8104602B0704700BF8368DB6B0022D9B261F30702C3F3072161F30F22C3F3074161F317421B0E63F3D9
S32D0002DA001F6282B0104602B0704700BF83685869704700BF83689869704700BF8368586B704700BF83689B6B2C
S32D0002DA280022D9B261F30702C3F3072161F30F22C3F3074161F317421B0E63F31F6282B0104602B0704700BF06
S32D0002DA508368DB6B0022D9B261F30702C3F3072161F30F22C3F3074161F317421B0E63F31F6282B0104602B023
S32D0002DA78704700BF8368586A704700BF8368986A704700BF0020704700207047704700BF91424FF0000006D274
S32D0002DAA051F8043B8A4203EB7060F9D87047704710B5034B03600446F2F7F8FA204610BDE47F060010B5034BBB
S32D0002DAC803600446F2F7EEFA204610BDFC7F060010B5034B03600446F2F7E4FA204610BD1480060010B5054B93
S32D0002DAF003600446F2F7DAFA204619F0B5FD204610BD00BFE47F060010B5054B03600446F2F7CCFA204619F040
S32D0002DB18A7FD204610BD00BFFC7F060010B5054B03600446F2F7BEFA204619F099FD204610BD00BF14800600D2
S32D0002DB4010B5054B044640F8083B1BF0A3F92046F2F7ACFA204610BDC87F060010B50446FFF7EEFF204619F05E
S32D0002DB687FFD204610BD00BF10B5054B044640F8083B1BF08BF92046F2F794FA204610BD207F06002DE9F04FAC
S32D0002DB908DB01C460DF108094FF0000307466846CDF8009019F0F8FC08AA06924FF00003169A214606A819F0CE
S32D0002DBB8EFFCDDE900A3DDE906460AEB830804EB860604E0A6422AD00AF1040A04342246514638461BF02AFB28
S32D0002DBE0834688B950462FF03BFB054620462FF037FB0AEB850AD04504EB8004E6D1B6EB040B18BF4FF0FF3B5B
S32D0002DC08069808AB984201D019F02AFD0098484501D019F025FD58460DB0BDE8F08F4FF0010BEDE700984845DC
S32D0002DC3001D019F019FD19F01DFE00BF10B5074B044640F8083B1BF025F92046F2F72EFA204619F009FD20469A
S32D0002DC5810BD00BF207F0600F0B58B689F6800F1080683B006602FB30446384629F0E4FD0F28054601900CD899
S32D0002DC80012807D13B782372002320466560735503B0F0BD0028F7D008E0002201A920460FF014FA019B206083
S32D0002DCA80646A3602A463046394627F0A1FD019D2668E5E7014804F0BDF800BF60730600F0B58B689F6800F1D1
S32D0002DCD0080683B006602FB30446384629F0B0FD0F28054601900CD8012807D13B7823720023204665607355B7
S32D0002DCF803B0F0BD0028F7D008E0002201A920460FF0E0F9019B20600646A3602A463046394627F06DFD019DCC
S32D0002DD202668E5E7014804F089F800BF60730600F0B58B689F6800F1080683B006602FB30446384629F07CFDB0
S32D0002DD480F28054601900CD8012807D13B782372002320466560735503B0F0BD0028F7D008E0002201A92046EC
S32D0002DD700FF0ACF9019B20600646A3602A463046394627F039FD019D2668E5E7014804F055F800BF60730600A8
S32D0002DD9838B58B685D6A00F108030446036065B128462FF059FA4FF0000305EB80022946204619F0EDFB204635
S32D0002DDC038BD204604224FF00003294619F0E4FB204638BD38B58B68DD6A00F108030446036065B128462FF04B
S32D0002DDE83BFA4FF0000305EB80022946204619F0CFFB204638BD204604224FF00003294619F0C6FB204638BDBD
S32D0002DE1038B58B68DD6900F108030446036065B128462FF01DFA4FF0000305EB80022946204619F0B1FB2046B5
S32D0002DE3838BD204604224FF00003294619F0A8FB204638BD38B58B685D6900F108030446036065B128462FF08F
S32D0002DE60FFF94FF0000305EB80022946204619F093FB204638BD204604224FF00003294619F08AFB204638BDF9
S32D0002DE8838B58B68DD6900F108030446036065B128462FF0E1F94FF0000305EB80022946204619F075FB2046B6
S32D0002DEB038BD204604224FF00003294619F06CFB204638BD38B58B68DD6A00F108030446036065B128462FF0D2
S32D0002DED8C3F94FF0000305EB80022946204619F057FB204638BD204604224FF00003294619F04EFB204638BD35
S32D0002DF0038B58B68DD6900F108030446036065B128462FF0A5F94FF0000305EB80022946204619F039FB2046B5
S32D0002DF2838BD204604224FF00003294619F030FB204638BD38B58B685D6A00F108030446036065B128462FF015
S32D0002DF5087F94FF0000305EB80022946204619F01BFB204638BD204604224FF00003294619F012FB204638BD70
S32D0002DF782DE9F04F8BB01D4600F10803036003930023C0E90133164606AB04468A4604932A464FF000033146AA
S32D0002DFA004A819F0F9FADDE9047307EB83030293444BAD1B9D424FEA65067AD8B0001AF0CFFA05466FF0704B4B
S32D0002DFC807E003EB8801002243F82820C4F804904A603A463346294650461BF033F98642024612D8461C28462D
S32D0002DFF019F03CFB6FF060439E4247D2B0001AF0AFFA3A4601460546334650461BF01EF902466368ABEB030371
S32D0002E0189A4230D82946204619F068FA38462FF01BF9029B07EB8007BB4217D0D4E90038039A9A4218BFA268BA
S32D0002E04008F1010908BF0322914507F10407BCD90123009300231A464146204619F06CF82368B2E7284619F024
S32D0002E06801FB049806AB984201D019F0F9FA20460BB0BDE8F08F124803F0F4FE19F080FD1AF0ECF919F0CCFCCE
S32D0002E09019F0B8FD049806AB984201D019F0E4FA2068039B834201D019F0DEFA19F0E2FBF0E719F0B9FCF3E7D1
S32D0002E0B819F066FD284619F0D5FAE1E7FCFFFF3FE07106002DE9F04F9FB00EA981E80C001D462A9B0A9003F1A8
S32D0002E0E06C0B58461446DDE9287610F0CFF907909E48F2F787FA2A9BDB6ED3F80CA05AF820808146B8F1000F98
S32D0002E10800F07A83D8F8283008F14002069223B1D8F83030003B18BF01230D9398F81020002313938DF8503097
S32D0002E13014AB12931AB1202112A80FF059F9002319938DF8683020211AAB18A818930FF04FF90022D8F83C3042
S32D0002E1581193CDE90B2208F1440393460492039305920892049B11AAD35C042B00F2BE81DFE813F0FC003801B2
S32D0002E180A8019A0149002846A0F1FF39B9FA89F94FEA59190FB1721C47D03046A0F1FF30B0FA80F04009484540
S32D0002E1A850D014B1691C00F09380AA4603980A2251462FF0DFF9002800F09E80069BC01A694B80101B6813F812
S32D0002E1D000A0DDE918391AAA934218BF1A9A09F1010508BF0F22954200F29B8103F809A0189B199500225A5591
S32D0002E1F80BF1010BD4E90232934280F0AE800433A3604FF0FF35002CB9D0681CB7D1D4E90232934280F04A831A
S32D0002E2201868411C08BF0024AEE7D7E90232934280F045831868431CA0F1FF30B0FA80F04FEA501008BF002730
S32D0002E2484845AED14FF00109199B002B08BF4FF00009049B032B00F0E28001330493B9F1000F7FF47FAF2B9B59
S32D0002E2702B9A1B6843F00403136014B1691C00F088822846A0F1FF38B8FA88F84FEA581817B1731C00F0188352
S32D0002E298A6F1FF36B6FA86F67609464505D12B9B2B9A1B6843F0020313600A9B18981C605D601AAB984201D0C7
S32D0002E2C019F0D2F9129814AB984201D019F0CCF90A981FB0BDE8F08FD4E90232934280F0FA82D3F800A003982B
S32D0002E2E8BAF1FF3F4FF00A02514608BF00242FF041F900287FF462AFD8F81430534500F0168198F81090B9F13E
S32D0002E310000F9BD0D8F81830534599D1059B002B40F0F582BBF1000F00F0FA82DDE9123914AA934218BF149A87
S32D0002E33809F1010508BF0F2295425FFA8BFB00F2058103F809B0129A1395002353559B46D4E902329342FFF422
S32D0002E36052AF236820469B6A98474EE7F42D0020300D00204FF00109049B032B53D00CB16B1C27D02846A0F171
S32D0002E388FF3ABAFA8AFA4FEA5A1A17B1701C00F0B0803046A0F1FF30B0FA80F0400950453FF457AF14B16A1C21
S32D0002E3B000F0AD802A460798036808219B68984700283FF44AAFD4E90232934280F090810433A360D4E90232D5
S32D0002E3D8934280F093821868451C08BF00244FF0FF35CCE714B16A1C00F0ED812846A0F1FF39B9FA89F94FEA7B
S32D0002E400591917B1711C00F0EC813346A3F1FF33B3FA83F35B094B4540F0A680049B032B4FF00009ABD1089BE8
S32D0002E428012B40F2BC80B9F1000F3FF41CAF0C9B002B40F0A781D8F8243003934FF0010A14B1681C00F080810B
S32D0002E4502846A0F1FF39B9FA89F94FEA591917B1721C00F07F813046A0F1FF30B0FA80F040094845089B00F086
S32D0002E4783C829A4500F0978014B1691C00F078812846039A52F8043F039283427FF4EBAED4E90232934280F069
S32D0002E4A0AA810433A3600AF1010A4FF0FF35CBE7D8F82830002B40F02581D8F83030002B40F0D6810D9B83F096
S32D0002E4C80109C6E62A9BDB689B0500F1B080089B012B00F2AC80049B002B00F0A880012B00F05782049B022B15
S32D0002E4F000F065824FF00109AFE6D7E90232934280F0FB811868411C08BF002746E7D4E90232934280F0FE81E5
S32D0002E5181A68531C08BF002449E70123009300231A46494618A80EF059FE189B5AE6059B002B7FF4E6AED8F854
S32D0002E5403430002B7FF782AE0123CDF82CB00593834653E60123009300231A46494612A80EF040FE129BF0E6D5
S32D0002E56814B1681C00F03E822A460798036808219B689847814600283FF4FAAED4E90232934280F0A5820433A7
S32D0002E590A360049B032B7FF41DAF089B012B4FF0FF353FF648AFB9F1000F3FF460AE199B012B00F249810C9BA1
S32D0002E5B823B1189B1B78302B40F0FC80DDF84C90B9F1000F27D0059B002B40F0EF805FFA8BF30393129B14AA6F
S32D0002E5E0934218BF149A09F1010A08BF0F22924500F29881039A03F80920129BCDF84CA0002103F80A1012AAC1
S32D0002E608D8E902011AF086FF28B92B9B2B9A1B6843F004031360059B23B1D8F834305B457FF421AE2C9818A9E4
S32D0002E6300FF010F921E6D8F8203009934FF0000A0CB1681C2BD02846A0F1FF39B9FA89F94FEA59190FB1721C05
S32D0002E6582BD03046A0F1FF30B0FA80F040094845099B00F03A819A453FF440AF0CB1681C25D0D8F81C3053F884
S32D0002E6802A30284683422DD1D4E90232934234D20433A3600AF1010A4FF0FF35D0E7D4E90232934280F0D8811A
S32D0002E6A81868411C08BF0024CAE7D7E90232934280F0D3811868431C08BF0027CAE7D4E90232934280F0CE8139
S32D0002E6D01868D8F81C3053F82A30411C08BF00248342D1D0BAF1000F5DD04FF00009B4E5236820469B6A98478E
S32D0002E6F86CE6236820469B6A9847C7E714B16A1C00F067812846A0F1FF39B9FA89F94FEA591917B1711C00F09E
S32D0002E7206E813346A3F1FF33B3FA83F35B094B4540F00281D8F83030002B40F09980D8F82830002B3FF4BEAE3B
S32D0002E74801230C93994684E5D4E90232934280F093811868411C08BF002476E6D7E90232934280F0848118686A
S32D0002E770431C08BF002777E6D4E90232934280F084811868421C08BF00247EE6D8F82C3057E6D4E90232934238
S32D0002E79880F085811868421C08BF00246EE52A9BDB6883F40073C3F3402952E59DF82C3003930FE72D23002288
S32D0002E7C000931146012318A80EF05CFEFAE6D4E90232934280F075811868431C08BF002409E6D7E90232934275
S32D0002E7E880F070811B685A1C08BF00270AE6236820469B6A984752E67020F1F763F90023C0E90133C0E9053307
S32D0002E810C0E90733C0E90933C0E90B33C0E90D33C3600374C36380F86C30A14B03605946804610F0EFFA2A9B0A
S32D0002E8384146D86E4A46F1F767FE5AF8298061E40022302118A80FF099F800283FF4AFAE431C199A00F01A81AE
S32D0002E860824228BF0246002118A80EF011FDA2E614B16A1C00F0D5802846A0F1FF39B9FA89F94FEA591917B1B1
S32D0002E888701C00F0C1803346A3F1FF33B3FA83F35B094B4563D1D8F82830002B3FF40EAED8F83030002B7FF409
S32D0002E8B009AE49E7236820465B6A9847B1E43B6838465B6A9847B6E4D7E90232934280F0F1801E68E0E4236849
S32D0002E8D820465B6A9847824601E59A453FF406AEBAF1000F7FF4FDAE59E79A457FF4BBAC59E63B6838465B6A9C
S32D0002E900984700E6236820465B6A984768E5DDF814909DE4236820465B6A98470246FCE5D94695E40123009339
S32D0002E92800231A46494612A80EF058FC129B5DE60CB1681C7AD02846D8F82420126882427FF4F4AED4E9023260
S32D0002E950D8F828100891934280F0DF800433A3604FF0FF35C6E50CB16A1C6CD02846D8F82C201268824292D150
S32D0002E978D4E90232D8F830100891934280F0D3800433A3604FF001094FF0FF35CDF830905FE40D9B002B7FF439
S32D0002E9A04AAE9DF84430032B3FF445AE9DF84630012B3FF440AE02230493FFF7D7BB9DF84730042B3FF437AE03
S32D0002E9C80D9A12B1032B3FF432AE03230493FFF7C9BBD4E9023293427FD21868431C08BF002490E6D4E90232F5
S32D0002E9F093427BD21A68511C08BF0024B9E5D7E9023293427DD21B685A1C08BF002789E6D7E9023293427AD2DA
S32D0002EA181B68591C08BF002736E7D4E90232934266D21868431C08BF002422E7D4E9023293427DD21868411C08
S32D0002EA4008BF00247CE7D4E9023293426AD21868431C08BF00248AE7236820465B6A984723E63B6838465B6A97
S32D0002EA68984728E6236820465B6A98472DE63B6838465B6A984777E6236820465B6A984768E6236820465B6A2E
S32D0002EA90984777E6501E1AB100283FF48CADDFE6189B1A7087E5236820465B6A984776E63C6506003B68384626
S32D0002EAB85B6A98470646FFF7EBBB236820465B6A984786E63B6838465B6A984703468AE6236820469B6A98474E
S32D0002EAE057E5236820465B6A98477BE7236820465B6A984702467EE7236820465B6A984794E73B6838465B6A9B
S32D0002EB08984703467CE73B6838465B6A984703467FE7236820469B6A98471DE7236820465B6A984790E723686E
S32D0002EB3020469B6A984729E7236820465B6A98477DE718981AAB984201D018F08DFD129814AB984201D018F094
S32D0002EB5887FD18F08BFEF6E719F012F8D8F8003040465B68984719F079FC19F009F8FAE719F044F818F07AFE32
S32D0002EB802DE9F04F9FB00EA981E80C001D462A9B0A9003F16C0B58461446DDE928760FF075FC07909E48F1F737
S32D0002EBA82DFD2A9BDB6ED3F80CA05AF820808146B8F1000F00F07A83D8F8283008F14002069223B1D8F8303031
S32D0002EBD0003B18BF01230D9398F81020002313938DF8503014AB12931AB1202112A80EF0FFFB002319938DF83B
S32D0002EBF8683020211AAB18A818930EF0F5FB0022D8F83C301193CDE90B2208F14403934604920393059208929B
S32D0002EC20049B11AAD35C042B00F2BE81DFE813F0FC003801A8019A0149002846A0F1FF39B9FA89F94FEA591938
S32D0002EC480FB1721C47D03046A0F1FF30B0FA80F04009484550D014B1691C00F09380AA4603980A2251462EF038
S32D0002EC7085FC002800F09E80069BC01A694B80101B6813F800A0DDE918391AAA934218BF1A9A09F1010508BFCE
S32D0002EC980F22954200F29B8103F809A0189B199500225A550BF1010BD4E90232934280F0AE800433A3604FF07B
S32D0002ECC0FF35002CB9D0681CB7D1D4E90232934280F04A831868411C08BF0024AEE7D7E90232934280F04583CE
S32D0002ECE81868431CA0F1FF30B0FA80F04FEA501008BF00274845AED14FF00109199B002B08BF4FF00009049BDA
S32D0002ED10032B00F0E28001330493B9F1000F7FF47FAF2B9B2B9A1B6843F00403136014B1691C00F088822846C1
S32D0002ED38A0F1FF38B8FA88F84FEA581817B1731C00F01883A6F1FF36B6FA86F67609464505D12B9B2B9A1B6840
S32D0002ED6043F0020313600A9B18981C605D601AAB984201D018F078FC129814AB984201D018F072FC0A981FB063
S32D0002ED88BDE8F08FD4E90232934280F0FA82D3F800A00398BAF1FF3F4FF00A02514608BF00242EF0E7FB0028A1
S32D0002EDB07FF462AFD8F81430534500F0168198F81090B9F1000F9BD0D8F81830534599D1059B002B40F0F5829C
S32D0002EDD8BBF1000F00F0FA82DDE9123914AA934218BF149A09F1010508BF0F2295425FFA8BFB00F2058103F89A
S32D0002EE0009B0129A1395002353559B46D4E902329342FFF452AF236820469B6A98474EE7F82D0020300D0020C3
S32D0002EE284FF00109049B032B53D00CB16B1C27D02846A0F1FF3ABAFA8AFA4FEA5A1A17B1701C00F0B08030463F
S32D0002EE50A0F1FF30B0FA80F0400950453FF457AF14B16A1C00F0AD802A460798036808219B68984700283FF459
S32D0002EE784AAFD4E90232934280F090810433A360D4E90232934280F093821868451C08BF00244FF0FF35CCE7B3
S32D0002EEA014B16A1C00F0ED812846A0F1FF39B9FA89F94FEA591917B1711C00F0EC813346A3F1FF33B3FA83F36E
S32D0002EEC85B094B4540F0A680049B032B4FF00009ABD1089B012B40F2BC80B9F1000F3FF41CAF0C9B002B40F049
S32D0002EEF0A781D8F8243003934FF0010A14B1681C00F080812846A0F1FF39B9FA89F94FEA591917B1721C00F02F
S32D0002EF187F813046A0F1FF30B0FA80F040094845089B00F03C829A4500F0978014B1691C00F078812846039A2E
S32D0002EF4052F8043F039283427FF4EBAED4E90232934280F0AA810433A3600AF1010A4FF0FF35CBE7D8F82830C0
S32D0002EF68002B40F02581D8F83030002B40F0D6810D9B83F00109C6E62A9BDB689B0500F1B080089B012B00F23B
S32D0002EF90AC80049B002B00F0A880012B00F05782049B022B00F065824FF00109AFE6D7E90232934280F0FB8118
S32D0002EFB81868411C08BF002746E7D4E90232934280F0FE811A68531C08BF002449E70123009300231A464946A7
S32D0002EFE018A80EF0FFF8189B5AE6059B002B7FF4E6AED8F83430002B7FF782AE0123CDF82CB00593834653E623
S32D0002F0080123009300231A46494612A80EF0E6F8129BF0E614B1681C00F03E822A460798036808219B68984778
S32D0002F030814600283FF4FAAED4E90232934280F0A5820433A360049B032B7FF41DAF089B012B4FF0FF353FF6CC
S32D0002F05848AFB9F1000F3FF460AE199B012B00F249810C9B23B1189B1B78302B40F0FC80DDF84C90B9F1000FC9
S32D0002F08027D0059B002B40F0EF805FFA8BF30393129B14AA934218BF149A09F1010A08BF0F22924500F29881EE
S32D0002F0A8039A03F80920129BCDF84CA0002103F80A1012AAD8E902011AF02CFA28B92B9B2B9A1B6843F004030A
S32D0002F0D01360059B23B1D8F834305B457FF421AE2C9818A90EF0B6FB21E6D8F8203009934FF0000A0CB1681C92
S32D0002F0F82BD02846A0F1FF39B9FA89F94FEA59190FB1721C2BD03046A0F1FF30B0FA80F040094845099B00F0D3
S32D0002F1203A819A453FF440AF0CB1681C25D0D8F81C3053F82A30284683422DD1D4E90232934234D20433A360D5
S32D0002F1480AF1010A4FF0FF35D0E7D4E90232934280F0D8811868411C08BF0024CAE7D7E90232934280F0D381D2
S32D0002F1701868431C08BF0027CAE7D4E90232934280F0CE811868D8F81C3053F82A30411C08BF00248342D1D07D
S32D0002F198BAF1000F5DD04FF00009B4E5236820469B6A98476CE6236820469B6A9847C7E714B16A1C00F06781B2
S32D0002F1C02846A0F1FF39B9FA89F94FEA591917B1711C00F06E813346A3F1FF33B3FA83F35B094B4540F00281CB
S32D0002F1E8D8F83030002B40F09980D8F82830002B3FF4BEAE01230C93994684E5D4E90232934280F0938118688C
S32D0002F210411C08BF002476E6D7E90232934280F084811868431C08BF002777E6D4E90232934280F08481186807
S32D0002F238421C08BF00247EE6D8F82C3057E6D4E90232934280F085811868421C08BF00246EE52A9BDB6883F4B9
S32D0002F2600073C3F3402952E59DF82C3003930FE72D23002200931146012318A80EF002F9FAE6D4E90232934259
S32D0002F28880F075811868431C08BF002409E6D7E90232934280F070811B685A1C08BF00270AE6236820469B6A40
S32D0002F2B0984752E67020F0F709FC0023C0E90133C0E90533C0E90733C0E90933C0E90B33C0E90D33C360037488
S32D0002F2D8C36380F86C30A14B0360594680460FF0C1FF2A9B4146D86E4A46F1F70DF95AF8298061E40022302196
S32D0002F30018A80EF03FFB00283FF4AFAE431C199A00F01A81824228BF0246002118A80DF0B7FFA2E614B16A1C36
S32D0002F32800F0D5802846A0F1FF39B9FA89F94FEA591917B1701C00F0C1803346A3F1FF33B3FA83F35B094B457E
S32D0002F35063D1D8F82830002B3FF40EAED8F83030002B7FF409AE49E7236820465B6A9847B1E43B6838465B6A52
S32D0002F3789847B6E4D7E90232934280F0F1801E68E0E4236820465B6A9847824601E59A453FF406AEBAF1000F35
S32D0002F3A07FF4FDAE59E79A457FF4BBAC59E63B6838465B6A984700E6236820465B6A984768E5DDF814909DE460
S32D0002F3C8236820465B6A98470246FCE5D94695E40123009300231A46494612A80DF0FEFE129B5DE60CB1681C12
S32D0002F3F07AD02846D8F82420126882427FF4F4AED4E90232D8F828100891934280F0DF800433A3604FF0FF35EB
S32D0002F418C6E50CB16A1C6CD02846D8F82C201268824292D1D4E90232D8F830100891934280F0D3800433A36003
S32D0002F4404FF001094FF0FF35CDF830905FE40D9B002B7FF44AAE9DF84430032B3FF445AE9DF84630012B3FF413
S32D0002F46840AE02230493FFF7D7BB9DF84730042B3FF437AE0D9A12B1032B3FF432AE03230493FFF7C9BBD4E950
S32D0002F490023293427FD21868431C08BF002490E6D4E9023293427BD21A68511C08BF0024B9E5D7E9023293425E
S32D0002F4B87DD21B685A1C08BF002789E6D7E9023293427AD21B68591C08BF002736E7D4E90232934266D21868E9
S32D0002F4E0431C08BF002422E7D4E9023293427DD21868411C08BF00247CE7D4E9023293426AD21868431C08BFC1
S32D0002F50800248AE7236820465B6A984723E63B6838465B6A984728E6236820465B6A98472DE63B6838465B6A3F
S32D0002F530984777E6236820465B6A984768E6236820465B6A984777E6501E1AB100283FF48CADDFE6189B1A70CB
S32D0002F55887E5236820465B6A984776E64C6506003B6838465B6A98470646FFF7EBBB236820465B6A984786E6C1
S32D0002F5803B6838465B6A984703468AE6236820469B6A984757E5236820465B6A98477BE7236820465B6A984740
S32D0002F5A802467EE7236820465B6A984794E73B6838465B6A984703467CE73B6838465B6A984703467FE7236806
S32D0002F5D020469B6A98471DE7236820465B6A984790E7236820469B6A984729E7236820465B6A98477DE7189823
S32D0002F5F81AAB984201D018F033F8129814AB984201D018F02DF818F031F9F6E718F0B8FAD8F8003040465B68ED
S32D0002F620984718F01FFF18F0AFFAFAE718F0EAFA18F020F92DE9F04192B008AC84E80C0000220D928DF83820C3
S32D0002F6480CAADDF8708004929DF868601B9A0EAFCDE9022805460B460C973EB318AA92E803008DE8030006AE37
S32D0002F6701946304694E80C00FEF728FD96E803000C9E84E80300F0F727FD1D990B900BAB3046424619F08EFBB7
S32D0002F69894E803000C9BBB4285E8030002D0184617F0DEFF284612B0BDE8F08118AA92E803008DE8030006AEEA
S32D0002F6C01946304694E80C00FFF75AFAD6E70C98B84201D017F0C8FF18F0CCF82DE9F04B90B008AC1B9E9DF81A
S32D0002F6E868B0054606F16C0084E80C000F460EF0C9FE00230B938DF830300AAB04931C9BCDE9026318AB80464D
S32D0002F71093E803008DE803000DF1300906AE94E80C00CDF8289039463046BBF1000F15D0FEF7CCFC96E8030010
S32D0002F7380B9E84E80300B6B994E803000A9B4B4585E8030002D0184617F08AFF284610B0BDE8F08BFFF710FAE8
S32D0002F76096E803000B9E84E80300002EE8D01D980022314617F0D2FDD8F800300A998A19DE6A1D9B40461B6887
S32D0002F788B047D9E70A98484501D017F069FF18F06DF800BF2DE9F04F9DB00AA9269FDDF8A08007F16C0A8346B9
S32D0002F7B0504681E80C000EF069FE0546A048F0F721FFFB6ED3F80C9059F82040002C00F06A81D8F80060236C38
S32D0002F7D832689A421DD0A26B0D92D8F80430626AD4F828A003922A68284606EB8303556904213246A847851B98
S32D0002F800AD1016D10AAB93E8030000238BE803005846BB601DB0BDE8F08FE26BD8F804300D92E26AD4F830A0E6
S32D0002F8280392002BDFD00436DDE70023CDE91133690012AB10A8109317F0D2FC636BA5EB0308B8F1000F26DDAC
S32D0002F850E16838EA230828BFA846002900F04D810021119A00914FEA480310A817F000FD06EB8800D4E902233E
S32D0002F878A16901900096109810F018F91099119B411AB3EBA10F4FEAA102C0F07081002311920360636B002BD9
S32D0002F8A000F3D280FB68119D03F0B00204929A0548BF236A554448BFED180DF160090023690016A8CDE917331E
S32D0002F8C8CDF8589017F08CFC049BD7F80880102B00F0098100230593A8EB050306930DAD0EAE15F8013B042B4C
S32D0002F8F009D8DFE803F08443765F0300DDE9101216A817F0F7FDB542EFD1BAF1010F00F282801799884540F2F8
S32D0002F9189180049B202B279B009300F0B9800022A8EB010316A8114617F09EFC9DF82C50169B0A9C4DB919460A
S32D0002F940236842461B6B204698478045169B18BF01250E948DF83C5096E803004B450A908DF82C1002D01846F7
S32D0002F96817F07EFE109812AB98423FF447AF17F077FE43E7059B002B40D1179A169B0892013207924B4518BFD3
S32D0002F990189A079908BF0322914200F2DC80089A279943F8221003EB8203079A179200225A60A8E7BAF1000F37
S32D0002F9B8A5D0179A169B03990892013207924B45096818BF189A0991079908BF0322914200F2A980DDE90821B9
S32D0002F9E0DFE7FB689B058ED5179A6FF070439B1AD4E907129A4283D9124802F037FA059B002B80D0279B009358
S32D0002FA081799069B002216A817F02EFC77E7179803996FF070430AF1FF321B1A9A4201F1040100F2A18016A8AC
S32D0002FA3017F060FD179988453FF66FAF884679E7F42D0020E0710600DDE910396269049209F10102059212AAEC
S32D0002FA58934214BF129A032209F1010191426CD8049A43F82920059A119203EB8903002290455A6046DB119A97
S32D0002FA806FF070439B1A626B9A4206EB88016CD810A817F02FFD05E716A8A8EB0103002217F0E6FB46E7064679
S32D0002FAA87020F0F70FF80023C0E90133C0E90533C0E90733C0E90933C0E90B33C0E90D33C3600374C36380F8FF
S32D0002FAD06C303B4B0360514604460FF09BF92146F86E3246F0F714FD59F8264071E6A84594BF002301230593A3
S32D0002FAF8F2E6119ACDF80080334610A817F020FC636BC8E6616C0091C8F10003119910A817F0AAFB119A6FF014
S32D0002FB2070439B1A9D422AD82A463146B0E701230093002308991A4616A817F0FDFA169B4CE701230093002399
S32D0002FB481A46494610A817F0F3FA109B88E701230093002308991A4616A817F0E9FA169B19E7164802F07EF9DD
S32D0002FB70144802F07BF91449144802F08FF9114802F074F91698484501D017F06DFD109812AB984201D017F024
S32D0002FB9867FD17F06BFEF6E717F0F2FF236820465B68984718F05AFC17F0EAFFFAE718F025F817F05BFE00BF8E
S32D0002FBC03C650600E071060090730600447106002DE9F04F9DB00AA9269FDDF8A08007F16C0A8346504681E80E
S32D0002FBE80C000EF04FFC0546A048F0F707FDFB6ED3F80C9059F82040002C00F06A81D8F80060236C32689A42BD
S32D0002FC101DD0A26B0D92D8F80430626AD4F828A003922A68284606EB8303556904213246A847851BAD1016D12D
S32D0002FC380AAB93E8030000238BE803005846BB601DB0BDE8F08FE26BD8F804300D92E26AD4F830A00392002B8E
S32D0002FC60DFD00436DDE70023CDE91133690012AB10A8109317F0B8FA636BA5EB0308B8F1000F26DDE16838EAE1
S32D0002FC88230828BFA846002900F04D810021119A00914FEA480310A817F0E6FA06EB8800D4E90223A1690190EF
S32D0002FCB0009610980FF0FEFE1099119B411AB3EBA10F4FEAA102C0F07081002311920360636B002B00F3D28009
S32D0002FCD8FB68119D03F0B00204929A0548BF236A554448BFED180DF160090023690016A8CDE91733CDF858907A
S32D0002FD0017F072FA049BD7F80880102B00F0098100230593A8EB050306930DAD0EAE15F8013B042B09D8DFE830
S32D0002FD2803F08443765F0300DDE9101216A817F0DDFBB542EFD1BAF1010F00F282801799884540F29180049BCF
S32D0002FD50202B279B009300F0B9800022A8EB010316A8114617F084FA9DF82C50169B0A9C4DB919462368424687
S32D0002FD781B6B204698478045169B18BF01250E948DF83C5096E803004B450A908DF82C1002D0184617F064FC67
S32D0002FDA0109812AB98423FF447AF17F05DFC43E7059B002B40D1179A169B0892013207924B4518BF189A0799E4
S32D0002FDC808BF0322914200F2DC80089A279943F8221003EB8203079A179200225A60A8E7BAF1000FA5D0179A27
S32D0002FDF0169B03990892013207924B45096818BF189A0991079908BF0322914200F2A980DDE90821DFE7FB687A
S32D0002FE189B058ED5179A6FF070439B1AD4E907129A4283D9124802F01DF8059B002B80D0279B00931799069B0F
S32D0002FE40002216A817F014FA77E7179803996FF070430AF1FF321B1A9A4201F1040100F2A18016A817F046FB95
S32D0002FE68179988453FF66FAF884679E7F82D0020E0710600DDE910396269049209F10102059212AA934214BF68
S32D0002FE90129A032209F1010191426CD8049A43F82920059A119203EB8903002290455A6046DB119A6FF07043F1
S32D0002FEB89B1A626B9A4206EB88016CD810A817F015FB05E716A8A8EB0103002217F0CCF946E706467020EFF711
S32D0002FEE0F5FD0023C0E90133C0E90533C0E90733C0E90933C0E90B33C0E90D33C3600374C36380F86C303B4B2D
S32D0002FF080360514604460FF0ADF92146F86E3246F0F7FAFA59F8264071E6A84594BF002301230593F2E6119A10
S32D0002FF30CDF80080334610A817F006FA636BC8E6616C0091C8F10003119910A817F090F9119A6FF070439B1A2A
S32D0002FF589D422AD82A463146B0E701230093002308991A4616A817F0E3F8169B4CE70123009300231A464946F2
S32D0002FF8010A817F0D9F8109B88E701230093002308991A4616A817F0CFF8169B19E7164801F064FF144801F090
S32D0002FFA861FF1449144801F075FF114801F05AFF1698484501D017F053FB109812AB984201D017F04DFB17F041
S32D0002FFD051FCF6E717F0D8FD236820465B68984718F040FA17F0D0FDFAE717F00BFE17F041FC00BF4C650600A7
S32D0002FFF8E071060090730600447106002DE9F04F91B004AF07F1080A8AE80C0097F858303B60FB6D79600546AF
S32D0003002003F16C0107F11400F0F748F807F114000EF02CFA90B006460DF11008F0F74CF8D7E91A3407F11809F7
S32D00030048CDE902340023B86100934022324B41464846F7F705F83F28044618DD00F1080323F00703ADEB030D86
S32D0003007001340DF11008F0F72FF8D7E91A23CDE902230023B86100932246254B41464846F6F7EAFF044607F15A
S32D00030098200B002221464846C7F818B017F024F8336808EB04024146DC6ABB693046A0473B68CDF80890BBB1FD
S32D000300C03B6E0193FB6D00939AE80C0079682846FFF764FBB869584501D017F0C5FA07F11400F0F777F8284680
S32D000300E83437BD46BDE8F08F3B6E0193FB6D00939AE80C0079682846FFF766FDE6E707F11400F0F763F817F0C5
S32D00030110B1FBB8695845F6D017F0A6FAF3E700BFA473060030B587B00DF1100C9DF828508CE80C000446DDE95E
S32D000301380B3255B10D9D0093CDE901259CE80C00FFF728FB204607B030BD0D9D0093CDE901259CE80C00FFF7E8
S32D0003016037FD204607B030BD2DE9F04F85B004A901E90C00149ADDF838A0034602F16C000093DDE902470EF060
S32D0003018881F9139B022B814600F08880042B0CBF4FF47A7601260025DDF83CB0A8460CB17B1C41D03B46A3F190
S32D000301B0FF33B3FA83F35B09BAF1000F02D0BBF1FF3F3ED05846A0F1FF30B0FA80F040099842139B4DD098459E
S32D000301D861D00CB17A1C3AD03946D9F800302A221B6B484698473038C3B2092B3FD805EB8505129A00EB450526
S32D0003020005FB06F3934236DC119A3344934232DD2F4BA3FB0636D4E9023293424FEAD60622D20433A36008F191
S32D0003022801084FF0FF37BAE7D4E9023293423FD21B68581C08BF0024B5E7DAE902218A422ED21068411C08BFE3
S32D000302504FF0000AB7E7D4E90232934232D219684B1C08BF0024BCE7236820469B6A9847D9E7984513D0139B53
S32D00030278042B0CD0159B159A1B6843F004031360009B1846C3E9004705B0BDE8F08FB8F1020FEFD1643D109B30
S32D000302A01D60F1E70A267AE7DAF800200193526A50469047019BC9E7236820465B6A98470346BAE723682046DC
S32D000302C85B6A98470146C7E7CDCCCCCCF0B591B00CAC84E80C00189A06920B4642F20F720421CDE904210EAA1D
S32D000302F0029216AA054692E803008DE803001946002303930F930FAB0AAE079394E80C003046199FFFF728FFB0
S32D0003031896E803000F9B84E80300024643BB0E9B1A99002BB4BF6433A3F26C734B610D9E0AB1731C27D0DDE971
S32D000303401603A6F1FF36B6FA86F6760908B1591C17D0A3F1FF33B3FA83F35B09B34203D13B6843F002033B605B
S32D000303680C9294E8030085E80300284611B0F0BD3B6843F004033B60D9E7D0E902318B420AD21B68E1E7D2E928
S32D0003039002318B420BD21E68701C08BF0022CEE7036809925B6A9847099A0346D1E71368099210465B6A984751
S32D000303B8099A0646ECE700BF2DE9F04F89B000AF07F1200101E90C00FA6DFC69D7F85480D7F818B03C6103465B
S32D000303E07B6002F16C00BB6CBB600EF04FF8BB6D9B00073323F00703ADEB030D81466D46BBF1000F02D001342D
S32D0003040800F048813C69FB6CFB60A4F1FF341A46BB68B4FA84F464091BB11346013300F04381FB68A3F1FF338F
S32D00030430B3FA83F35B09A3420FD13B6E3A6E1B6843F0040313607B683A69C3F800B0184624375A60BD46BDE8C2
S32D00030458F08FBBF1000F03D03B69013300F03C813A69BB6D002BE4D00026A8F1040AC7F814B0C7F85480D7F885
S32D0003048058B03446904608E0D9F800309B699847404508D00136B3450CD05AF8043F196841454846F0D145F897
S32D000304A824600136B34504F10104F2D10023012CD7F814B0D7F854807B616CD9AA46DAF800303B6158F823000B
S32D000304D02CF0C6FE56468146012556F8043F58F823002CF0BDFE0135814528BF8146A542F3D3DBE902039842BD
S32D000304F880F0CA800430CBF808007B6901334B457B6180F0B680DBE902318B4280F0DE801868BB68013006BFC5
S32D000305204FF0000B012600261BB1FB68013300F09080FB68A3F1FF33B3FA83F35B09B34200F09B807B690026F6
S32D000305484FEA83095A463B6915E0D2E90213994280F093800868431C08BF0022854217BF04F1FF3401365AF850
S32D0003057024304AF82630B4420AD95AF8263058F8233053F80950002AE3D14FF0FF30E9E7012C934697D84FF0D6
S32D00030598FF3355463B61012C7FF44BAFDBE902318B4280F0E3800433CBF808302C687B6958F8246030465D1C2B
S32D000305C02CF04EFE854280463BD27B6906EB830A5E46D7E902B9D6E902239A4280F0BE801068013006BF002685
S32D000305E801220022BBF1000F03D0B9F1FF3F00F091804B46A3F1FF33B3FA83F35B09934200F09A805AF8043FD4
S32D00030610002E00F08D80D6E90212914280F0A3800868421C08BF0026834240F08980D6E9023293427FD204334C
S32D00030638B36001354545CAD3B346A84519D13B6D1C604FF0FF333B61F9E6BB68D3E90213994235D20B685A1C82
S32D00030660A3F1FF33B3FA83F34FEA5313BA6808BF0022B342BA607FF465AF4FF0FF333B61DBE613683A61104606
S32D000306885B6A98473A6966E7DBF8003058469B6A984732E7DBE902318B422DD21C68661C08BF4FF0000BAEE6A1
S32D000306B0BB68D3E9021399421CD20B68BA68581C08BF0022BA60B1E6B86803685B6A98470346C4E7DBF8003093
S32D000306D858465B6A98471CE7DBE902318B4212D21A68511C08BF4FF0000BBAE6B86803685B6A98470346DDE728
S32D00030700DBF8003058465B6A98470446CBE7DBF8003058465B6A98470246E6E7DBE90213994212D20B68591CAD
S32D0003072808BF4FF0000B65E74FF0FF3078E7336830469B6A98477CE74FF0FF33B3463B6177E6DBF800307A61DD
S32D000307505B6A584698477A690346E4E7336830465B6A98473DE732687B61526A304690477B6956E7DBF80030C3
S32D0003077858469B6A984719E72DE9F04F89B000AF07F1200101E90C00FA6DD7F81890D7F81CB00346BB6002F1B2
S32D000307A06C00BB6CFB600DF071FEBA6D6B46A3EBC2039D468246E846B9F1000F03D0BBF1FF3F00F002815C463F
S32D000307C8FB6C7B61A4F1FF341A46FB68B4FA84F464091BB11346013300F01F817B69A3F1FF33B3FA83F35B0985
S32D000307F0A34240F0B780002426462546B9F1000F02D0BBF1FF3F53D05846A0F1FF3AFB68BAFA8AFA4FEA5A1A49
S32D0003081813B17B69013370D07B69A3F1FF33B3FA83F35B0953457CD0B9F1000F02D0BBF1FF3F44D0DE46002CA5
S32D000308404FD00023C7F810904FEA860AD7F854909C4604E00CF1010C0133A34219D255F82320B2424FEA830056
S32D0003086805EB8301F2D958F8232059F8222052F80A2072453FD0013CA34258F8242048F8002055F824200A60AF
S32D00030890E5D36445D7F8109047D0D9E902239A4251D20432C9F8082001364FF0FF3BA5E7D9E902239A4280F0DC
S32D000308B8C0801068411C08BF4FF00009A1E7D9E902239A4280F0BB80D2F800E0BEF1FF3F08BF4FF00009002C23
S32D000308E0AFD13B6E3A6E1B6843F004031360BB6824371846C3E9009BBD46BDE8F08F0133ABE7FB68D3E9022392
S32D000309089A4280F0A38013685A1CA3F1FF33B3FA83F34FEA5313FA6808BF00225345FA6082D1012C11D12B68A4
S32D00030930B342D6D1BA6DD8F800309342A8BF9B1A3A6D1360D3E7D9F8003048469B6A9847AAE7022CC5D12B68B3
S32D00030958B342EBD06B68B342BFD1E7E7B9F1000F02D0BBF1FF3F77D05946BB6D5C007FD07B6DC7F810900025FE
S32D000309801A1FC7F804B02E468B46914608E0DAF800309B699847584508D00135A5420CD059F8043F1968594590
S32D000309A85046F0D148F826500135A54206F10106F2D1D7F81090D7F804B066B93446354618E7D9E90232934263
S32D000309D055D21C68651C08BF4FF00009F4E6D9E90232934258D20433C9F80830B300073323F00703ADEB030D0A
S32D000309F8D7F854B06D46A8F1040A00245AF8043F5BF823002CF028FC45F824000134A642F4D14FF0FF3B01264F
S32D00030A20ECE6FB68D3E902239A422FD21368FA68581C08BF0022FA60D5E6D9F8003048465B6A98473AE7D9F83E
S32D00030A48003048465B6A984786463FE7F86803685B6A9847034657E7D9E9023293421DD21B6819460B46013312
S32D00030A7008BF4FF000097CE726462546BEE6D9F8003048465B6A98470446A3E7F86803685B6A98470346CAE7F8
S32D00030A98D9F8003048469B6A9847A3E7D9F8003048465B6A98470146DCE700BF2DE9F0419EB00CACDDF89880FA
S32D00030AC0279F054608F16C000E4684E80C000EF0DBFD836800220F92DA6A17921A6B18925A6B19929A6C10920B
S32D00030AE8DA6C11921A6D12925A6D13929A6D1492DA6D15921A6E16929A6B1A92DA6B1B921A6C5B6C1C921D9344
S32D00030B100FAA07230692CDF81480049310AB03930EAB029324AB93E803008DE8030031460AAE94E80C003046B8
S32D00030B38FFF722FE96E803000F9B84E80300024623BB28990E9B8B610D9E0AB1731C28D0DDE92403A6F1FF36BA
S32D00030B60B6FA86F6760908B1591C18D0A3F1FF33B3FA83F35B09B34203D13B6843F002033B600C9294E80300FA
S32D00030B8885E8030028461EB0BDE8F0813B6843F004033B60D8E7D0E902318B420AD21B68E0E7D2E902318B42A9
S32D00030BB00BD21E68701C08BF0022CDE7036809925B6A9847099A0346D0E71368099210465B6A9847099A06463C
S32D00030BD8ECE700BF2DE9F043A7B00AACDDF8C090DDF8C480054609F16C000F4684E80C000EF046FD8368D3F851
S32D00030C0094200E92D3F898200F92D3F89C201092D3F8A0201192D3F8A4201292D3F8A8201392D3F8AC2014924C
S32D00030C28D3F8B0201592D3F8B4201692D3F8B8201792D3F8BC201892D3F8C02019925A6E1A929A6E1B92DA6EAE
S32D00030C501C921A6F1D92D3F874C0CDF878C0D3F878C0CDF87CC0D3F87CC0CDF880C0D3F880C0CDF884C0D3F8A2
S32D00030C7884C0CDF888C00DF1340ED3F888C0CDF88CC00C210EA8D3F88CC0D3F890302593CDE9059ECDE9030146
S32D00030CA00CAA002302920D932EAB93E803008DE8030008AE394694E80C003046CDF890C0FFF75EFD96E803002D
S32D00030CC80D9B84E80300074633BB329A0C9B13610B9E0FB1701C2CD0DDE92E03A6F1FF36B6FA86F6760908B1AA
S32D00030CF05A1C1CD0A3F1FF33B3FA83F35B09B34205D1D8F8003043F00203C8F800300A9794E8030085E80300A1
S32D00030D18284627B0BDE8F083D8F8003043F00403C8F80030D4E7D0E9023293420AD21B68DCE7D7E902329342BB
S32D00030D4009D21E68711C08BF0027C9E703685B6A98470346CEE73B6838465B6A98470646F0E700BF2DE9F04FED
S32D00030D68A1B010AC84E80C002C9B119CDDF8BC80DDF8A89003F16C05CDE90B01284616460EF07EFC0346284623
S32D00030D900D930DF07BFB054640462CF061FA0023DDF8ACB012939A46099023464C4616B1591C00F0A3801F46B6
S32D00030DB8A3F1FF39B9FA89F94FEA591914B1BBF1FF3F6DD05846A0F1FF30B0FA80F04009484576D0099B5345A2
S32D00030DE073D9DDF84890B9F1000F71D12B6858F82A101B6B4A462846984708EB8A0325280A9340F0878029683C
S32D00030E0808EB8A020B6B516828464A4698474528CDF84C900AF1010900F089804F2800F086804138382800F2EA
S32D00030E309A80DFE810F073012901AC00AB01980098009800B301DD01980098009800EB0198009800980098004C
S32D00030E584C018702B102980098009800B902AC00C1029800980098009800980098009303DB0061036903150206
S32D00030E8098009800DB00980098009800980039028B009800980098009800980064029800980098007B02AC00C1
S32D00030EA8D4E90232934280F06F831868431CA0F1FF30B0FA80F04FEA501008BF0024484588D1129A002A50D0D8
S32D00030ED02D9B2D9A1B6843F0040313600B9B1846C3E9006721B0BDE8F08FD6E90232934280F0B5830433B3606C
S32D00030EF80AF1010AD6E90232934280F03F831B685A1C08BF00264FF0FF3751E758F82A300EB1791C2DD03846BD
S32D00030F208342E2D0129A42F004023B46D146129209F1010A3BE708EB8A03002299682B6828461B6B0AF10209B2
S32D00030F4898476EE716B17B1C00F04B8339462B6800221B6B284698470A2800F0D981129A42F004023B4612929C
S32D00030F70DEE7099B5345ABD1B0E7D6E902218A4280F072831068421C08BF0026C8E72C9B069312AB07930422DA
S32D00030F9842F20F73CDE904320023039313AB02932A942AAB93E80300CDE910678DE803000EAE10AB0CCB304600
S32D00030FC00C99FFF7D1F896E80300129A10AB83E8030006460B46002AAAD1139A2E99002AB4BF6432A2F26C72EB
S32D00030FE84A61A1E70D9B2A949B68D3F894101491D3F898101591D3F89C101691D3F8A0101791D3F8A4101891A6
S32D00031010D3F8A8101991D3F8AC101A91D3F8B0101B91D3F8B4101C91D3F8B8101D91D3F8BC101E91CDE9106729
S32D00031038D3F8C03012AA1F932C9B05930C23049314AB039313AB029306922AAB93E803008DE803000EAE10ABB7
S32D000310600CCB30460C99FFF7ABF996E80300129A10AB83E8030006460B46002A7FF458AF2E99139A0A6153E723
S32D000310880D9B2A949B68596E1491996E1591D96E1691196F1791596F1891996F1991D96F1A91D3F880101B917A
S32D000310B0D3F884101C91D3F888101D91D3F88C101E91CDE91067D3F8903012AAB7E72B689A49D3F82CA08A1D16
S32D000310D814AB2846D047CDE9106714AB05932A942E9B04932C9B029312AB03932AAB93E803008DE803000EAECB
S32D0003110010AB30460CCB0C99FFF72CFE96E8030010AB83E8030006460B4609E70D9B2A949B68DA6A14921A6BE2
S32D0003112815925A6B16929A6B1792DA6B18921A6C19925B6CCDE910670EAE1A932C9B059312AB069307230493E1
S32D0003115014AB039313AB02932AAB93E803008DE8030010AB0CCB30460C99FFF729F996E80300129A10AB83E8E3
S32D00031178030006460B46002A7FF4D6AE2E99139A8A61D1E62B686C4AD3F82CA0A2F1090114AB9EE72C9B06934E
S32D000311A012ABCDE91067079302271723CDE904372A940EAE0023039313AB02932AAB93E803008DE8030010AB3A
S32D000311C80CCB30460C99FEF7CBFF96E80300129A10AB83E8030006460B46002A7FF4A4AE2E99139A8A609FE680
S32D000311F02C9B069312AB079302200C23CDE91067CDE904302A940EAE0123D4E72C9B069312AB079302223B231D
S32D00031218CDE904320023039313AB02932A942AAB93E80300CDE910678DE803000EAE10AB0CCB30460C99FEF799
S32D0003124093FF96E80300129A10AB83E8030006460B46002A7FF46CAE2E99139A4A6067E616B17A1C00F0E08128
S32D000312683A462B6808219B6828469847002800F09081D6E90232934280F0F9810433B3602C9B06934FF0FF33D3
S32D00031290119301230593039312AB0793092310962A940EAE049387E12C9B069312AB079302210C23CDE90431A1
S32D000312B80123039313AB02932A942AAB93E80300CDE910678DE803000EAE10AB0CCB30460C99FEF745FF96E822
S32D000312E00300129A10AB83E8030006460B46002A7FF41EAE139A2E99013A0A6118E616B17B1C00F08481394615
S32D000313082B6800221B6B2846984709287FF427AED6E90232934280F0AF810433B36009F1010AE7E50D9B2A94CA
S32D000313309B689B680593CDE91067D5E6B8730600B57306002C9B069312AB079302223D23CDE9043200230393C7
S32D0003135813AB02932A942AAB93E80300CDE910678DE803000EAE10AB0CCB30460C99FEF7F7FE96E80300129ADB
S32D0003138010AB83E8030006460B46002A7FF4D0AD2E99139A0A60CBE52B68A149D3F82CA001F1090214AB98E680
S32D000313A80D9B2A949B681B690593CDE9106797E616B17B1C00F01E813A462B6801219B682846984700283FF418
S32D000313D0CAAD2C9B0593934B039312AB06930E23049314AB02932A942AAB93E80300CDE910678DE803000DF17C
S32D000313F8380A10AB0CCB0C995046FEF7DDFF9AE8030010AB83E8030006460B4610B1591C00F018811F46A7F1DD
S32D00031420FF37B7FA87F77F091CB1BBF1FF3F00F004815A46A2F1FF32B2FA82F25209BA423FF476AD1299149AF8
S32D000314480A437FF471AD002E00F03381591C00F03D812A680A93926A2D21284690470A9B98420AD01F462A6892
S32D000314700A93926A2B2128469047B8420A9B7FF457AD12AB07932C9B069314AB0293109617230026CDE90363DE
S32D00031498022705972A942AAB93E803008DE8030010AB0CCB0C995046FEF75AFE12AB079314AB02932C9B0693B0
S32D000314C03B230396049305979AE8030010AB83E803002AAB93E803008DE8030010AB0CCB0C995046FEF740FE58
S32D000314E89AE8030010AB83E8030006460B461BE50D9B2A949B689B690593CDE91067EFE52C9B069312AB0793CB
S32D0003151002211F23CDE904310123039313AB02932A942AAB93E80300CDE910678DE803000EAE10AB0CCB3046D3
S32D000315380C99FEF715FE96E80300129A10AB83E8030006460B46002A7FF4EEAC2E99139ACA60E9E40D9B2A94DA
S32D000315609B689A6C1492DA6C15921A6D16925A6D17929A6D1892DA6D1992CDE910671B6E0EAEDEE53368304636
S32D000315885B6A98470346BBE4236820465B6A98478CE42C9B069312AB07934FF0020C1F23CDE9043C0A23CDE982
S32D000315B010672A940EAE039313AB02932AAB93E803008DE8030010AB0CCB30460C99FEF7CBFD96E80300129ACE
S32D000315D810AB83E8030006460B46002A7FF4A4ACB4E7D6E9023293424BD21968481C08BF0026ACE4D6E902325A
S32D00031600934248D21A68501C08BF0026D9E6D6E90232934245D21968481C08BF002673E6C07306006C0D002054
S32D00031628D6E9023293423ED21A68531C08BF002617E6D4E902218A4264D21268501C08BF0024F3E6D0E9022176
S32D000316508A4263D217687A1C08BF0026DFE6336830469B6A984747E432680A93526A304690470A9B87E4336896
S32D0003167830469B6A984703E6336830469B6A98474DE6336830465B6A98470146AEE7336830465B6A9847024648
S32D000316A0B1E7336830465B6A98470146B4E7336830465B6A98470246BBE71F462A680A93926A2D212846904728
S32D000316C887421DD00A9B00261F46CCE6D6E902218A422ED217687A1CECD02A680A93926A2D2128469047B84222
S32D000316F00A9B3FF4C6AED6E902218A4215D21768781C08BF0026B2E60026BAE622680A93526A204690470A9BC5
S32D00031718024693E702680A93526A90470A9B074695E732680A93526A304690470A9B0746E2E732680A93526AE8
S32D00031740304690470A9B0746C9E700BF2DE9F0418CB0DDE914670AAC054606F16C0084E80C0088460DF090FFD0
S32D0003176883681B690593169B0296CDE9037312AB93E803008DE8030008AE304694E80C004146FFF7EBFA96E88D
S32D00031790030084E8030002460E4608B14B1C1DD0DDE91203A6F1FF36B6FA86F6760908B1591C1CD0A3F1FF33DB
S32D000317B8B3FA83F35B09B34203D13B6843F002033B600A9294E8030085E8030028460CB0BDE8F081D0E9023183
S32D000317E08B420AD21E68701C08BF0022D8E7D0E902318B4208D21B68DCE7036807905B6A9847079A0646EEE734
S32D00031808036807925B6A9847079A0346CEE700BF2DE9F0418CB0DDE914670AAC054606F16C0084E80C0088463B
S32D000318300DF02AFF83689B680593169B0296CDE9037312AB93E803008DE8030008AE304694E80C004146FFF782
S32D0003185885FA96E8030084E8030002460E4608B14B1C1DD0DDE91203A6F1FF36B6FA86F6760908B1591C1CD0DB
S32D00031880A3F1FF33B3FA83F35B09B34203D13B6843F002033B600A9294E8030085E8030028460CB0BDE8F081E0
S32D000318A8D0E902318B420AD21E68701C08BF0022D8E7D0E902318B4208D21B68DCE7036807905B6A9847079AA0
S32D000318D00646EEE7036807925B6A9847079A0346CEE700BF2DE9F04F91B0DDE91C670AAC054606F16C0084E811
S32D000318F80C0088469DF87C909DF880A00CF0C2FD02684FF0000B926AC7F800B0252190470C90BAF1000F3AD137
S32D00031920CDE90D9A1E9B0296CDE903731AAB93E803008DE803000CAB08AE0593304694E80C004146FFF70EFA79
S32D0003194896E8030084E80300DDE90A260AB1731C28D0DDE91A03A6F1FF36B6FA86F6760908B1591C18D0A3F142
S32D00031970FF33B3FA83F35B09B34203D13B6843F002033B600A9294E8030085E80300284611B0BDE8F08FCDE9BA
S32D000319980DA9CDF83CB0C1E7D0E902318B420AD21B68E0E7D2E902318B420BD21E68701C08BF0022CDE703687E
S32D000319C007925B6A9847079A0346D0E71368079210465B6A9847079A0646ECE70039084B18BF012110B5C0E957
S32D000319E800310446EEF774FBA060204610BD2046EEF758FB15F03AFFC87F0600184B1A68D1075CBF01221A602E
S32D00031A10164B1A68D2075CBF01221A60144B1A68D0075CBF01221A60124B1A68D1075CBF01221A60104B1A6875
S32D00031A38D2075CBF01221A600E4B1A68D0075CBF01221A600C4B1A68D1075CBF01221A600A4B1A68D2075CBF4E
S32D00031A6001221A60704700BFD82D0020D42D0020D02D0020CC2D0020C82D0020C42D0020C02D0020BC2D00208A
S32D00031A8810B5044B044640F81C3BEEF79FFB204610BD00BF7C8D060010B5054B044640F81C3BEEF793FB2046F9
S32D00031AB015F0DAFD204610BD7C8D060010B5044B044640F81C3BEEF785FB204610BD00BFBC8D060010B5054B3F
S32D00031AD8044640F81C3BEEF779FB204615F0C0FD204610BDBC8D060010B50446006A23F03BF9606210BD00BFF3
S32D00031B0010B50446006A23F033F9216ABDE810402AF05EBB4A1C10B5044609D1406A431C02D0216A2AF054FB2B
S32D00031B284FF0FF33636210BD0B46016A18462AF04BFB4FF0FF33636210BD00BF006A22F04BB900BF006A22F092
S32D00031B5047B900BFF8B5069B0D464FF0FF3611464FF0FF370022C0E90222C0E9006704464BB1012B0CBF012265
S32D00031B780222286A22F0B8FC38B12046F8BD286A1A4622F0B1FC0028F7D1286A22F060FEC317C4E90003204629
S32D00031BA0F8BD00BFF8B5069B0D464FF0FF3611464FF0FF370022C0E90222C0E9006704464BB1012B0CBF012260
S32D00031BC80222286A22F090FC38B12046F8BD286A1A4622F089FC0028F7D1286A22F038FEC317C4E90003204651
S32D00031BF0F8BD00BF10B50446006A23F0EDF8606210BD00BF2DE9F04106467AB1884617460D1F002404E001343F
S32D00031C18A74245F8040F0CD0306A23F0D9F8431CF5D134B900244FF0FF3373622046BDE8F08104F18043013B1C
S32D00031C40204658F823307362BDE8F08110B50446006A23F0C1F8216ABDE810402AF01ABB4A1C10B5044609D17C
S32D00031C68406A431C02D0216A2AF010FB4FF0FF33636210BD0B46016A18462AF007FB4FF0FF33636210BD00BFC5
S32D00031C90F8B516467AB107460D46002402E00134A64206D0396A55F8040B23F091FF0130F5D12046F8BD144648
S32D00031CB8FBE700BF034608461B6A012123F044B838B50C46036A05460121204622F0A6FA0028CABF24184FF0B0
S32D00031CE0FF3314F8013C6B6238BD00BF08B54B1C06D00B46016A1846BDE8084023F02ABF006A22F06DF80038C1
S32D00031D0818BF0120404208BD08B54B1C06D00B46016A1846BDE8084023F056BF006A22F05BF8003818BF012043
S32D00031D30404208BD82B0F0B583B008AC84E80C000B68144E1D69099BB54204461CD10F4694464FF0FF334FF0F9
S32D00031D58FF32C0E900230022C0E902226146386A22F0C2FB28B1204603B0BDE8F04002B07047386A22F06CFD09
S32D00031D80C317C4E90003F2E70C9E019600260096A847ECE7A51B030082B0F0B583B008AC84E80C000B68144E42
S32D00031DA81D69099BB54204461CD10F4694464FF0FF334FF0FF32C0E900230022C0E902226146386A22F090FB01
S32D00031DD028B1204603B0BDE8F04002B07047386A22F03AFDC317C4E90003F2E70C9E019600260096A847ECE7A5
S32D00031DF8551B030008B5042015F0FCFC024B034A0349036016F010FBF094060001760400CC94060008B50420C3
S32D00031E2015F0ECFC024B034A0349036016F000FB2C950600397604000C95060010B50446082015F0DBFC2146BF
S32D00031E48044617F0D1FE054A0549204616F0ECFA204615F0E7FC15F009FD00BF799504007499060010B504460E
S32D00031E70082015F0C3FC2146044617F0F9FE054A0549204616F0D4FA204615F0CFFC15F0F1FC00BF019604004D
S32D00031E98809906000FB4F0B583B000AF07F1200454F8046B304625F0C7FC00F2072323F00703ADEB030D6D46F7
S32D00031EC000F500712346324628467C600AF0FCF9082015F093FC2946044617F0D3FE054A0549204616F0A4FA7D
S32D00031EE8204615F09FFC15F0C1FC00BF419604008C99060010B50446082015F07BFC2146044617F0C5FE054ABF
S32D00031F100549204616F08CFA204615F087FC15F0A9FC00BF399504009899060010B5034B0360044600F024F933
S32D00031F38204610BD7483060010B5034B0360044600F01AF9204610BD8483060010B5054B0360044600F010F98A
S32D00031F60204615F081FB204610BD00BF7483060010B5054B0360044600F002F9204615F073FB204610BD00BF02
S32D00031F888483060008B5836F23B103694161194203D108BD41F00101F7E7014818F050F85883060008B5D0E995
S32D00031FB004230B431142436100D108BD16F052FA38B5054608460C4601F0BAFEB0B1204600F094FEE86720462D
S32D00031FD801F0D0FEA0B1204601F0ECF9C5F88000204601F0E5FE90B1204601F001FAC5F8840038BDE867204697
S32D0003200001F0BCFE0028EAD1C5F88000204601F0D3FE0028ECD1C5F8840038BD38B504460D4617F03DF904F1E5
S32D000320286C012046FFF7C8FF0022B5FA85F35B09A4F8742022672261A567636138BD00BF08B5C36F23B103695B
S32D000320504161194203D108BD41F00101F7E7014817F0F2FF5883060008B5D0E904230B431142436100D108BD1E
S32D0003207816F0F4F938B5054608460C460DF0BCFCB8B120460CF0FEF9C5F8800020460DF0D1FCA8B120460CF0CD
S32D000320A05FFEC5F8840020460DF0E6FC98B120460CF074FEC5F8880038BDC5F8800020460DF0BCFC0028E9D19B
S32D000320C8C5F8840020460DF0D3FC0028EBD1C5F8880038BD38B504460D4617F0DDF804F16C012046FFF7C6FF6D
S32D000320F0B5FA85F200235209636784F8783023672361E567626138BD10B5002204460E4B2262C4E90222C4E98F
S32D000321180422C4E906222430C4E9003204F164010346C3E9002208339942FAD10823C4E9193004F16C00EEF7AF
S32D0003214047FE204610BD00BF0884060070B584694CB105460E46D4E901322946304698472468002CF7D170BD96
S32D0003216815F00EFD15F04AFDF6E7013101D115F095FC15F07BFB00BF38B5124B036005460021FFF7DFFFAC6937
S32D0003219024B909E0246815F067FA2CB1E268511E2046E160002AF5D0A86E05F1240300229842AA6104D008B173
S32D000321B815F058FA0023AB6605F16C00EEF706F8284638BD0884060010B50446FFF7D4FF204615F045FA204649
S32D000321E010BD00BF0A68026052F80C2CD1F814C040F802C08A698260CA68826052F80C2CD1F810C00244C2F851
S32D0003220808C04A68026052F80C2C8968815000224260704710B50649064B00220446C0E9001240F8083FFFF709
S32D00032230A7FF204610BD00BF488406007483060038B50368074D53F80C3C074AC550C41820460021616040F815
S32D00032258082FFFF791FF204638BD00BF488406007483060010B50749074B00220446C0E9001240F8083FFFF7AC
S32D000322807FFF204615F0F0F9204610BD488406007483060038B50368084D53F80C3C084AC550C418204600214F
S32D000322A8616040F8082FFFF767FF204615F0D8F9204638BD488406007483060010B50649064B00220446C0E999
S32D000322D0001240F8083FFFF753FF204610BD00BF788406008483060038B50368074D53F80C3C074AC550C41882
S32D000322F820460021616040F8082FFFF73DFF204638BD00BF788406008483060010B50749074B00220446C0E927
S32D00032320001240F8083FFFF72BFF204615F09CF9204610BD788406008483060038B50368084D53F80C3C084A07
S32D00032348C550C41820460021616040F8082FFFF713FF204615F084F9204638BD78840600848306008368587CA3
S32D00032370704700BF8368987C704700BF8368D86A704700BF83681B6B0022D9B261F30702C3F3072161F30F22D0
S32D00032398C3F3074161F317421B0E63F31F6282B0104602B0704700BF83685B6B0022D9B261F30702C3F3072120
S32D000323C061F30F22C3F3074161F317421B0E63F31F6282B0104602B0704700BF8368587C704700BF8368987CD8
S32D000323E8704700BF8368D86A704700BF83681B6B0022D9B261F30702C3F3072161F30F22C3F3074161F3174222
S32D000324101B0E63F31F6282B0104602B0704700BF83685B6B0022D9B261F30702C3F3072161F30F22C3F30741CF
S32D0003243861F317421B0E63F31F6282B0104602B0704700BF836893F824007047836893F825007047002070479C
S32D0003246000207047704700BF91424FF0000006D211F8013B8A4203EB7060F9D17047704710B5034B036004464D
S32D00032488EDF710FE204610BD7486060010B5034B03600446EDF706FE204610BD8C86060010B5034B036004464B
S32D000324B0EDF7FCFD204610BD3885060010B5034B03600446EDF7F2FD204610BD7485060010B5034B03600446A3
S32D000324D8EDF7E8FD204610BDA485060010B5034B03600446EDF7DEFD204610BDA486060010B5034B0360044606
S32D00032500EDF7D4FD204610BDB886060010B5054B03600446EDF7CAFD204615F0A5F8204610BD00BF7486060017
S32D0003252810B5054B03600446EDF7BCFD204615F097F8204610BD00BF8C86060010B5054B03600446EDF7AEFDCE
S32D00032550204615F089F8204610BD00BF3885060010B5054B03600446EDF7A0FD204615F07BF8204610BD00BFA6
S32D000325787485060010B50446FFF7A6FF204615F06FF8204610BD00BF10B5054B03600446EDF788FD204615F02F
S32D000325A063F8204610BD00BFA486060010B5054B03600446EDF77AFD204615F055F8204610BD00BFB886060082
S32D000325C810B5054B044640F8083B16F05FFC2046EDF768FD204610BD2C86060010B50446FFF7EEFF204615F0B0
S32D000325F03BF8204610BD00BF10B5054B044640F8083B16F047FC2046EDF750FD204610BDF884060038B50D4BE1
S32D00032618036005690446EDF76BFD854203D015B1284615F01FF8A06810B103685B68984704F10C0016F02AFC3D
S32D000326402046EDF733FD204638BD00BFB485060010B50446FFF7DEFF204615F005F8204610BD00BF70B50446EB
S32D000326680D46F3F7DBFD2368054A9B69934201D1284670BD29462046BDE87040184700BF4D61020070B50D1AC8
S32D00032690064600212846F2F739FE012D044600F10C030AD02A461846314623F0A5F8094A9442034606D1184630
S32D000326B870BD32780273054A9442F8D061190022A26025600A73184670BD00BF542D002010B5074B044640F894
S32D000326E0083B16F0D7FB2046EDF7E0FC204614F0BBFF204610BD00BFF884060030B58B685D6A83B09DB1044686
S32D00032708284625F099F829188D4207D001AA2846FFF7B8FF2060204603B030BD03482060204603B030BD02483E
S32D00032730FFF784FB602D00201072060030B58B689D6883B09DB10446284625F079F829188D4207D001AA284632
S32D00032758FFF798FF2060204603B030BD03482060204603B030BD0248FFF764FB602D00201072060030B58B68C0
S32D000327805D6983B09DB10446284625F059F829188D4207D001AA2846FFF778FF2060204603B030BD0348206005
S32D000327A8204603B030BD0248FFF744FB602D00201072060030B58B68DD6983B09DB10446284625F039F8291868
S32D000327D08D4207D001AA2846FFF758FF2060204603B030BD03482060204603B030BD0248FFF724FB602D002069
S32D000327F81072060030B58B689D6883B09DB10446284625F019F829188D4207D001AA2846FFF738FF20602046D9
S32D0003282003B030BD03482060204603B030BD0248FFF704FB602D00201072060030B58B685D6983B09DB1044639
S32D00032848284624F0F9FF29188D4207D001AA2846FFF718FF2060204603B030BD03482060204603B030BD024837
S32D00032870FFF7E4FA602D00201072060030B58B68DD6983B09DB10446284624F0D9FF29188D4207D001AA2846EB
S32D00032898FFF7F8FE2060204603B030BD03482060204603B030BD0248FFF7C4FA602D00201072060030B58B68C1
S32D000328C05D6A83B09DB10446284624F0B9FF29188D4207D001AA2846FFF7D8FE2060204603B030BD03482060FE
S32D000328E8204603B030BD0248FFF7A4FA602D00201072060030B58B685D6983B09DB10446284624F099FF2918E2
S32D000329108D4207D001AA2846FFF7B8FE2060204603B030BD03482060204603B030BD0248FFF784FA602D002069
S32D000329381072060030B58B68DD6983B09DB10446284624F079FF29188D4207D001AA2846FFF798FE2060204691
S32D0003296003B030BD03482060204603B030BD0248FFF764FA602D00201072060030B58B689D6883B09DB104465A
S32D00032988284624F059FF29188D4207D001AA2846FFF778FE2060204603B030BD03482060204603B030BD024837
S32D000329B0FFF744FA602D0020107206002DE9F04F83B091420C9E0D4607461C4648D000296BD0114628466A4695
S32D000329D8FFF758FEB4428346CDF804B042D0002C5CD06A4631462046FFF74CFEDDF804B081465BF80C3C59F8D7
S32D00032A000C6C0BEB03084E444C4604E0A64230D00BF1010B013422465946384616F01CFC824678B9584624F0B1
S32D00032A280BFF0546204624F007FFAB44D8450444E8D1B6EB040A18BF4FF0FF3A1D4CA9F10C00A04214D1019B2B
S32D00032A50A3F10C00A0421AD1504603B0BDE8F08FDFF85CB0CDF804B0B442BCD1DFF85090C3E74FF0010AE5E725
S32D00032A7859F8043C5A1E002B49F8042CE3DC6946F2F7ACFCDFE753F8042C511E002A43F8041CDDDC6946F2F703
S32D00032AA0A1FCD9E70748FFF7C9F90648FFF7C6F901A8F2F7BFFD14F0DDFE00BF542D0020602D002010720600DC
S32D00032AC82DE9F04F9A424C4D056085B0074614461E468A4607D0002A74D002AA19462046FFF7D0FD054655F88D
S32D00032AF00C3C0395361B7600EB183046019315F02FFD04464FF0000B0EE041463846F2F7D7FD3B6853F80C2C66
S32D00032B1803F802B03A683949A2F10C038B423ED12A4633462146504616F09EFB864202460ED8461C204614F0F6
S32D00032B4095FD304615F00CFD2A46014604463346504616F08DFB024621463846F2F710FE284624F06DFE019B03
S32D00032B680544AB420ED03B6853E9039209F10108904505F10105C4D853F8042C002AC0DC4A46C5E7204614F05D
S32D00032B906DFD039B1B4AA3F10C0090420BD1384605B0BDE8F08F4B4442F80C8C42F804BC83F80DB0B8E753F885
S32D00032BB8042C511E002A43F8041CECDC02A9F2F70DFCE8E70E48FFF735F93846F2F72EFD14F04CFE03A8F2F7A6
S32D00032BE029FDF6E714F0D0FF15F03CFC14F0CCFF204614F03BFDF7E715F004F8EEE700BF602D0020542D00207F
S32D00032C0810720600F0B51E46037F012B83B0144606D007466BB13B68DD690F4B9D4211D1A14217D0621A3046D0
S32D00032C3022F0E2FD204603B0F0BD0191F3F7F2FA3B680199DD69064B9D42EDD0334622463846AC4603B0BDE83B
S32D00032C58F04060470846EAE7B5610200F8B5441894F81D5185B90568DFF828C02D6A65450B46064614460F4643
S32D00032C8008D19C421DBFF0191D4680F81D3125462846F8BDA8470346F3E700BF51610200003A0B4B18BF0122C1
S32D00032CA810B58160C0E900320446EDF721FA00212061204616F080FD204610BD2046EDF7F1F914F0D3FD00BFAC
S32D00032CD0B48506000039084B18BF012110B5C0E900310446EDF7F8F9A060204610BD2046EDF7DCF914F0BEFD40
S32D00032CF82C86060010B504460A48EDF77FFC2368D3E90132824209D953F8200030B1064A0649002314F0A8FC5D
S32D00032D2010B110BDFFF77AF814F06EFE742D002054720600706406002DE9F04F85B004A901E90C00149ADDF805
S32D00032D4838B0034602F16C000193DDE90268FFF7D1FF139B022B824600F0AE80042B0CBF4FF47A7401240F9B85
S32D00032D7000930025A946002E47D0B8F1FF3F6AD00027009BBBF1000F48D0013353D00023BB42139B4AD0994573
S32D00032D984AD016B1B8F1FF3F67D05FFA88F73946574497F81D3153B9DAF800304A4A1B6A934261D12A2965D086
S32D00032DC087F81D110B46303BDAB2092A5ED805EB8505129A03EB450505FB04F3934255DC119A2344934251DD14
S32D00032DE83E4BA3FB0434D6E9023293424FEAD40458D20133B36009F101094FF0FF38002EB7D1A8F1FF37B7FA61
S32D00032E1087F7009B7F09BBF1000FB6D1A3F1FF33B3FA83F35B09BB42139BB4D199452DD1109B1D6033E0DBE956
S32D00032E3802239A42A7D3DBF8003058465B6A9847013006BF4FF0000B012300239CE7D6E902239A4290D33368E1
S32D00032E6030465B6A9847013006BF00260127002787E7D6E90232934224D219780F4693E72A2250469847014628
S32D00032E882A2999D1139B042B11D0159B159A1B6843F004031360019B1846C3E9006805B0BDE8F08F3368304617
S32D00032EB09B6A9847A3E7B9F1020FEAD1643DB7E70A2454E7336830465B6A9847431C02D0C7B2394668E7FF2118
S32D00032ED80F46002664E700BF51610200CDCCCCCC2DE9F0418EB00AAC84E80C00169A06920B4642F20F72042139
S32D00032F00CDE904210CAA029214AA054692E803008DE803001946002303930D930DAB08AE0793304694E80C00BF
S32D00032F28179FFFF705FF96E803000D9B84E80300064613BB0C9B189A002BB4BF6433A3F26C7353610B9BFEB10B
S32D00032F5001333AD04FF00008DDE9140310B3013326D00023434503D13B6843F002033B600A9694E8030085E880
S32D00032F78030028460EB0BDE8F0813B6843F004033B600B9B002EDFD1A3F1FF38DDE91403B8FA88F84FEA581864
S32D00032FA00028DCD1A3F1FF33B3FA83F35B09D9E7D0E902239A42D4D303685B6A9847A0F1FF33B3FA83F35B0964
S32D00032FC8CCE7D6E902239A42C0D3336830465B6A984701300ABF4FF001084FF000080026B6E700BF10B5044603
S32D00032FF00A48EDF707FB2368D3E90132824209D953F8200030B1064A0649002314F030FB10B110BDFEF702FF97
S32D0003301814F0F6FC4C2E0020B8870600706406002DE9F04F044689B008460E46FFF7DAFF0368B44A1B699342CD
S32D00033040054640F00E8183689F68002F00F05881384624F0F5FB39188F4200F0E580384607AAFFF713FB05AB8F
S32D000330680590019350F80C0CE06015F075FA82460146E26801980023F2F7EAF8E368002B40F0C78023742B6803
S32D000330909F4A5B69934240F0EB80AB68D3F81480B8F1000F00F02F81404624F0C9FB08EB0001884500F0BC80DD
S32D000330B8404603AAFFF7E6FA06AB0690009350F80C0CA06115F048FA80460146A26900980023F2F7BDF82B6858
S32D000330E08C4A9B69934240F0D080AB68DF69002F00F00381384624F0A3FB39188F4200F09580384604AAFFF719
S32D00033108C1FA07900DF11C0B50F80C0C206215F023FA07460146226A00235846F2F798F82B687B4A9B68934291
S32D0003313040F0A580AB6893F8240084F824002B68764ADB68934240F09D80AB6893F8250084F825003046FFF72F
S32D00033158D1FD714B1D68037F012B814604F126066BD0002B66D0D9F80030DB691A469C466A4B9A4240F08C80B1
S32D0003318005F1200C29686A68AB68E868F0601035654531607260B36006F11006F2D12B683360614B1D6899F8C9
S32D000331A81C30012B04F14A0609D0002B3ED0D9F80030DB691A469C46584B9A4270D12B686A68A868E968C4F85E
S32D000331D04A307260B060F1602B696A69726133612B8B3383079BC4F808A0012284F86420C4F81480E7614D4C8D
S32D000331F8A3F10C00A0425BD1069BA3F10C00A04261D1059BA3F10C00A04267D109B0BDE8F08F9AF90030002B7E
S32D00033220D4BF0023012331E741481CE740486CE73F4845E74846F2F7F5FFBCE7F2F7F2FF95E705F1200C29685A
S32D000332486A68AB68E868F0601035654531607260B36006F11006F2D19DE705AA01460192104698470598FDE6D9
S32D0003327006AA0092294610469847069823E7284698475AE72846984762E70DF11C0B29465846984707983BE7A9
S32D0003329805F124022946334648466546A8477CE705F11A022946334648466546A84795E753F8042C511E002AC4
S32D000332C043F8041C9CDC04A9F2F78CF898E753F8042C511E002A43F8041C96DC5946F2F781F892E753F8042C9B
S32D000332E8511E002A43F8041C90DC5946F2F776F88CE70E48FEF79EFD0C48FEF79BFD0B48FEF798FD7D2903009F
S32D00033310FD2803003D2903004D240300552403002C0D0020B5610200280D0020542D0020602D0020107206006F
S32D00033338044600270098F2F779F90198F2F776F9204614F01DFCBAF1000F02D0504614F089F9B8F1000F02D05A
S32D00033360404614F083F917B1384614F07FF915F079F800270446B846E3E700270446B846DCE700270446B84624
S32D00033388BA46DAE704464746D7E714F037FC14F06DFAEAE70446CDE7CAE7E6E714F0F0FBE1E7C5E70446584684
S32D000333B0F2F740F9C2E704460027F8E710B504460A48EDF71FF92368D3E90132824209D953F8200030B1064AB8
S32D000333D80649002314F048F910B110BDFEF71AFD14F00EFB442E00208C8706007064060010B504460A48EDF79C
S32D0003340001F92368D3E90132824209D953F8200030B1064A0649002314F02AF910B110BDFEF7FCFC14F0F0FAE3
S32D00033428482E0020808706007064060010B504460A48EDF7E3F82368D3E90132824209D953F8200030B1064A1A
S32D000334500649002314F00CF910B110BDFEF7DEFC14F0D2FA582E0020F8860600706406002DE9F04F04468FB0C1
S32D0003347808468A46FFF7DAFF0368A54A9B689342054640F010818368587C60742B68A14ADB68934240F004811A
S32D000334A0AB68987CA0742B689D491A6A8A4240F0F780AA68D06A1B699A4AE062934240F0E880AB689E68002EA6
S32D000334C800F05D81304624F0B7F931188E4200F0D480304608AAFFF7D5F805900DF1140B50F80C0CE06015F02C
S32D000334F037F881460146E26800235846F1F7ACFEE368002B40F0B68023742B68864A5B69934240F0CE80AB68D1
S32D00033518D3F81480B8F1000F00F02881404624F08BF908EB0001884500F0AB80404609AAFFF7A8F806AB0690C2
S32D00033540019350F80C0CA06115F00AF880460146A26901980023F1F77FFE2B68734A9B69934240F0B480AB6885
S32D00033568DF69002F00F00581384624F065F939188F4200F0848038460AAAFFF783F807AB0790029350F80C0C5E
S32D00033590206214F0E5FF07460146226A02980023F1F75AFE2B68624ADB69934240F08880AB685E6A002E00F0FA
S32D000335B8E380304624F040F931188E4263D030460BAAFFF75FF808AB0890039350F80C0CA06214F0C1FF0646A5
S32D000335E00146A26A03980023F1F736FE2B68514A5B6A934272D1AB681B6B0C930993099B23630D932B684C4ABB
S32D000336089B6A93426AD1AB685B6B0D930B930B9B636350460A93FFF76DFB464B196804F1380301F10B02FFF731
S32D00033630EDFA089B424DC4F80890A3F10C000122A84284F84320C4F81480E76166624DD1079BA3F10C00A842C6
S32D0003365853D1069BA3F10C00A84271D1059BA3F10C00A84277D10FB0BDE8F08F99F90030002BD4BF0023012394
S32D0003368042E730482DE72F487DE72E4856E72D489DE70DF1140B294658469847059823E7284690472B6806E768
S32D000336A828469847FAE69847EFE606AA0192294610469847069840E708AA0392294610469847089882E707AABF
S32D000336D00292294610469847079857E72846984709908CE7284698470B9094E753F8042C511E002A43F8041C89
S32D000336F8AADC0AA9F1F772FEA6E753F8042C511E002A43F8041CA4DC0AA9F1F767FEA0E7DD230300E5230300FF
S32D00033720ED2303003D2703007D270300BD270300FD260300F523030021240300300D0020542D0020602D00203C
S32D0003374853F8042C511E002A43F8041C86DC0AA9F1F744FE82E753F8042C511E002A43F8041C80DC0AA9F1F7D3
S32D0003377039FE7CE73248FEF761FB3148FEF75EFB2F48FEF75BFB2E48FEF758FB044600260298F1F74FFF0198A3
S32D00033798F1F74CFF5846F1F749FF204614F0F0F9B9F1000F02D0484613F05CFFB8F1000F02D0404613F056FFCD
S32D000337C017B1384613F052FFA6B3304613F04EFF30E0002604463746B046DFE7D6E7F8E7002604463746D6E720
S32D000337E8002604463746B046D1E704460398F1F71DFFC9E704460026F8E7EDE7044646464746C7E704463E467A
S32D00033810C1E70446BCE7E3E7DBE7B7E7002604463746B5E7002604463746B046B146B5E714F0AAF914F016FE0A
S32D0003383814F0E4F914F01AF81072060010B504460A48ECF7DBFE2368D3E90132824209D953F8200030B1064A07
S32D000338600649002313F004FF10B110BDFEF7D6FA14F0CAF85C2E0020D8860600706406002DE9F04F04468FB0E0
S32D0003388808468A46FFF7DAFF0368A54A9B689342054640F010818368587C60742B68A14ADB68934240F0048106
S32D000338B0AB68987CA0742B689D491A6A8A4240F0F780AA68D06A1B699A4AE062934240F0E880AB689E68002E92
S32D000338D800F05D81304623F0AFFF31188E4200F0D480304608AAFEF7CDFE05900DF1140B50F80C0CE06014F01F
S32D000339002FFE81460146E26800235846F1F7A4FCE368002B40F0B68023742B68864A5B69934240F0CE80AB68C8
S32D00033928D3F81480B8F1000F00F02881404623F083FF08EB0001884500F0AB80404609AAFEF7A0FE06AB0690B4
S32D00033950019350F80C0CA06114F002FE80460146A26901980023F1F777FC2B68734A9B69934240F0B480AB687E
S32D00033978DF69002F00F00581384623F05DFF39188F4200F0848038460AAAFEF77BFE07AB0790029350F80C0C50
S32D000339A0206214F0DDFD07460146226A02980023F1F752FC2B68624ADB69934240F08880AB685E6A002E00F0FA
S32D000339C8E380304623F038FF31188E4263D030460BAAFEF757FE08AB0890039350F80C0CA06214F0B9FD0646A1
S32D000339F00146A26A03980023F1F72EFC2B68514A5B6A934272D1AB681B6B0C930993099B23630D932B684C4AB1
S32D00033A189B6A93426AD1AB685B6B0D930B930B9B636350460A93FFF765F9464B196804F1380301F10B02FFF727
S32D00033A40E5F8089B424DC4F80890A3F10C000122A84284F84320C4F81480E76166624DD1079BA3F10C00A842BC
S32D00033A6853D1069BA3F10C00A84271D1059BA3F10C00A84277D10FB0BDE8F08F99F90030002BD4BF0023012380
S32D00033A9042E730482DE72F487DE72E4856E72D489DE70DF1140B294658469847059823E7284690472B6806E754
S32D00033AB828469847FAE69847EFE606AA0192294610469847069840E708AA0392294610469847089882E707AAAB
S32D00033AE00292294610469847079857E72846984709908CE7284698470B9094E753F8042C511E002A43F8041C75
S32D00033B08AADC0AA9F1F76AFCA6E753F8042C511E002A43F8041CA4DC0AA9F1F75FFCA0E76D23030075230300DE
S32D00033B307D230300FD2703003D2803007D280300BD28030085230300B1230300300D0020542D0020602D002075
S32D00033B5853F8042C511E002A43F8041C86DC0AA9F1F73CFC82E753F8042C511E002A43F8041C80DC0AA9F1F7C9
S32D00033B8031FC7CE73248FEF759F93148FEF756F92F48FEF753F92E48FEF750F9044600260298F1F747FD0198CB
S32D00033BA8F1F744FD5846F1F741FD204613F0E8FFB9F1000F02D0484613F054FDB8F1000F02D0404613F04EFDE4
S32D00033BD017B1384613F04AFDA6B3304613F046FD30E0002604463746B046DFE7D6E7F8E7002604463746D6E720
S32D00033BF8002604463746B046D1E704460398F1F715FDC9E704460026F8E7EDE7044646464746C7E704463E4670
S32D00033C20C1E70446BCE7E3E7DBE7B7E7002604463746B5E7002604463746B046B146B5E713F0A2FF14F00EFC03
S32D00033C4813F0DCFF13F012FE1072060010B504460A48ECF7D3FC2368D3E90132824209D953F8200030B1064A03
S32D00033C700649002313F0FCFC10B110BDFEF7CEF813F0C2FE402E002018870600706406002DE9F042A6B002A954
S32D00033C982C9E9DF8BC909DF8C0706C360446304681E80C00FFF726F805463046FFF7CEFF2B7F06467BB395F86B
S32D00033CC042308DF8143017BB8DF815908DF816702E9A0092304605AB802206A915F03CFD06A823F0ADFD9DF882
S32D00033CE80C50029F064645B93B6802461B6B06A938469847864218BF012520462760257126B0BDE8F08200238F
S32D00033D108DF815708DF816908DF81730D8E72846F2F780FA2B68054A9B69934201D12523C7E7284625219847DB
S32D00033D380346C2E74D61020010B504460A48ECF75DFC23689A6882420CD95B6853F8200038B1064A064900230C
S32D00033D6013F086FC003818BF012010BD002010BD742D0020547206007064060010B504460A48ECF73FFC236852
S32D00033D889A6882420CD95B6853F8200038B1064A0649002313F068FC003818BF012010BD002010BD442E0020A3
S32D00033DB08C8706007064060010B504460A48ECF721FC23689A6882420CD95B6853F8200038B1064A064900237F
S32D00033DD813F04AFC003818BF012010BD002010BD482E002080870600706406002DE9F047089E92F800C00D467A
S32D00033E00099914468A1B62455DDD4FF0000E5F1EA04672460FE0974288BF0132A1EB0C0114F802C0A1EB060369
S32D00033E2898BF0EF1010E634504EB020803DD4FFA8CF3002BEBDC8E423CD00EF1FF39571E00F1FF3C334613F891
S32D00033E5001AB0CF801AF9942F9D19E1B3044BEF1000F11D0014601F8015B98F800601EB303EB060E13F801CB3A
S32D00033E7800F801CF7345F9D18819B9F10109EDD292B17E1C2644024602F8015B16F8011D61B103EB010E13F890
S32D00033EA001CB00F801CF7345F9D15018A642EED1BDE8F0871046F9E70846E2E733460EF1FF39571ECBE7B14299
S32D00033EC8F2D04FF0FF374FF0000EA046B9467246B6E700BFF0B583B01046089D099E0A46DDE90A741946ADB181
S32D00033EF0CDE9007503463046FFF77CFF2268EF1BD21BA0EB060603D11644266003B0F0BD294621F071FC2268A3
S32D00033F18D21BF5E7009703462068074401973046FFF764FF861B266003B0F0BD30B583B0DDE908048C460090C2
S32D00033F40194613466246D4F800C0079D604401902846FFF74FFF401B206003B030BD00BF2DE9F04F91B00DF10B
S32D00033F682009DDF8688008F16C0B89E80C0007469DF86C3004935846FEF7BCFE8246A148ECF73CFBD8F86C30BC
S32D00033F90DD6855F82060002E00F03E811C9B1D6896F838302A789A4224D0336B0B93F369059355F80C1C336A2B
S32D00033FB803932944A9420ED9DAF818002B4602E099421C4605D01C4601332278825C5207F6D4641B16D199E89C
S32D00033FE00300002387E803003846C8F8083011B0BDE8F08F55F80C1C736B0B930029EED0736A0593B36A0393BD
S32D000340080135D6E70DF1300A7F4B0C9361005046F1F752FBF36AA4EB030BBBF1000F38DD3BEA230B28BFA346DA
S32D00034030F368002B00F01A810C9B002153F80C2C00914FEA4B035046F1F76AFA0C9850F8043C002B80F222819D
S32D0003405805EB0B0CD6E90223B17C0095CDF804C0FFF7C4FE0C9B069053F8042C002A80F20C81069AA2EB030C2C
S32D0003408053F80C3C9C4500F21B81A3EB0C02614600235046F1F7A8F9F36A002B00F39D800C9B53F80C4C039B08
S32D000340A81C44D8F80C309A0503F0B00B44BFB369E4186100544B0D930DA8F1F7FDFABBF1100FD8F8085000F0FC
S32D000340D0C780002306932B1B07930BAC14F8013B042B08D8DFE803F0684C5E55030051460DA8F1F713FB5445CF
S32D000340F8F0D1039B012B5FD80D9A52F80C3C9D4265D9BBF1200F049A76D000920022EB1A11460DA8F1F700FA19
S32D000341200D9A9DF82460089C4EB9236811461B6B2A462046984785420D9A18BF01260E948DF83C600EAC94E881
S32D000341480300324D0890A2F10C03AB428DF8241040F0A5800C9BA3F10C00A8423FF43BAF53F8042C511E002A2D
S32D0003417043F8041C3FF733AF2146F1F733F92EE7069B002B37D0049A07990DA8F1F746FBB1E7039B002BAED04D
S32D00034198059B0DA81978F1F799FBA8E7D8F80C309B05A4D5D6E905120DA8F1F7E5FA9EE7069B002B9BD0E2E709
S32D000341C005995A1E01310DA8F1F7DAFA0D9A52F80C3C9D4299D81D46A3E7717C5046F1F779FBBBF1000F47DBE3
S32D000341E8F26A05EB0B015046F1F7C6FA54E704990DA8F1F76BFB7AE7E91A0DA8F1F70AFB8AE700BF582E002059
S32D00034210602D0020542D002004464420EBF756FC0023C0E90133C0E90533C0E90733C0E90933C0E90B33C3609A
S32D0003423803828374436380F843302E4B036059460646FFF711F93146D8F86C002246ECF75BF955F824609DE6DB
S32D00034260A54294BF00230123069334E75A4629465046F1F795F90FE796F83920CBF100015046F1F7CBFA224698
S32D0003428829465046F1F778FA06E75046F1F726F90C9BEEE65046F1F721F90C98D8E652F8041C481E002942F874
S32D000342B0040C3FF753AF18462146F1F793F84DE70F4910486246FDF7E9FD0DA8F1F7B2F95046F1F7AFF913F086
S32D000342D8CDFAF9E713F054FC336830465B68984714F0BCF813F04CFCFAE713F087FC13F0BDFA00BF1C6506009E
S32D0003430090730600447106002DE9F04F91B00DF12009DDF8688008F16C0B89E80C0007469DF86C3004935846AE
S32D00034328FEF7E8FC8246A148ECF768F9D8F86C30DD6855F82060002E00F03E811C9B1D6896F838302A789A428B
S32D0003435024D0336B0B93F369059355F80C1C336A03932944A9420ED9DAF818002B4602E099421C4605D01C4680
S32D0003437801332278825C5207F6D4641B16D199E80300002387E803003846C8F8083011B0BDE8F08F55F80C1CF6
S32D000343A0736B0B930029EED0736A0593B36A03930135D6E70DF1300A7F4B0C9361005046F1F77EF9F36AA4EB8B
S32D000343C8030BBBF1000F38DD3BEA230B28BFA346F368002B00F01A810C9B002153F80C2C00914FEA4B035046B9
S32D000343F0F1F796F80C9850F8043C002B80F2228105EB0B0CD6E90223B17C0095CDF804C0FFF7F0FC0C9B069065
S32D0003441853F8042C002A80F20C81069AA2EB030C53F80C3C9C4500F21B81A3EB0C02614600235046F0F7D4FFDB
S32D00034440F36A002B00F39D800C9B53F80C4C039B1C44D8F80C309A0503F0B00B44BFB369E4186100544B0D9357
S32D000344680DA8F1F729F9BBF1100FD8F8085000F0C780002306932B1B07930BAC14F8013B042B08D8DFE803F0D6
S32D00034490684C5E55030051460DA8F1F73FF95445F0D1039B012B5FD80D9A52F80C3C9D4265D9BBF1200F049AFB
S32D000344B876D000920022EB1A11460DA8F1F72CF80D9A9DF82460089C4EB9236811461B6B2A462046984785426D
S32D000344E00D9A18BF01260E948DF83C600EAC94E80300324D0890A2F10C03AB428DF8241040F0A5800C9BA3F11B
S32D000345080C00A8423FF43BAF53F8042C511E002A43F8041C3FF733AF2146F0F75FFF2EE7069B002B37D0049AB6
S32D0003453007990DA8F1F772F9B1E7039B002BAED0059B0DA81978F1F7C5F9A8E7D8F80C309B05A4D5D6E90512BD
S32D000345580DA8F1F711F99EE7069B002B9BD0E2E705995A1E01310DA8F1F706F90D9A52F80C3C9D4299D81D4636
S32D00034580A3E7717C5046F1F7A5F9BBF1000F47DBF26A05EB0B015046F1F7F2F854E704990DA8F1F797F97AE774
S32D000345A8E91A0DA8F1F736F98AE700BF5C2E0020602D0020542D002004464420EBF782FA0023C0E90133C0E936
S32D000345D00533C0E90733C0E90933C0E90B33C36003828374436380F843302E4B036059460646FFF745F9314631
S32D000345F8D8F86C002246EBF787FF55F824609DE6A54294BF00230123069334E75A4629465046F0F7C1FF0FE7BB
S32D0003462096F83920CBF100015046F1F7F7F8224629465046F1F7A4F806E75046F0F752FF0C9BEEE65046F0F7B4
S32D000346484DFF0C98D8E652F8041C481E002942F8040C3FF753AF18462146F0F7BFFE4DE70F4910486246FDF72F
S32D0003467015FC0DA8F0F7DEFF5046F0F7DBFF13F0F9F8F9E713F080FA336830465B68984713F0E8FE13F078FAD6
S32D00034698FAE713F0B3FA13F0E9F800BF2C65060090730600447106002DE9F04F8FB004AF07F1100B8BE80C0089
S32D000346C097F85030BB6097F858307B607B6DF960064603F16C0107F12000EBF7EFFC07F12000FEF70BFB90B087
S32D000346E8824604ADEBF7F4FCD7E9183407F12408CDE9023400237862009340224D4B29464046F2F7ADFC3F28C2
S32D00034710044617DD00F1080323F00703ADEB030D013404ADEBF7D8FCD7E91823CDE9022300237862009322460F
S32D00034738404B29464046F2F793FC044607F11C03002221464046F0F73FFED7F824902B193B6059F8043C002BA6
S32D0003476050DA9AF81C30012B09D0002B50D0DAF80030DB691A469C46314B9A424CD12B19AB4204D022462946F7
S32D00034788484621F035F8BB68D3B17B6801937B6D0093CDF808809BE80C00F9683046FFF7DBFB7B6A254AA3F134
S32D000347B00C0090421AD107F12000EBF70BFD30462C37BD46BDE8F08F7B6801937B6D0093CDF808809BE80C003F
S32D000347D8F9683046FFF794FD7B6A184AA3F10C009042E4D053F8042C511E002A43F8041CDDDC07F11C01F0F7C1
S32D00034800F1FDD8E74046F0F76DFED7F82490A8E75046F1F707FDAAE73A684B46294650466446A047B3E702E098
S32D000348284046F0F703FF07F12000EBF7CFFC13F01DF800BFA4730600B5610200542D002030B587B00DF1100C48
S32D000348509DF828508CE80C0004460B9B9DF8302055B10D9D0093CDE901259CE80C00FFF777FB204607B030BDB4
S32D000348780D9D0093CDE901259CE80C00FFF740FD204607B030BD00BF2DE9F0471446C2681E46DDE9083502F040
S32D000348A0B00CBCF1200F8846A3EB050954D0BCF1100F65D00027B9F1000F3FD1EA1B44D1BDE8F087F1F7AEFC08
S32D000348C83B68DFF84CA19B69534574D12D203378834264D03A7F002A40F095803846F1F79DFC3B689B69534520
S32D000348F061D12B203378834255D03A7F002A40F088803846F1F78EFC3B689B69534576D1307830238342CDD196
S32D00034918012DCBDD3B7F002B5DD0737897F895209A424DD097F87500984248D0B9F1000F67D000274A4641463A
S32D00034940204621F06FF8EA1BBAD04C4431462046BDE8F04720F050BF4DB9B9F1000FAFD04A4641466019BDE8FE
S32D00034968F04721F05BB831462A46204620F040FFB9F1000FA0D0EFE76C30FEF7BBF9037F0746002B9AD03078D7
S32D0003499097F84A30834206D097F84830834202D097F84D30B6E704F8010B01360127B9F1000F83D0C2E72B21A3
S32D000349B8384698479AE72D213846984787E73078207073786370023602340227B9F1000F3FF470AFAEE7782111
S32D000349E03846FDF73FFE73788342ECD03A7F002A9CD138465821FDF735FE737898E73021384698470346307814
S32D00034A0884E72A469EE71846C2E71846C4E700BF4D61020030B583B01446089D2A6801921846069A079B00942E
S32D00034A30FFF72EFF2C6003B030BD00BF30B59DF80C40A4B1184D8646A5FB0143DB0803EB830CA1EB4C0C9444FB
S32D00034A580C46092C9CF804100EF8011D1946EFD8A0EB0E0030BD03F04A04402C0ED013F4804F14BF142304239C
S32D00034A8086461A4401F00F030909D35C0EF8013DF8D1E9E7864601F007031344C9081B790EF8013DF7D1DFE765
S32D00034AA8CDCCCCCC2DE9F0419DF82010069F804614461D46E1B10646204629460A2200231DF038FF3A4420464E
S32D00034AD0137906F8013D29460A2200231DF02EFF22462B460A2A73F1000304460D46E7D2A8EB0600BDE8F0817C
S32D00034AF8079B03F04A03402B14D0079B13F4804F14BF142304231F44064604F00F032409FB5C06F8013D44EA10
S32D00034B2005742D0954EA0503F3D1E1E7064604F007033B44E4081B7906F8013D44EA4574ED0854EA0503F2D179
S32D00034B48D2E700BFF8B50F461A48EBF757FD3B68DE68044656F8200000B1F8BD6820EAF7B1FF0023C0E901330A
S32D00034B70C0E90533C0E90733C3600374838480F864300F4B036039460546FEF74DFA386822462946EBF7BCFCCF
S32D00034B9856F82400F8BD12F0F3FF13F05FFC12F0EFFF2B6828465B689847F6E713F026F812F05CFE4C2E0020EC
S32D00034BC0986506002DE9F04F8DB004AF0C46D7F8488007F1100181E80C0097F84C30064608F16C0107F1180048
S32D00034BE8C7E90134FFF7AEFFD8F80C9009F04A0A86B0BAF1400F054600F1260B04AC09D0BAF1080F06D03B6DF5
S32D00034C10002B40F396800123FB6001E00023FB60396DFB6800935A464B4604F11400FFF705FF2B7CF861C0F1A0
S32D00034C38140102460C44002B4DD1FB68002B64D03B6D002B3FDB19F4006F1DD1D8F80850954225DC3D7D00235F
S32D00034C60C8F80830D7F8108055B9D8F80030FA601B6B214640469847FA68824218BF012530462437C6F80080E0
S32D00034C883571BD46BDE8F08F95F82730D8F8085004F8013C01329542FA6104F1FF34D9DDEB1D23F00703ADEBE9
S32D00034CB0030D2A46019407F11C0504ACD7E90110434600940295FFF7A9FEFA69C6E795F8263004F8013C013274
S32D00034CD8FA61013CBAE74200093222F00702ADEB020D95F82530D5E9021207F11C0002940DF112040390CDF869
S32D00034D000080B8680194FFF715F9FB68FA69002B9AD119F4007F9DD03B6D002B9AD0BAF1400F12D0C9F3803966
S32D00034D28D944023299F8023004F8013C95F82A3004F8023CFA61023C88E759420123FB606BE795F82A3004F895
S32D00034D50013C0132FA61013C7CE700BF30B587B00DF1100C8CE80C000A9B9DF82C5000939CE80C0001950C9D3A
S32D00034D7802950446FFF722FF204607B030BD00BF2DE9F04F8DB004AF0C46D7F8488007F1100181E80C0097F80E
S32D00034DA04C30064608F16C0107F11800C7E90134FFF7CCFED8F80C9009F04A0A86B0BAF1400F054600F1260BA9
S32D00034DC804AC36D0BAF1080318BF0123FB60FB68396D00935A464B4604F11400FFF72AFE2B7CF861C0F114013E
S32D00034DF002460C44002B36D1FB68002B4DD0D8F8085095421CDC3D7D0023C8F80830D7F8108055B9D8F80030E4
S32D00034E18FA601B6B214640469847FA68824218BF012530462437C6F800803571BD46BDE8F08F0023FB60CAE78F
S32D00034E40EB1D23F00703ADEB030D2A46019407F11C0504ACD7E90110434600940295FFF7DDFDFA69CFE74200F6
S32D00034E68093222F00702ADEB020D95F82530D5E9021207F11C0002940DF112040390CDF80080B8680194FFF727
S32D00034E9051F8FB68FA69002BB1D119F4007FAED03B6D002BABD0BAF1400F0ED0C9F38039D944023299F802307C
S32D00034EB804F8013C95F82A3004F8023CFA61023C99E795F82A3004F8013C0132FA61013C91E700BF30B587B018
S32D00034EE00DF1100C8CE80C000A9B9DF82C5000939CE80C0001950C9D02950446FFF744FF204607B030BD00BF0C
S32D00034F082DE9F04188B004AC84E80C000E9E9DF83C30CDE90063D6F80C80109B029328F4804323F04A0306AF7D
S32D00034F3043F402730546F360384694E80C00FFF723FF97E8030004908DF8141094E8030085E803002846C6F80E
S32D00034F580C8008B0BDE8F0812DE9F04F8FB004AF07F11804D7F85080B96084E80C0008F16C0197F85430BC6DA1
S32D00034F80D7F85CA07B60064607F12000FC60FFF7DDFDD8F80C9009F04A0B8AB0BBF1400F054604A90AD0BBF15D
S32D00034FA8080F07D0012C7AF10002C0F2A18001237B6101E000237B61FA68534678693961CDE9019005F12600C4
S32D00034FD0009001F12800FFF769FD39692B7C7862C0F1280C04468C44002B4ED17B69002B67D0BAF1000F3FDB24
S32D00034FF819F4006F1CD1D8F80820A24224DC3D7F0023C8F80830D7F818804DB9D8F8003061461B6B22464046E4
S32D000350209847844218BF012530462C37C6F800803571BD46BDE8F08FD8F8082095F827300CF8013C0134A242A3
S32D000350487C620CF1FF3CDADDD31D23F00703ADEB030D04AD07F12404CDF804C00294D7E9011043460095FFF7E0
S32D00035070D5FC7C6AAC46C6E795F826300CF8013C01347C620CF1FF3CB9E74400093424F00704ADEB040D0DF163
S32D00035098120407F1240095F82530D5E90212CDF808C001940390CDF80080B868FEF73EFF7B69A4467C6A002BD6
S32D000350C097D119F4007F9AD0FB6853EA0A0396D0BBF1400F17D0C9F3803905F126034B4402349B780CF8013CBF
S32D000350E895F82A300CF8023C7C62ACF1020C82E762424FF001006AEB4A0378615EE795F82A300CF8013C01347B
S32D000351107C620CF1FF3C72E770B586B00DF1100C8CE80C000A9B9DF82C5000939CE80C000195DDE90C56CDE9BD
S32D0003513802560446FFF710FF204606B070BD00BF2DE9F04F8FB004AF07F11804D7F85080B96084E80C0097F87D
S32D0003516054307B60BB6D7B6108F16C01FB6D3B61064607F12000FFF7E9FCD8F80C9009F04A0B8AB0BBF1400F23
S32D00035188054604A96FD0BBF1080A18BF4FF0010A05F12603009301F12800D7E90432CDE9019AF960FFF77EFC04
S32D000351B0F9682B7C7862C0F1280C04468C44FBB9BAF1000F38D0D8F80820A24252DC3D7F0023C8F80830D7F8C7
S32D000351D818804DB9D8F8003061461B6B224640469847844218BF012530462C37C6F800803571BD46BDE8F08F67
S32D000352004400093424F00704ADEB040D0DF1120407F12400D5E9021295F82530CDF808C001940390CDF8008056
S32D00035228B868FEF783FEA4467C6ABAF1000FC6D119F4007FC3D0D7E904231343BFD0BBF1400F27D0C9F380394C
S32D0003525005F126034B4402349B780CF8013C95F82A300CF8023C7C62ACF1020CABE74FF0000A91E7D31D23F0ED
S32D000352780703ADEB030D04AD07F12404CDF804C00294D7E9011043460095FFF7C3FB7C6AAC4698E795F82A3082
S32D000352A00CF8013C01347C620CF1FF3C8BE700BF70B586B00DF1100C8CE80C000A9B9DF82C5000939CE80C0052
S32D000352C80195DDE90C56CDE902560446FFF738FF204606B070BD00BF2DE9F04F95B004AF07F11804D7F8688052
S32D000352F0796108F16C0584E80C00294697F86C3097F87040FB60824607F12400FFF71EFC2246D8F80440834664
S32D00035318002C07F130014046B8BF062413F0D4FFD8F80C3003F482738CB0B3F5827F04AE00F0D180EAF7CCFE97
S32D00035340D7E91E23F862CDE90223009407F130032D22314607F12C00F1F786FE2C28B8625BDC2846FDF7CAFC24
S32D00035368BC6A017FE21D22F00702ADEB020D0DF11705EA0801293A610346A14625F0070506EB040200F0FA802A
S32D00035390002900F0D0801968D1F81C907E49894540F0D680B24200F0D78022463146284620F022FABC6AA146B1
S32D000353B8002C49D022462E21304620F095F9002800F0C980801B3A699BF8243000F832309BF810302844002B6A
S32D000353E03BD1D8F80820914566DB3C7FBE690023C8F8083044B9336829461B6B4A4630469847484518BF012489
S32D0003540850464437CAF800608AF80440BD46BDE8F08F00F1080323F00703ADEB030D00F10109EAF755FED7E9A3
S32D000354301E2304AECDE90223F862009407F130034A4607F12C003146F1F70EFEB86288E79BF81030002BC4D02A
S32D00035458204663003278073323F00703ADEB030D2D2A04AE05D02B2A03D034464FF0000908E0013CBC6234462C
S32D0003548015F8013B04F8013B4FF00109DBE902129BF82530009007F12800CDE9014503907869FEF71BFDBB6A1F
S32D000354A8D8F80820994491453546C7F8289098DAD31D23F00703ADEB030D07F12804019504ADF96878690095CD
S32D000354D043460294FFF7A2FAD7F8289085E7EAF7FBFDD7E91E34F862CDE900342D2207F13003314607F12C00C3
S32D000354F8F1F7B6FD2C28B8627FF72FAF00F1080323F00703ADEB030D441CEAF7E1FDD7E91E2304AECDE90023BA
S32D00035520F86207F13003224607F12C003146F1F79BFDB86215E7C7E90102F0F773FED7E901321968D1F81C9048
S32D00035548134989453FF42AAF184631462B46C847BC6AA1462CE79BF81030002B3FF43DAF022C7FF776AF7378B6
S32D00035570303B092B3FF635AFB378303B092B3FF630AF6AE7B2423FF417AF22463146284620F032F910E700BFF8
S32D00035598B561020070B588B00DF1180C8CE80C000C9B9DF8345000939CE80C00019500250295DDE90E56CDE9B6
S32D000355C004560446FFF78CFE204608B070BD00BF2DE9F04F95B004AF07F11804D7F86880796108F16C0584E8C4
S32D000355E80C00294697F86C3097F87040FB60824607F12400FFF7A6FA2246D8F804408346002C07F130014046B8
S32D00035610B8BF062413F05CFED8F80C3003F482738CB0B3F5827F04AE00F0D180EAF754FDD7E91E23F862CDE958
S32D000356380223009407F130032D22314607F12C00F1F70EFD2C28B8625BDC2846FDF752FBBC6A017FE21D22F075
S32D000356600702ADEB020D0DF11705EA0801293A610346A14625F0070506EB040200F0FA80002900F0D0801968FC
S32D00035688D1F81C907E49894540F0D680B24200F0D78022463146284620F0AAF8BC6AA146002C49D022462E211E
S32D000356B0304620F01DF8002800F0C980801B3A699BF8243000F832309BF810302844002B3BD1D8F8082091450A
S32D000356D866DB3C7FBE690023C8F8083044B9336829461B6B4A4630469847484518BF012450464437CAF8006035
S32D000357008AF80440BD46BDE8F08F00F1080323F00703ADEB030D00F10109EAF7DDFCD7E91E2304AECDE9022387
S32D00035728F862009407F130034A4607F12C003146F1F796FCB86288E79BF81030002BC4D02046630032780733CA
S32D0003575023F00703ADEB030D2D2A04AE05D02B2A03D034464FF0000908E0013CBC62344615F8013B04F8013B5D
S32D000357784FF00109DBE902129BF82530009007F12800CDE9014503907869FEF7A3FBBB6AD8F808209944914574
S32D000357A03546C7F8289098DAD31D23F00703ADEB030D07F12804019504ADF9687869009543460294FFF72AF945
S32D000357C8D7F8289085E7EAF783FCD7E91E34F862CDE900342D2207F13003314607F12C00F1F73EFC2C28B86262
S32D000357F07FF72FAF00F1080323F00703ADEB030D441CEAF769FCD7E91E2304AECDE90023F86207F13003224654
S32D0003581807F12C003146F1F723FCB86215E7C7E90102F0F7FBFCD7E901321968D1F81C90134989453FF42AAFF7
S32D00035840184631462B46C847BC6AA1462CE79BF81030002B3FF43DAF022C7FF776AF7378303B092B3FF635AF39
S32D00035868B378303B092B3FF630AF6AE7B2423FF417AF2246314628461FF0BAFF10E700BFB561020070B588B0B3
S32D000358900DF1180C8CE80C000C9B9DF8345000939CE80C0001954C250295DDE90E56CDE904560446FFF78CFEC0
S32D000358B8204608B070BD00BF10B504460068636882B070B101332AD00024D1E9000388B1013315D00020201A65
S32D000358E0B0FA80F0400902B010BDA3F1FF34D1E90003B4FA84F464090028EDD1A3F1FF30B0FA80F04009EAE7C1
S32D00035908D0E902239A42E5D3036801915B6A984701300199DED100230B600120DBE7D0E902239A42D0D30368A8
S32D0003593001915B6A984701300199C9D1002323600124C6E710B50446D0E900300BB1421C00D010BDD3E90221A5
S32D000359588A4201D2107810BD1A681846536A9847431C04BF0023236010BD00BF2DE9F04F87B000AF01467C6DEF
S32D00035980B96004F16C0007F1100484E80C00D7F84C80FDF7B3F93B6D9B00073323F007038146ADEB030D07F1BC
S32D000359A840012046FFF788FF88B1BB6DBA6D1B6843F00403136007F1100393E80300BB681C3783E80300184627
S32D000359D0BD46BDE8F08F06462046FFF7B3FF3B6D5FFA80FA002BE4D0A8F1040BC7F84C806D46C8463446D7F88E
S32D000359F8509008E0D8F800309B689847824508D00136B1450CD05BF8043F197851454046F0D145F82460013630
S32D00035A20B14504F10104F2D10023012CD7F84C80FB605FD9D5F800A058F82A0021F000FFAB46814601265BF8FB
S32D00035A48043F58F8230021F0F7FE0136814528BF8146A642F3D33869D0E90212914280F0BD8001318160FB68B4
S32D00035A7001334FF0FF324B45FB607A6199D23869002800F09380D0E902239A4280F0AE800026D7E910030028EB
S32D00035A9800F08280013300F0878000239E4284D000265346B346D7F80CA00DE0DBB2994517BF04F1FF340136A9
S32D00035AC055F8243045F82630B44211D955F8263058F82330386913F80A907B690028E9D05A1CE7D1D0E9022344
S32D00035AE89A4271D21378E2E7012C9FD8012C7FF45CAF386907F094FA2B687B6058F823404FF0FF3520467D61CD
S32D00035B1021F096FEFA68531C8342834680F08B8022446619924606442BE0D0E902239A4280F088804FF000085A
S32D00035B38D7E9100350B301335ED0002398453FF434AF38699AF801907B690AF1010808B1591C5FD0DBB299457A
S32D00035B607FF427AF3869D0E9023293425ED2013383600AF1020A46457D61AAEB040A59D0C24638690028D0D173
S32D00035B88D7E910034FF001080028D4D1A3F1FF33B3FA83F35B09D1E7A3F1FF33B3FA83F35B097BE7012670E7D2
S32D00035BB0D0E902239A42FFF474AF03685B6A984701304FF000037FF46DAF3B64012369E703685B6A9847431C62
S32D00035BD812BFC3B2C7F810B0FF2368E70268926A904740E703685B6A984701307FF44CAF00233B61012648E73F
S32D00035C00D0E902239A429CD303685B6A984701304FF0000396D13B64012393E7D0E9023293421AD21A784A4555
S32D00035C28A1D0C2E603689B6A98479EE753469B457FF4BBAEBB6C7A681A60BCE603685B6A984701307FF472AF10
S32D00035C5000233B614FF001086EE703685B6A9847421C08BF0022034608BF3A6176E700BF2DE9F04F85B000AF71
S32D00035C780146FC6C796004F16C0007F1080484E80C00D7F84480FDF735F8BA6C6B46A3EBC2039D46824607F115
S32D00035CA038012046FFF70CFE6E46002800F0B3800024FB682546A146B8684FF0000B002844D001337AD04FF0F9
S32D00035CC8000AD7E90E03002846D0013365D00023534548D0D7E9020308B15A1C79D05FFA83FE002C45D00023DB
S32D00035CF09C4604E00CF1010C01339C4217D959F82320AA424FEA830009EB8301F2D956F8232058F82220525D60
S32D00035D18724540D0013C9C4256F82420325059F824200A60E7D8A4451DD0B868D0E902239A4255D201328260BA
S32D00035D404FF0FF33FB6001350028BAD1A3F1FF3AD7E90E03BAFA8AFA4FEA5A1A0028B8D1A3F1FF33B3FA83F360
S32D00035D685B095345B6D1012C3FD1D9F80030AB4245D03B6D3A6D1B6843F00403136007F1080393E803007B6864
S32D00035D90143783E803001846BD46BDE8F08F0133ABE7D0E90212914295D303685B6A9847013090D1C7F838B08E
S32D00035DB801238DE7D0E902239A4280D303685B6A984701307FF47BAFC7F808B04FF0010A77E7D0E902239A425F
S32D00035DE067D292F800E080E703689B6A9847B868A6E7022CC1D1D9F80030AB4203D0D9F80430AB42B9D1BA6C69
S32D00035E0833689342A8BF9B1A3A6C1360B7E781462046FFF793FDBB6C5D00C2B253D04C464B46A8F1040BA9469E
S32D00035E30C7F844801D46A046144608E0DAF800309B689847844208D001354D450CD05BF8043F1978A14250466D
S32D00035E58F0D146F8285001354D4508F10108F2D14446D7F84480002C3FF41FAFA500B86807F0D6F8EB1D23F026
S32D00035E800703ADEB030DE9464FF0FF334D44FB60A6F1040BCA465BF8043F58F8230021F0CFFC4AF8040B55452D
S32D00035EA8F5D14FF0FF33012502E703685B6A9847B0F1FF3F86460ABFC7F808B05FFA80FE4FF0FF0E0DE7FB680F
S32D00035ED02C46A946F0E600BF2DE9F0419CB00AACDDF89080259F054608F16C000E4684E80C00FDF7AFFE8368B1
S32D00035EF800220D92DA6A15921A6B16925A6B17929A6C0E92DA6C0F921A6D10925A6D11929A6D1292DA6D13927B
S32D00035F201A6E14929A6B1892DA6B19921A6C5B6C1A921B930DAA07230692CDF8148004930EAB03930CAB0293D8
S32D00035F4822AB93E803008DE80300314608AE304694E80C00FFF788FE96E803000D9B84E803000646EBB9269A76
S32D00035F700C9B93610B9BFEB101333AD04FF00008DDE9220310B3013326D00023434503D13B6843F002033B60BE
S32D00035F980A9694E8030085E8030028461CB0BDE8F0813B6843F004033B600B9B002EDFD1A3F1FF38DDE9220347
S32D00035FC0B8FA88F84FEA58180028DCD1A3F1FF33B3FA83F35B09D9E7D0E902239A42D4D303685B6A9847A0F1F2
S32D00035FE8FF33B3FA83F35B09CCE7D6E902239A42C0D3336830465B6A984701300ABF4FF001084FF00008002665
S32D00036010B6E700BF2DE9F043A7B00AACDDF8C090DDF8C480054609F16C0084E80C000F46FDF710FE8368D3F839
S32D0003603894200E92D3F898200F92D3F89C201092D3F8A0201192D3F8A4201292D3F8A8201392D3F8AC201492C0
S32D00036060D3F8B0201592D3F8B4201692D3F8B8201792D3F8BC201892D3F8C02019925A6E1A929A6E1B92DA6E22
S32D000360881C921A6F1D92D3F874C0CDF878C0D3F878C0CDF87CC0D3F87CC0CDF880C0D3F880C0CDF884C0D3F816
S32D000360B084C0CDF888C00DF1340ED3F888C0CDF88CC00C210EA8D3F88CC0D3F890302593CDE9059ECDE90301BA
S32D000360D80CAA002302920D932EAB93E803008DE8030008AE304694E80C003946CDF890C0FFF7BAFD96E8030045
S32D000361000D9B84E803000646F3B9329A0C9B0B9F136116B37B1C3CD00027DDE92E0328B3013329D00023BB421C
S32D0003612805D1D8F8003043F00203C8F800300A9694E8030085E80300284627B0BDE8F083D8F800300B9F43F07F
S32D000361500403C8F80030002EDCD1DDE92E03A7F1FF37B7FA87F77F090028D9D1A3F1FF33B3FA83F35B09D6E7F4
S32D00036178D0E902239A42D1D303685B6A9847A0F1FF33B3FA83F35B09C9E7D6E902239A42BED3336830465B6A68
S32D000361A0984701300ABF012700270026B5E700BF2DE9F04F9FB00DF1380A8AE80C002A9B099103F16C04834637
S32D000361C82046DDF8B480FDF741FD034620460A93FCF790FD0546404621F02EFB8146DDE90E060024109400289D
S32D000361F038D0013665D00026DDE9280300283AD0013300F0D7800023B342109B3BD0A14539D9002B3AD118F83A
S32D0003621804106B1808EB040793F81D210E464AB92B688E481B6A83423AD129B12E440A4686F81D11252A4DD02E
S32D00036240DDE90E033E7810B15A1C00F0C980DBB29E422DD0109B0F9E43F00403109301340028C6D1DDE92803AC
S32D00036268A6F1FF36B6FA86F676090028C4D1A3F1FF33B3FA83F35B09B342109BC3D1002B00F0A4802B9B2B9A86
S32D000362901B6843F0040313609AE803008BE8030058461FB0BDE8F08F284698470146C0E706F0BAFE0E984FF053
S32D000362B8FF3601340F960028D0D0D0E902239A4295D303685B6A9847013090D100230E9301268DE7661C18F82A
S32D000362E006106B180F4693F81D215AB92B685D481B6A834240F08380002978D02F440A4687F81D110023452A9B
S32D00036308119301D04F2A65D1023418F804106B180E4693F81D215AB92B6850481B6A834240F0978000295FD01F
S32D000363302E440A4686F81D11413A382A58D8DFE812F0BC01CD016200ED0157005700570046016A0157005700B8
S32D000363585700750157005700570057009B01DA00FC01570057005700060262000A02570057005700570057004A
S32D0003638057001401930086028A02AF025700570093005700570057005700D102F802570057005700570057000B
S32D000363A8FD00570057005700F7016200D0E902239A42FFF424AF03685B6A984701304FF000037FF41DAF28936C
S32D000363D0012319E7A1457FF459AF5DE73446ABE7D0E90232934280F0C0821B7830E73446109B0F9E43F004039D
S32D000363F810930E982FE728469847014678E72A9B069310AB0793042042F20F73CDE904300023039311AB0293A1
S32D0003642028AB93E803008DE803000CAE9AE80C0009993046FCF780FC96E80300109B8AE80300002B77D1119BF3
S32D000364482C9A0F9E002BB4BF6433A3F26C735361CFE728469847014664E700BF516102000A9B9B68D3F8942024
S32D000364701292D3F898201392D3F89C201492D3F8A0201592D3F8A4201692D3F8A8201792D3F8AC201892D3F851
S32D00036498B0201992D3F8B4201A92D3F8B8201B92D3F8BC201C92D3F8C0300CAE1D932A9B059310AB06930C2363
S32D000364C0049312AB039311AB029328AB93E803008DE8030009999AE80C003046FFF74AFA96E80300109B8AE829
S32D000364E8030023BB2C9A119B0F9E136181E72A9B069310AB079302273D23CDE904370023039311AB029328AB9D
S32D0003651093E803008DE803000CAE9AE80C0009993046FCF709FC96E80300109B8AE80300002B00F015820F9E0C
S32D000365380E9890E65046FFF701FA0022C1B22846FCF78CFB09287FF44FAF0E9806F068FD0E984FF0FF36013420
S32D000365600F9600287FF4ADAE7CE60A9B9B689A6C1292DA6C13921A6D14925A6D15929A6D1692DA6D17921B6E0D
S32D000365880CAE18932A9B059310AB06930723049312AB039311AB029328AB93E803008DE8030009999AE80C006E
S32D000365B03046FFF7DFF996E80300109B8AE80300002BB8D12C9A119B0F9E936115E72A9B069310AB079302213C
S32D000365D81723CDE904310CAE0023039311AB029328AB93E803008DE8030009999AE80C003046FCF79DFB96E831
S32D000366000300109B8AE80300002B94D12C9A119B0F9E9360F1E62A9B069310AB079302220C23CDE904320CAE21
S32D000366280123DAE72A9B069310AB07934FF0020C3B23CDE9043C0023039311AB029328AB93E803008DE8030035
S32D000366500CAE9AE80C0009993046FCF76DFB96E80300109B8AE80300002B7FF464AF2C9A119B0F9E5360C0E694
S32D00036678964912AE33468A1D2846FCF7C3FA05962C9B04932A9B029310AB039328AB93E803008DE803000CAEED
S32D000366A0304609999AE80C00FFF782FD96E803008AE803000F9E0E98D1E50A9B9B68DA6A12921A6B13925A6B30
S32D000366C814929A6B1592DA6B16921A6C17925B6C0CAE56E70A9B9B685A6E12929A6E1392DA6E14921A6F159296
S32D000366F05A6F16929A6F1792DA6F1892D3F880201992D3F884201A92D3F888201B92D3F88C201C92D3F8903062
S32D000367180CAECBE66E4A12AEA2F1090133462846FCF770FA0596ABE70A9B9B689B680593A6E7684912AE3346A5
S32D0003674001F109022846FCF761FA05969CE70A9B9B681B69EFE75046FFF7F4F8AA69C3B2D35CD9077FF544AEDA
S32D000367682A9B05935C4B039310AB069312AE0E230493029628AB93E803008DE803000CAF099938469AE80C00C0
S32D00036790FFF7F0F897E803008AE8030028A95046FFF78EF800287FF4C6AE109A129B13437FF4C1AE5046FFF7F6
S32D000367B8C5F82B7FC2B2002B00F0DF8095F84A309A420CD05046FFF7B9F82B7FC2B2002B00F0DB8095F84830C6
S32D000367E09A427FF4A8AE10AB07932A9B06930223059300221723CDE90323029628A903C98DE8030009999AE86A
S32D000368080C003846FCF794FA022300220593CDE902622A9B069310A83B230493079097E8030028AB8AE80300EF
S32D0003683093E803008DE80300099938469AE80C00FCF77AFA97E803008AE8030073E60A9B9B689B696FE72A9B15
S32D00036858069310AB079302271F23CDE904370CAE0123039311AB029328AB93E803008DE8030009999AE80C0007
S32D000368803046FCF759FA96E80300109B8AE80300002B7FF450AE2C9A119B0F9ED360ACE55046FFF74FF8AA6925
S32D000368A8C3B2D35C1E074CD50E9806F0B9FB2A9B06934FF0FF330F9301230593039310AB079309230CAE0493F0
S32D000368D0CCE700BFB8730600B5730600C0730600340D00202A9B069310AB07934FF0020E0C23CDE9043E0123DF
S32D000368F8039311AB029328AB93E803008DE803000CAE9AE80C0009993046FCF711FA96E80300109B8AE80300C0
S32D00036920002B7FF408AE119B2C9A0F9E013B136163E55046FFF706F80022C1B22846FCF791F90A287FF454AD2B
S32D0003694803E62A9B069310AB079302201F23CDE904300CAE0A2384E72C9A119B0F9E136047E503685B6A984715
S32D00036970431C02D0C3B20E986AE400200E90FF2366E42D2128460B92FBF76CFE0B9A03461AE72B2128460B9237
S32D00036998FBF764FE0B9A03461EE700BF2DE9F0418AB0DDE9126708AC054606F16C0084E80C008846FDF74AF929
S32D000369C083681B690593149B0296CDE9037310AB93E803008DE8030006AE304694E80C004146FFF7E5FB96E8EE
S32D000369E8030084E8030006460B46C0B1013333D04FF00008DDE91003D8B101331FD00023434503D13B6843F0A6
S32D00036A1002033B60089694E8030085E8030028460AB0BDE8F081DDE91003A1F1FF38B8FA88F84FEA5818002845
S32D00036A38E3D1A3F1FF33B3FA83F35B09E0E7D0E902239A42DBD303685B6A9847A0F1FF33B3FA83F35B09D3E7EA
S32D00036A60D0E902239A42C7D303685B6A984701300ABF4FF001084FF000080026BEE700BF2DE9F0418AB0DDE948
S32D00036A88126708AC054606F16C0084E80C008846FDF7DCF883689B680593149B0296CDE9037310AB93E80300C2
S32D00036AB08DE8030006AE304694E80C004146FFF777FB96E8030084E8030006460B46C0B1013333D04FF0000820
S32D00036AD8DDE91003D8B101331FD00023434503D13B6843F002033B60089694E8030085E8030028460AB0BDE8B9
S32D00036B00F081DDE91003A1F1FF38B8FA88F84FEA58180028E3D1A3F1FF33B3FA83F35B09E0E7D0E902239A42CC
S32D00036B28DBD303685B6A9847A0F1FF33B3FA83F35B09D3E7D0E902239A42C7D303685B6A984701300ABF4FF0DF
S32D00036B5001084FF000080026BEE700BF2DE9F04F8DB0044618991A9D049406A880E80C006C3109A8FDF7EAFF11
S32D00036B7816A9064606A8FEF79FFE8146002800F07F820024337CA2462746A84A05920B92002B40F06E8296F89A
S32D00036BA064300393002B40F0AB80B9F1000F40F0DF834B46CDF80490DFF87C920293A4F13003092B43D82B68BB
S32D00036BC853E903B20BF10107974204D853F8042C002A40F31781394628460DF12C08EEF76BFD2B6853F80C2C00
S32D00036BF09C542A68A2F10C034B4508BF012740F0D5810698D0E90232934263D2013383604FF0FF330793D0E9DB
S32D00036C1802239A4280F08B820024DDE91603002864D0013300F0F0800023A34200F0C380DDE9060410B1611C91
S32D00036C4000F0FC81E4B2A4F13003092BBBD996F82430A34200F0808296F85C30A34204D096F86230A34240F0CF
S32D00036C68AA80019B002B40F0E083002F00F0A380652128460DF12C08EEF728FE069806F0CFF94FF0FF3316A978
S32D00036C9006A80793FEF714FE0190002840F08F8006A8FEF74FFE96F84B30C4B2A34200F0818296F84A30A34258
S32D00036CB840F08A822D2128460DF12C08EEF706FE06980197D0E9023293429BD303689B6A0DF12C089847069813
S32D00036CE04FF0FF3307930124002894D1DDE9160300289AD1A3F1FF33B3FA83F35B0998E7B9F1000F40F03483E8
S32D00036D08337CCDF8049006F14E0BCDF8089023B196F82530A34200F0508196F82430A34200F088800A222146F6
S32D00036D3058461EF0DDFC002800F0DB802B6853E90392A0EB0B0409F1010730349742E4B204D853F8042C002AE6
S32D00036D5840F37781394628460DF12C08EEF7ACFC2B6853F80C2C9C542A683149A2F10C038B4240F00F82039F4F
S32D00036D800AF1010A0698D0E90232934280F08E80013383604FF0FF330793D0E902239A4280F0CE820024DDE978
S32D00036DA81603002800F09080013300F031810023A34240F091800B9C54F80C3C002B00F04881029B002B00F083
S32D00036DD0D8810DF12C08D6E90201424612F01EFB002840F03A811999134B04220A6006AA92E80300049A82E8BA
S32D00036DF80300A4F10C00984240F0928204980DB0BDE8F08F5A46EFE6D0E902239A42FFF40BAF03685B6A0DF121
S32D00036E202C08984701304FF000037FF402AF16930123FEE6602D0020542D0020029B002B40F00581019B002B53
S32D00036E4840F001810B9B53F80C3C2BB10BA85FFA8AF18046EEF73AFD2B6853E9039209F10104944204D853F889
S32D00036E70042C002A40F3F380214628460DF12C08EEF71EFC2B6853F80C2C2E2199542A68AF49A2F10C038B42A0
S32D00036E9840F08E810698039B0293D0E902329342FFF472AF03689B6A0DF12C08984706984FF0FF330793002891
S32D00036EC07FF46BAFDDE91603039C00287FF470AFA3F1FF33B3FA83F35B09A3423FF46FAFDDE9060410B1621C4A
S32D00036EE800F01781E4B2337C11E796F85C30A34204D096F86230A3427FF45DAF019B002B7FF459AF002F3FF4B9
S32D00036F1056AF0B9B53F80C3C1BB1029B002B00F0A2802B6853E9039209F10104944204D853F8042C002A40F37F
S32D00036F389480214628460DF12C08EEF7BDFB2B6853F80C1C65225A542A687F49A2F10C038B4240F03B810698E2
S32D00036F60D0E90232934280F04481013383604FF0FF3316A906A807930DF12C08FEF7A0FC019000287FF41BAFC1
S32D00036F88DDE9060410B1631C00F0CA80E4B296F84B10A14225D096F84A30A34221D0337C0197B4E65B440021B8
S32D00036FB042F80C7C42F8041C4FF000025A7301271FE6029B002B42D1019B002B3FD1BAF1000F00F0F9810BA8D0
S32D00036FD85FFA8AF18046EEF779FC002302939A46CCE6337C23B196F82520A24200F0958196F82420A24200F064
S32D00037000D780A1420CBF2B212D2128460DF12C08EEF760FC0197B5E6D0E902239A42FFF4CAAE03685B6A0DF159
S32D000370282C08984701304FF000037FF4C1AE1693039BBDE6D0E90232934280F089811C78B9E54A468FE60B9CCB
S32D0003705054F80C3C002B7FF4BCAE3D4BC7E64A4613E7494672E70BA85FFA8AF18046EEF731FC56E7374B059316
S32D000370780B930DF12C0820214046EEF71DFB8AE506A8FEF75BFC96F84B10C4B2A14200F0B28096F84A30A34299
S32D000370A000F0AD80337C0027BA464FF030081BB196F82520A242DDD096F82420A2423FF468AD96F84E20A24247
S32D000370C87FF463AD002F00F0C4800698D0E9023293420AF1010A80F0E88001334FF0FF3283600792D0E9022375
S32D000370F09A4280F00C810027DDE91603002800F0E880013300F0EB800023BB4240F09C804FF00109337C4F4688
S32D000371183BE5D0E90232934280F045811C78E2E6D0E90232934280F063811C782FE703685B6A0DF12C089847D1
S32D0003714001307FF46DAD00230693012469E500BF542D0020602D0020029B002B7FF47CAD019B002B00F0158173
S32D0003716896F85C30A3423FF46EAF019A96F86230A34208BF012201921DE6019B002B7FF424AE5FFA8AF10DF1A9
S32D000371902C084046EEF79EFB0B9C1CE64B44002142F80C7C42F8041C4FF000025A73E6E50197B0E52B2182E568
S32D000371B84B44002142F80C4C42F8041C4FF000025A73039B0293D9E50197F4E44B44002142F80C4C42F8041CFF
S32D000371E04FF000025A730698D0E902329342FFF4BCAE03689B6A0DF12C089847B7E6337C23B196F82520A2425B
S32D000372083FF44DAF96F82420A2423FF448AFA1420CBF2B212D212846EEF758FB069805F0FFFE4FF0FF3316A998
S32D0003723006A80793FEF744FB002800F0B3800027337C8146BA46A4E4DDE9060408B1671C57D0E4B2337C0127A1
S32D0003725829E72B6853E9037207F1010B934503D853F8042C002A46DD59462846EEF724FA2B6853F80C2C03F811
S32D0003728002802A686F49A2F10C038B423FF421AF3B44002142F80CBC42F8041C4FF000025A730698D0E902320A
S32D000372A893420AF1010AFFF418AF03689B6A984706984FF0FF330793012700287FF412AFDDE9160300287FF42A
S32D000372D018AFA3F1FF33B3FA83F35B0915E7D0E902239A42FFF410AF03685B6A984701304FF000037FF409AF64
S32D000372F81693012305E73A46BDE7D0E90232934239D21C78A2E703685B6A984701307FF4EEAE0023069301276B
S32D00037320EAE601931F46F6E454F8043C5A1E002B44F8042C3FF766AD0AA9EEF753F861E503685B6A0DF12C082A
S32D00037348984701307FF42AAD0023039C069326E503685B6A0DF12C089847421C09BF0023C4B20693FF2426E48E
S32D000373700B9C54F80C3C002B7FF407AF6DE603685B6A9847441C09BF0023C4B20693FF2460E72E2128460DF17C
S32D000373982C08EEF79BFA012302932EE406A8FEF7CDFAC4B27AE603685B6A0DF12C089847431C04467FF496AD6B
S32D000373C000230693FF2492E52A681E4B52F8041C00291EDDA2F10C0098421CBF01F1FF3142F8041C059A2A60C4
S32D000373E80B9C54F80C2C002A3FF4FDAC0021CAE603685B6A0DF12C089847411C04467FF4C5AD00230693FF24C6
S32D00037410C1E5A2F10C019942E6D082F800A00B9C42F80CAC42F804AC54F80C2C002AE1D1DDE401230193C2E458
S32D000374384046EEF7FBF810F019FA00BF542D00202DE9F0438DB008AC0DF1280984E80C000546434B0A9388462D
S32D0003746048462021DDE91676EEF72AF9CDE90369029714AB93E803008DE8030006AF94E80C0041463846FFF72A
S32D0003748869FB97E803000A9F84E803008046E8F71FFE0B90189938460BAB324611F0D0FB099FB8F1000F1ED001
S32D000374B07B1C2BD00027DDE9140308B3013335D000239F4203D1336843F002033360CDF8208094E803000A9B5A
S32D000374D8244A85E80300A3F10C0090422FD128460DB0BDE8F083DDE91403A7F1FF37B7FA87F77F090028DDD1B8
S32D00037500A3F1FF33B3FA83F35B09DAE7D8E902239A42CFD3D8F8003040465B6A9847013006BF4FF00008012759
S32D000375280027C4E7D0E902239A42C5D303685B6A9847A0F1FF33B3FA83F35B09BDE753F8042C511E002A43F8C2
S32D00037550041CC8DC0BA9EDF745FFC4E74846EEF769F810F087F900BF602D0020542D00202DE9F0438DB008AC24
S32D000375780DF1280984E80C000546434B0A93884648462021DDE91676EEF796F8CDE90369029714AB93E803006B
S32D000375A08DE8030006AF94E80C0041463846FFF7D5FA97E803000A9F84E803008046E8F78BFD0B9018993846AA
S32D000375C80BAB324611F090FB099FB8F1000F1ED07B1C2BD00027DDE9140308B3013335D000239F4203D133688D
S32D000375F043F002033360CDF8208094E803000A9B244A85E80300A3F10C0090422FD128460DB0BDE8F083DDE9BD
S32D000376181403A7F1FF37B7FA87F77F090028DDD1A3F1FF33B3FA83F35B09DAE7D8E902239A42CFD3D8F800305D
S32D0003764040465B6A9847013006BF4FF0000801270027C4E7D0E902239A42C5D303685B6A9847A0F1FF33B3FAE7
S32D0003766883F35B09BDE753F8042C511E002A43F8041CC8DC0BA9EDF7B1FEC4E74846EDF7D5FF10F0F3F800BF7E
S32D00037690602D0020542D00202DE9F0438DB008AC0DF1280984E80C000546434B0A93884648462021DDE9167635
S32D000376B8EEF702F8CDE90369029714AB93E803008DE8030006AF94E80C0041463846FFF741FA97E803000A9FB4
S32D000376E084E803008046E8F7F7FC0B90189938460BAB324611F05EFB099FB8F1000F1ED07B1C2BD00027DDE953
S32D00037708140308B3013335D000239F4203D1336843F002033360CDF8208094E803000A9B244A85E80300A3F10C
S32D000377300C0090422FD128460DB0BDE8F083DDE91403A7F1FF37B7FA87F77F090028DDD1A3F1FF33B3FA83F3E6
S32D000377585B09DAE7D8E902239A42CFD3D8F8003040465B6A9847013006BF4FF0000801270027C4E7D0E9022338
S32D000377809A42C5D303685B6A9847A0F1FF33B3FA83F35B09BDE753F8042C511E002A43F8041CC8DC0BA9EDF7BC
S32D000377A81DFEC4E74846EDF741FF10F05FF800BF602D0020542D00202DE9F04F8FB00DF1200B1A9C049004F1D8
S32D000377D06C010BA88BE80C00FDF7B8F9E36803F04A0ABAF1400F054600F09582BAF1080F42D04FF00A0918A97F
S32D000377F85846FEF761F8002840F001825846FEF79DF895F84A30C4B2A3420CBF01230023069303D095F84B3089
S32D00037820A34237D12B7C1BB195F82520A24232D095F82420A2422ED0089805F0F5FB4FF0FF3318A9584609937B
S32D00037848FEF73AF88046E8B10027B9F1100F2B7C3E466BD11622059201929F4A0D92002B6CD00DAB202118468A
S32D000378700293EDF725FF65E018A95846FEF720F8002840F06D824FF01009BBE75846FEF759F8C4B22B7C002730
S32D000378983E46B846574623B195F82520A24200F0AA8195F82420A24200F0A58195F84E20A24200F00581002EAD
S32D000378C000F09D8195F84C20A24204D095F84D20A24240F04082002F00F0C780B9F1100F40F06C824FF0000874
S32D000378E846460898D0E902239A4280F0C48001324FF0FF3382600993D0E902239A4280F038824FF0000ADDE9C0
S32D000379101803002800F0C480013300F02B810023534540F0C5802B7C47464FF00108B9F1100F93D0CDF81490BE
S32D00037938CDF80490684A0D92002B92D1069B95F864A0CDF81C90002B14BF4FF000436FF000430393B3FBF9F3F1
S32D000379600093BAF1000F40F06781B8F1000F40F06582019B3033DBB20593D046019B0A2B00F3B2802F2C40F205
S32D000379883881059BA34240F23481303C009B434580F0B0800898D0E9023293424FF0010A80F0B980013383600E
S32D000379B04FF0FF330993D0E902239A4280F00B820024DDE91803002800F0BB80013300F0FC800023A34240F0B2
S32D000379D8BC8001240D9B53F80C2C42BB0FB9002E3DD0BAF1000F00F09581069A002A14BF4FF000426FF0004273
S32D00037A001C990A601B9904220A602CB11B9A1B99126842F002020A609BE80300314C049DA3F10C02A24285E8FB
S32D00037A28030040F0BA8104980FB0BDE8F08F0023F9B201930DAB184699460293EDF746FFD5E902014A4611F0D9
S32D00037A50E5FC002800F069810D9B002F00F06C81019A002AC1D00022CAE70898D0E902239A42B8463E464FF02A
S32D00037A781009FFF43CAF03689B6A984708984FF0FF3309934FF0010A00287FF435AFDDE9180300287FF43CAFBA
S32D00037AA0A3F1FF33B3FA83F35B0953453FF43BAFDDE9080410B1631C00F02481E4B2002E00F085812B7CEAE6DB
S32D00037AC8002E4AD0B9F10A0F7FF4F8AE002F49D1B8464FF0080904E7602D0020542D0020A4F13000C3B2092B2B
S32D00037AF060D8009B43450446FFF450AF039B089808FB09F81B1B434538BF4AF0010AD0E90232934207F10107D0
S32D00037B18A044FFF447AF03680DAA9B6A0292984708984FF0FF330993012400287FF43FAFDDE9180300287FF4FE
S32D00037B4045AFA3F1FF33B3FA83F35B09A3423FF444AFDDE9080410B1621C00F00781E4B20CE76FB3B9F1080FD3
S32D00037B6800F0D28008F101080126BAE6D0E902239A42FFF4D0AE03685B6A984701304FF000037FF4C9AE18939F
S32D00037B900123C5E603680DAA5B6A02929847431C0446DCD100230893019B0A2B4FF0FF047FF7EBAEA4F161036C
S32D00037BB8052B18D8573CE9E6B84601264FF008098FE6D0E902239A42FFF4FFAE03680DAA5B6A0292984701304B
S32D00037BE04FF000037FF4F6AE18930123F2E6A4F14103052B01D8373CCCE60024EEE647464FF0000893E62E7C7E
S32D00037C08CDF814904A468F4B0D93002E40F0BC8095F8648007926FF00043B3FBF2F20092B8F1000F00F0DF8067
S32D00037C300393069634463746B8F1000F40F0E6802B7C0193C24605F14E091BB195F82530A3423FD095F8243099
S32D00037C58A342CED0059A214648461DF045FD0028C7D0A0EB0904009B0F2CC8BF063C434541D3079B08FB03F863
S32D00037C80039B1B1B434538BF4AF0010A0137A0440898D0E9023293422BD2013383604FF0FF33099318A90DAB23
S32D00037CA858460293FDF708FE044600287FF492AE0DAB58460293FDF741FE2B7C0193C4B2002BC3D095F82530EA
S32D00037CD0A342BFD1002F00F09E800DA8F9B20290EDF7F8FD0898D0E9023293424FF00007D3D303680DAA9B6A91
S32D00037CF802929847CFE74FF0010AC5E7D0E90232934275D21C78D6E6B0460126E9E54FF008096CE5069AC2B144
S32D00037D20C8F100021C990A606FE61B9A042313600D9B002F7FF494AE002E7FF491AE53F80C2C002A3FF48FAE2B
S32D00037D48019A002A7FF48BAE4BE64246E6E7474601264FF00008E6E516232E7C05931022994650E7D0E902329D
S32D00037D709342BFF40FAF1C7800E603685B6A984701307FF4C2AD002308934FF0010ABEE50024B046CDF80490E2
S32D00037D98264691462746069463E553F8041C481E002943F8040C3FF73EAE0CA91046EDF715FB38E64746CDF852
S32D00037DC01490CDF804904FF000080126B6E547462B7CB046ABE503680DAA5B6A0292984701307FF4EDAD002317
S32D00037DE808930124E9E50696B246B0463746F0E503685B6A9847411C09BF0023C4B20893FF2458E644464FF06E
S32D00037E100008C246E2E50D9B53F80C2C32B91C9A3EB11B99176004220A60F5E53C46394604E61B9916600422DF
S32D00037E380A60EDE54446D046CCE50298EDF7F6FB0FF014FD602D002010B588B00DF1180C8CE80C000C9A029287
S32D00037E600AAA04460B4692E803008DE803000D9A0E98039219469CE80C0004902046FFF79FFC204608B010BD66
S32D00037E882DE9F04F8FB00DF1280989E80C001A9A0B46D168C907824620D402921B9A039218AA92E803008DE82D
S32D00037EB0030019460DAB08AC04934FF0FF3599E80C0020460D95FFF77BFC94E803000D9B012B89E8030000F20E
S32D00037ED8AF801C9A03F0010313704FE002F16C010DA8FCF72FFE046A83698046002C40F0FA80002B00F02781FD
S32D00037F0001260A980B9B012700253946002872D0013300F0CE804FF0000BDDE91803002873D0013300F0B3804C
S32D00037F2800235B4574D0DDE90A0310B15A1C00F0CE80DBB256BBD8F81C20525D9A4227D1002C00F0F780002FEA
S32D00037F5040F08580002E40F015810A98D0E90232934205F1010528D2013383604FF0FF330B9354BB002F74D1D4
S32D00037F781C99002204230A701B9A136099E803008AE8030050460FB0BDE8F08F0029D7D1002C40F0BA80D8F88F
S32D00037FA01420525D9A42E7D10A98D0E9023293424FF0010705F10105D6D303689B6A98474FF0FF330B93002C5F
S32D00037FC8D4D0D8F82060002F52D0D8F81830AB4240F28380AE428CBF002601263C4600220A9821464FF0FF3363
S32D00037FF0144600288CD1A3F1FF3BDDE91803BBFA8BFB4FEA5B1B00288BD1A3F1FF33B3FA83F35B095B458AD11C
S32D0003801821B1D8F82030AB4200F0B38027B1D8F81830AB4200F0C3801C9A00231370AFE01C9901220A701B9A33
S32D000380400423136018A94846FDF73AFC002899D01B9B1B9A1B6843F00203136092E73C467BE7D8F818309D427E
S32D0003806803D385D1002D83D058E022463E46B7E7AE42FAD8AE427FF47BAF002E6CD01C9A0023137078E7D0E94C
S32D0003809002239A42FFF448AF036807915B6A9847013007994FF000037FF43FAF189301233BE7D0E902239A420E
S32D000380B8FFF42DAF036807915B6A9847013007997FF425AF00230A934FF0010B21E7D0E902239A420CD21378D3
S32D000380E02CE7AE4242D93A463C4600267CE7B3FA83F46409002604E7036807915B6A9847431C04BF00230A939B
S32D00038108079914BFC3B2FF2314E7002F3FF430AFD8F81830AB427FF42BAF2DB11C9A01231370002328E773B11D
S32D000381301C9A15701B9A0423136023E7D8F81420525D9A4209D0EEB92746012405E71C990B701B9B04221A6077
S32D0003815814E701273C46FCE61C9A16701B9A042313600BE7D6D1002DDDD01C990022AB420A70D6D11B9A0423B0
S32D000381801360FFE6D8F8206078E74DB9002F1C9A14BF2B463B4613701B9A06231360F1E61C9A002313700FB948
S32D000381A80223E9E6D8F81830AB42F9D1E2E71DB11C9A01231370F3E71C9B1D70E8E700BF2DE9F04F8FB008A9FE
S32D000381D01A9C039081E80C000BA804F16C01FCF7B5FCE36803F04A09B9F1400F054600F09C82B9F1080F43D050
S32D000381F818A908A8FDF760FB4FF00A088246002840F0998208A8FDF799FB95F84A30C4B2A3420CBF012300235E
S32D00038220079303D095F84B30A34238D12B7C1BB195F82520A24233D095F82420A2422FD0089804F0F1FE4FF028
S32D00038248FF3318A908A80993FDF736FB8246F0B10027B8F1100F2B7C3E466DD11622049202929C4A0D92002BCE
S32D000382706ED00DAB202118460593EDF721FA67E018A908A8FDF71CFB8246002840F094824FF01008BAE708A810
S32D00038298FDF754FBC4B22B7C00274A463E46B946174623B195F82520A24200F0AA8195F82420A24200F0A5814E
S32D000382C095F84E20A24200F0FC80002E00F09D8195F84C20A24204D095F84D20A24240F06682002F00F0BE8002
S32D000382E8B8F1100F40F08F824FF000094E460898D0E90232934280F0BB80013383604FF0FF330993D0E9022371
S32D000383109A4280F064824FF0000ADDE91803002800F0BB80013300F02A8100239A4540F0BC802B7C4F464FF0D5
S32D00038338010AB8F1100F91D0CDF81080CDF80880644A0D92002B90D195F864904FF6FF73B3FBF8F30193B9F156
S32D00038360000F40F05681BAF1000F40F07F82029B03F13009D3465FFA89F9029B0A2B00F3B1802F2C40F23E81EB
S32D00038388A14540F23B81303C019B534580F0B0800898D0E9023293424FF0010B80F0C080013383604FF0FF33CB
S32D000383B00993D0E902239A4280F036820024DDE91803002800F0C280013300F0038100239C4240F0C3804FF064
S32D000383D801090D9B53F80C2C32BB0FB9002E3BD0BBF1000F00F0C1814FF6FF721C990A801B9904220A60B9F181
S32D00038400000F05D01B9A1B99126842F002020A6008AA92E80300324C039DA3F10C02A24285E8030040F0E6810A
S32D0003842803980FB0BDE8F08F0023F9B202930DAB18461C460593EDF749FAD5E90201224610F0E8FF002800F0E3
S32D000384509A810D9B002F00F09D81029A002AC3D00022C7E70898D0E902329342B9463E464FF01008FFF445AFAF
S32D0003847803689B6A984708984FF0FF3309934FF0010A00287FF43EAFDDE9180300287FF445AFA3F1FF33B3FA22
S32D000384A083F35B099A453FF444AFDDE9080410B1631C00F03081E4B2002E00F0B1812B7CF3E6002E52D0B8F1BA
S32D000384C80A0F7FF401AF002F51D1B9464FF008080DE700BF602D0020542D0020A4F13003DAB2092A67D81C467F
S32D000384F0019B5345FFF450AF18FB0AF3C4F57F429BB2FF3208989342D4BF59464BF0010123441FFA83FAD0E993
S32D000385180232934207F101075FFA81FBFFF440AF03680DAA9B6A0592984708984FF0FF330993012400287FF468
S32D0003854038AFDDE9180300287FF43EAFA3F1FF33B3FA83F35B099C423FF43DAFDDE9080410B1621C00F03481BA
S32D00038568E4B206E76FB3B8F1080F00F0D78009F101090126BBE6D0E902239A42FFF4D1AE03685B6A98470130FE
S32D000385904FF000037FF4CAAE18930123C6E603680DAA5B6A05929847431C0446DCD100230893029B0A2B4FF090
S32D000385B8FF047FF7E5AEA4F16103052B18D8573CE2E6B94601264FF0080890E6D0E902239A42FFF4F8AE036869
S32D000385E00DAA5B6A0592984701304FF000037FF4EFAE18930123EBE6A4F14103052B01D8373CC5E64FF000090D
S32D00038608E7E64F464FF0000A93E6BAF1000F40F02D8105F14E0306932B7C0293D3461BB195F82530A3424BD0A2
S32D0003863095F82430A342E5D02146069C049A20461DF056F80028DDD0001B019B0F28C8BF063853455DD318FBD3
S32D000386580AF3C0F57F419BB2FF318B42D4BF5A464BF00102184401375FFA82FB1FFA80FA0898D0E90232934265
S32D0003868031D2013383604FF0FF330993D0E902239A4280F0DF800024DDE91803002832D0013356D000239C428F
S32D000386A83FF497AE0DAB08A80593FDF747F92B7C0293C4B2002BB7D095F82530A342B3D1002F00F0D8800DA81A
S32D000386D0F9B20590EDF7FEF80898D0E9023293424FF00007CDD303680DAA9B6A0592984708984FF0FF330993CD
S32D000386F84C460028C6D1DDE918030028CCD1A3F1FF33B3FA83F35B09C9E7CB46B0E7D0E90232934280F0908073
S32D000387201C78C9E6B1460126E5E518A908A8FDF7C7F84FF00808824600283FF467AD00242B7CCDF81080CDF86E
S32D000387480880274626460794FAE5D0E902239A42A4D303680DAA5B6A0592984701304FF000039CD118934B467B
S32D0003877099E7079A1AB1CAF100021FFA82FA1C9AA2F800A03BE61B9A042313600D9B002F7FF463AE002E7FF43E
S32D0003879860AE53F80C2C002A3FF45EAE029A002A7FF45AAE1CE64F464FF0000A0126C0E5162300241A46049375
S32D000387C027462B7C079426464FF010080292BBE5D0E902329342BFF4E2AE1C78CDE503685B6A984701307FF4E4
S32D000387E896AD002308934FF0010A92E553F8041C481E002943F8040C3FF712AE0CA91046ECF7ECFD0CE64F4605
S32D00038810CDF81080CDF808804FF0000A012693E52B7C4F46B24688E503680DAA5B6A0592984701307FF4C2AD9C
S32D00038838002308930124BEE503685B6A9847411C09BF0023C4B20893FF2431E603680DAA5B6A05929847013059
S32D000388607FF419AF002308934C4615E7CB46D146DA46B2E5D1464FF0000AD346ADE50D9B53F80C2C32B91C9AAA
S32D000388883EB11B99178004220A60BDE5B9463946CDE51B99168004220A60B5E50598ECF7C5FE0EF0E3FF00BFCD
S32D000388B010B588B00DF1180C8CE80C000C9A02920AAA04460B4692E803008DE803000D9A0E98039219469CE8B5
S32D000388D80C0004902046FFF773FC204608B010BD2DE9F04F8FB008A91A9C039081E80C000BA804F16C01FCF70E
S32D0003890025F9E36803F04A09B9F1400F054600F09482B9F1080F43D018A908A8FCF7D0FF4FF00A088246002805
S32D0003892840F0918208A8FDF709F895F84A30C4B2A3420CBF01230023079303D095F84B30A34238D12B7C1BB1EC
S32D0003895095F82520A24233D095F82420A2422FD0089804F061FB4FF0FF3318A908A80993FCF7A6FF8246F0B11A
S32D000389780027B8F1100F2B7C3E466DD11622049202929C4A0D92002B6ED00DAB202118460593ECF791FE67E07E
S32D000389A018A908A8FCF78CFF8246002840F08A824FF01008BAE708A8FCF7C4FFC4B22B7C00274A463E46B946D6
S32D000389C8174623B195F82520A24200F0A68195F82420A24200F0A18195F84E20A24200F0FC80002E00F0998136
S32D000389F095F84C20A24204D095F84D20A24240F05C82002F00F0BE80B8F1100F40F085824FF000094E460898E1
S32D00038A18D0E90232934280F0BB80013383604FF0FF330993D0E902239A4280F05A824FF0000ADDE91803002844
S32D00038A4000F0BB80013300F0268100239A4540F0BC802B7C4F464FF0010AB8F1100F91D0CDF81080CDF8088050
S32D00038A68644A0D92002B90D195F864904FF0FF33B3FBF8F30193B9F1000F40F05281BAF1000F40F07582029BAB
S32D00038A9003F13009D3465FFA89F9029B0A2B00F3B1802F2C40F23A81A14540F23781303C019B534580F0B08046
S32D00038AB80898D0E9023293424FF0010B80F0BC80013383604FF0FF330993D0E902239A4280F02C820024DDE94E
S32D00038AE01803002800F0BE80013300F0FF8000239C4240F0BF804FF001090D9B53F80C2C32BB0FB9002E3BD07F
S32D00038B08BBF1000F00F0B9814FF0FF321C990A601B9904220A60B9F1000F05D01B9A1B99126842F002020A6073
S32D00038B3008AA92E80300324C039DA3F10C02A24285E8030040F0DC8103980FB0BDE8F08F0023F9B202930DABAB
S32D00038B5818461C460593ECF7B9FED5E90201224610F058FC002800F090810D9B002F00F09381029A002AC3D020
S32D00038B800022C7E70898D0E902329342B9463E464FF01008FFF445AF03689B6A984708984FF0FF3309934FF096
S32D00038BA8010A00287FF43EAFDDE9180300287FF445AFA3F1FF33B3FA83F35B099A453FF444AFDDE9080410B1B4
S32D00038BD0631C00F02881E4B2002E00F0A7812B7CF3E6002E4ED0B8F10A0F7FF401AF002F4DD1B9464FF0080834
S32D00038BF80DE700BF602D0020542D0020A4F13000C3B2092B63D8019B53450446FFF450AF0AFB08F30898E1436E
S32D00038C2099422CBF5A464BF0010204EB030A5FFA82FBD0E90232934207F10107FFF444AF03680DAA9B6A059247
S32D00038C48984708984FF0FF330993012400287FF43CAFDDE9180300287FF442AFA3F1FF33B3FA83F35B099C422C
S32D00038C703FF441AFDDE9080410B1621C00F02E81E4B20AE76FB3B8F1080F00F0D38009F101090126BFE6D0E9CB
S32D00038C9802239A42FFF4D5AE03685B6A984701304FF000037FF4CEAE18930123CAE603680DAA5B6A05929847E7
S32D00038CC0431C0446DCD100230893029B0A2B4FF0FF047FF7E9AEA4F16103052B18D8573CE6E6B94601264FF071
S32D00038CE8080894E6D0E902239A42FFF4FCAE03680DAA5B6A0592984701304FF000037FF4F3AE18930123EFE6F2
S32D00038D10A4F14103052B01D8373CC9E64FF00009EBE64F464FF0000A97E6BAF1000F40F0278105F14E03069348
S32D00038D382B7C0293D3461BB195F82530A34247D095F82430A342E5D02146069C049A20461CF0CAFC0028DDD0DC
S32D00038D60001B019B0F28C8BF0638534559D30AFB08F3C14399422CBF5A464BF00102013700EB030A5FFA82FBBD
S32D00038D880898D0E90232934231D2013383604FF0FF330993D0E902239A4280F0DD800024DDE91803002832D07B
S32D00038DB0013356D000239C423FF49FAE0DAB08A80593FCF7BFFD2B7C0293C4B2002BBBD095F82530A342B7D151
S32D00038DD8002F00F0D6800DA8F9B20590ECF776FD0898D0E9023293424FF00007CDD303680DAA9B6A05929847C5
S32D00038E0008984FF0FF3309934C460028C6D1DDE918030028CCD1A3F1FF33B3FA83F35B09C9E7CB46B0E7D0E93F
S32D00038E280232934280F08E801C78D1E6B1460126EDE518A908A8FCF73FFD4FF00808824600283FF46FAD002405
S32D00038E502B7CCDF81080CDF8088027462646079402E6D0E902239A42A4D303680DAA5B6A0592984701304FF04E
S32D00038E7800039CD118934B4699E7079A0AB1CAF1000A1C9AC2F800A045E61B9A042313600D9B002F7FF46DAE8D
S32D00038EA0002E7FF46AAE53F80C2C002A3FF468AE029A002A7FF464AE26E64F464FF0000A0126CAE5162300248A
S32D00038EC81A46049327462B7C079426464FF010080292C5E5D0E902329342BFF4E8AE1C78D7E503685B6A984768
S32D00038EF001307FF4A0AD002308934FF0010A9CE553F8041C481E002943F8040C3FF71CAE0CA91046ECF766FA44
S32D00038F1816E64F46CDF81080CDF808804FF0000A01269DE52B7C4F46B24692E503680DAA5B6A059298470130CA
S32D00038F407FF4CCAD002308930124C8E503685B6A9847411C09BF0023C4B20893FF243BE603680DAA5B6A05925A
S32D00038F68984701307FF41BAF002308934C4617E7CB46D146DA46BCE5D1464FF0000AD346B7E50D9B53F80C2C14
S32D00038F9032B91C9A3EB11B99176004220A60C7E5B9463946D7E51B99166004220A60BFE50598ECF73FFB0EF069
S32D00038FB85DFC00BF10B588B00DF1180C8CE80C000C9A02920AAA04460B4692E803008DE803000D9A0E98039271
S32D00038FE019469CE80C0004902046FFF77DFC204608B010BD2DE9F04F8FB008A91A9C039081E80C000BA804F172
S32D000390086C01FBF79FFDE36803F04A09B9F1400F054600F09482B9F1080F43D018A908A8FCF74AFC4FF00A0892
S32D000390308246002840F0918208A8FCF783FC95F84A30C4B2A3420CBF01230023079303D095F84B30A34238D1E3
S32D000390582B7C1BB195F82520A24233D095F82420A2422FD0089803F0DBFF4FF0FF3318A908A80993FCF720FC0D
S32D000390808246F0B10027B8F1100F2B7C3E466DD11622049202929C4A0D92002B6ED00DAB202118460593ECF7DC
S32D000390A80BFB67E018A908A8FCF706FC8246002840F08A824FF01008BAE708A8FCF73EFCC4B22B7C00274A460F
S32D000390D03E46B946174623B195F82520A24200F0A68195F82420A24200F0A18195F84E20A24200F0FC80002EAE
S32D000390F800F0998195F84C20A24204D095F84D20A24240F05C82002F00F0BE80B8F1100F40F085824FF00009FC
S32D000391204E460898D0E90232934280F0BB80013383604FF0FF330993D0E902239A4280F05A824FF0000ADDE944
S32D000391481803002800F0BB80013300F0268100239A4540F0BC802B7C4F464FF0010AB8F1100F91D0CDF810804B
S32D00039170CDF80880644A0D92002B90D195F864904FF0FF33B3FBF8F30193B9F1000F40F05281BAF1000F40F0E3
S32D000391987582029B03F13009D3465FFA89F9029B0A2B00F3B1802F2C40F23A81A14540F23781303C019B534543
S32D000391C080F0B0800898D0E9023293424FF0010B80F0BC80013383604FF0FF330993D0E902239A4280F02C8289
S32D000391E80024DDE91803002800F0BE80013300F0FF8000239C4240F0BF804FF001090D9B53F80C2C32BB0FB9BF
S32D00039210002E3BD0BBF1000F00F0B9814FF0FF321C990A601B9904220A60B9F1000F05D01B9A1B99126842F099
S32D0003923802020A6008AA92E80300324C039DA3F10C02A24285E8030040F0DC8103980FB0BDE8F08F0023F9B27B
S32D0003926002930DAB18461C460593ECF733FBD5E90201224610F0D2F8002800F090810D9B002F00F09381029A94
S32D00039288002AC3D00022C7E70898D0E902329342B9463E464FF01008FFF445AF03689B6A984708984FF0FF33A5
S32D000392B009934FF0010A00287FF43EAFDDE9180300287FF445AFA3F1FF33B3FA83F35B099A453FF444AFDDE997
S32D000392D8080410B1631C00F02881E4B2002E00F0A7812B7CF3E6002E4ED0B8F10A0F7FF401AF002F4DD1B946A7
S32D000393004FF008080DE700BF602D0020542D0020A4F13000C3B2092B63D8019B53450446FFF450AF0AFB08F3D3
S32D000393280898E14399422CBF5A464BF0010204EB030A5FFA82FBD0E90232934207F10107FFF444AF03680DAA10
S32D000393509B6A0592984708984FF0FF330993012400287FF43CAFDDE9180300287FF442AFA3F1FF33B3FA83F3C3
S32D000393785B099C423FF441AFDDE9080410B1621C00F02E81E4B20AE76FB3B8F1080F00F0D38009F101090126D8
S32D000393A0BFE6D0E902239A42FFF4D5AE03685B6A984701304FF000037FF4CEAE18930123CAE603680DAA5B6AF0
S32D000393C805929847431C0446DCD100230893029B0A2B4FF0FF047FF7E9AEA4F16103052B18D8573CE6E6B94652
S32D000393F001264FF0080894E6D0E902239A42FFF4FCAE03680DAA5B6A0592984701304FF000037FF4F3AE189376
S32D000394180123EFE6A4F14103052B01D8373CC9E64FF00009EBE64F464FF0000A97E6BAF1000F40F0278105F12A
S32D000394404E0306932B7C0293D3461BB195F82530A34247D095F82430A342E5D02146069C049A20461CF044F941
S32D000394680028DDD0001B019B0F28C8BF0638534559D30AFB08F3C14399422CBF5A464BF00102013700EB030AAF
S32D000394905FFA82FB0898D0E90232934231D2013383604FF0FF330993D0E902239A4280F0DD800024DDE91803C0
S32D000394B8002832D0013356D000239C423FF49FAE0DAB08A80593FCF739FA2B7C0293C4B2002BBBD095F825300E
S32D000394E0A342B7D1002F00F0D6800DA8F9B20590ECF7F0F90898D0E9023293424FF00007CDD303680DAA9B6A49
S32D000395080592984708984FF0FF3309934C460028C6D1DDE918030028CCD1A3F1FF33B3FA83F35B09C9E7CB460A
S32D00039530B0E7D0E90232934280F08E801C78D1E6B1460126EDE518A908A8FCF7B9F94FF00808824600283FF470
S32D000395586FAD00242B7CCDF81080CDF8088027462646079402E6D0E902239A42A4D303680DAA5B6A059298476F
S32D0003958001304FF000039CD118934B4699E7079A0AB1CAF1000A1C9AC2F800A045E61B9A042313600D9B002F9C
S32D000395A87FF46DAE002E7FF46AAE53F80C2C002A3FF468AE029A002A7FF464AE26E64F464FF0000A0126CAE54A
S32D000395D0162300241A46049327462B7C079426464FF010080292C5E5D0E902329342BFF4E8AE1C78D7E50368A0
S32D000395F85B6A984701307FF4A0AD002308934FF0010A9CE553F8041C481E002943F8040C3FF71CAE0CA91046D4
S32D00039620EBF7E0FE16E64F46CDF81080CDF808804FF0000A01269DE52B7C4F46B24692E503680DAA5B6A05920B
S32D00039648984701307FF4CCAD002308930124C8E503685B6A9847411C09BF0023C4B20893FF243BE603680DAA97
S32D000396705B6A0592984701307FF41BAF002308934C4617E7CB46D146DA46BCE5D1464FF0000AD346B7E50D9B2C
S32D0003969853F80C2C32B91C9A3EB11B99176004220A60C7E5B9463946D7E51B99166004220A60BFE50598EBF710
S32D000396C0B9FF0EF0D7F800BF10B588B00DF1180C8CE80C000C9A02920AAA04460B4692E803008DE803000D9A71
S32D000396E80E98039219469CE80C0004902046FFF77DFC204608B010BD2DE9F0418CB008AC84E80C00149E159BC2
S32D00039710CDE90263D6F80C8028F04A0343F00803F3600BAB049312AB05460A4693E803008DE8030006AF114616
S32D00039738384694E80C00FFF759FC169A0B9BC6F80C80136097E8030084E8030085E8030028460CB0BDE8F081FB
S32D000397602DE9F04F93B00CA91E9C069081E80C000FA804F16C01FBF7E9F9E36803F04A0ABAF1400F054600F012
S32D00039788D882BAF1080F43D04FF00A091CA90CA8FCF792F8002840F029820CA8FCF7CEF895F84A30C4B2A34267
S32D000397B00CBF01230023099303D095F84B30A34238D12B7C1BB195F82520A24233D095F82420A2422FD00C988D
S32D000397D803F026FC4FF0FF331CA90CA80D93FCF76BF80646F0B14FF00008B9F1100F2B7C474669D1162208922E
S32D000398000292AD4A1192002B6AD011AB202118460393EBF755FF63E01CA90CA8FCF750F8002840F0B2824FF0BB
S32D000398281009BAE70CA8FCF789F8C4B22B7C4FF000084746564623B195F82520A24200F0298195F82420A242C7
S32D0003985000F0248195F84E20A24200F02181002F00F01C8195F84C20A24204D095F84D20A24240F08782002E2F
S32D0003987800F0E280B9F1100F40F0B1824FF0000847460C98D0E90232934280F0DF80013383604FF0FF330D9310
S32D000398A0D0E902239A4280F07D824FF0000ADDE91C03002800F0DF80013300F056810023534540F0E0802B7CDC
S32D000398C80126B9F1100F95D0CDF82090CDF80890774A1192002B94D1099B4FEAE97A002B15BF00204FF0FF3087
S32D000398F04FF000416FF000414A46534604900591CDF81CA019F01AF895F864B0CDE90001CDE90A9ABBF1000FCB
S32D0003991840F08E81002E40F09982029B3033DBB208935E46DA46029B0A2B00F3C5802F2C40F25A81089BA34280
S32D0003994040F25681303C009BB342019B73EB0A0380F0C3800C98D0E9023293424FF0010B80F0D88001338360A7
S32D000399684FF0FF330D93D0E902239A4280F03E820024DDE91C03002800F0DA80013300F01B810023A34240F060
S32D00039990DB800124119B53F80C2C002A2DD1B8F1000F01D1002F42D0BBF1000F00F0C881099A002A40F0E281B0
S32D000399B84FF0FF306FF00041209AC2E900011F9904220A602CB11F9A1F99126842F002020A600CAA92E8030027
S32D000399E0364C069DA3F10C02A24285E8030040F0ED81069813B0BDE8F08F00235FFA88F1029311AB1846994695
S32D00039A080393EBF763FFD5E902014A460FF002FD002800F09A81119BB8F1000F00F09D81029A002ABCD0209D50
S32D00039A3000210020C5E900011F9904220A60C5E70C98D0E902329342B04637464FF01009FFF421AF03689B6ABD
S32D00039A5898470C984FF0FF330D934FF0010A00287FF41AAFDDE91C0300287FF421AFA3F1FF33B3FA83F35B09FE
S32D00039A8053453FF420AFDDE90C0410B1631C00F04B81E4B22B7C002F7FF4D1AE002614E7002F59D0B9F10A0FAF
S32D00039AA87FF4DCAE002E58D1B0464FF00809E8E6602D0020542D0020A4F13000C3B2092B6FD8009BB342019BF6
S32D00039AD073EB0A030446FFF43DAF079A0C9809FB0AF306FB0233A9FB06621344049A111B059A62EBE472B142F3
S32D00039AF89A4138BF4BF0010BA61943EBE47AD0E90232934208F10108FFF428AF036811AA9B6A039298470C9808
S32D00039B204FF0FF330D93012400287FF420AFDDE91C0300287FF426AFA3F1FF33B3FA83F35B09A3423FF425AFE6
S32D00039B48DDE90C0410B1631C00F02181E4B2EAE66EB3B9F1080F00F0E98008F1010801278FE6D0E902239A424A
S32D00039B70FFF4A5AE03685B6A9847421C4FF000037FF49EAE1C9301239AE6036811AA5B6A03929847411C0446B7
S32D00039B98DCD100230C93029B0A2B4FF0FF047FF7C9AEA4F16103052B18D8573CC7E6B04601274FF0080964E61B
S32D00039BC0D0E902239A42FFF4E0AE036811AA5B6A0392984701304FF000037FF4D7AE1C930123D3E6A4F141030A
S32D00039BE8052B01D8373CAAE60024CFE62F7CCDF820904A469A4B1193002F40F0DA80D3174FF0FF306FF000417D
S32D00039C10CDE90A2318F092FE95F864600997CDE90001002E00F0F2804FF0FF326FF00043CDE904233C46B84601
S32D00039C38002E40F0F6802B7C0293B34605F14E09B2461BB195F82530A3424FD095F82430A342C9D0089A214693
S32D00039C6048461BF045FD0028C2D0009BA0EB09040F2CC8BF063CB342019B73EB0A0350D30A9A0B9902FB0AF3A6
S32D00039C8806FB0133A2FB06621344049A111B059A62EBE472B1429A4138BF4BF0010BA61908F1010843EBE47AB5
S32D00039CB00C98D0E9023293422DD2013383604FF0FF330D931CA911AB0CA80393FBF7F8FD044600287FF45EAE53
S32D00039CD811AB0CA80393FBF731FE2B7C0293C4B2002BB3D095F82530A342AFD1B8F1000F00F09C8011A85FFAB7
S32D00039D0088F10390EBF7E6FD0C98D0E9023293424FF00008D1D3036811AA9B6A03929847CDE74FF0010BC3E7C8
S32D00039D28D0E90232934272D21C78AFE6B8460127A7E54FF0080929E5099A12B176426AEB4A0A209AC2E9006A35
S32D00039D503CE61F9A04231360119BB8F1000F7FF463AE002F7FF460AE53F80C2C002A3FF45EAE029A002A7FF4B0
S32D00039D785AAE15E600204FF000411DE6002601279FE516232F7C08931022994632E7D0E902329342BFF4F5AE81
S32D00039DA01C78C4E503685B6A984701307FF47DAD00230C934FF0010A79E500243E46CDF8089027469146A046DF
S32D00039DC809941EE553F8041C481E002943F8040C3FF70BAE10A91046EBF700FB05E6CDF82090CDF808900026C7
S32D00039DF0012771E5036811AA5B6A0392984701307FF4BAAD00230C930124B6E5BB463E46BA46B846BDE5036848
S32D00039E185B6A9847421C09BF0023C4B20C93FF2434E634460026B246B346AFE5119B53F80C2C42B9209C0021AE
S32D00039E400020C4E900011F9904220A60C5E544464146D6E53446DA465E469BE50398EBF7E9FB0DF007FD00BF86
S32D00039E68602D002010B588B00DF1180C8CE80C000C9A02920AAA04460B4692E803008DE803000D9A0E9803921D
S32D00039E9019469CE80C0004902046FFF761FC204608B010BD2DE9F04F91B00AA91C9C059081E80C000DA804F1C5
S32D00039EB86C01FAF747FEE36803F04A09B9F1400F054600F0C682B9F1080F42D01AA90AA8FBF7F2FC0A278246A8
S32D00039EE0002840F0C3820AA8FBF72CFD95F84A30C4B2A3420CBF01230023099303D095F84B30A34237D12B7C68
S32D00039F081BB195F82520A24232D095F82420A2422ED00A9803F084F84FF0FF331AA90AA80B93FBF7C9FC8246DD
S32D00039F30E8B14FF00008102F2B7C46466CD1162206920492A64A0F92002B6BD00FAB202118460793EBF7B4FB90
S32D00039F5864E01AA90AA8FBF7AFFC8246002840F0BE821027BBE70AA8FBF7E8FCC4B22B7C4A464FF00008B946CE
S32D00039F804646174623B195F82520A24200F0C48195F82420A24200F0BF8195F84E20A24200F01181002E00F0A4
S32D00039FA8B78195F84C20A24204D095F84D20A24240F09082002F00F0D380B9F1100F40F0B8824FF00008464607
S32D00039FD00A98D0E90232934280F0D080013383604FF0FF330B93D0E902239A4280F08D824FF0000ADDE91A03B1
S32D00039FF8002800F0D080013300F0468100239A4540F0D1802B7C4F464FF0010A102F92D006970497704A0F92A8
S32D0003A020002B93D1FB173A464FF0FF304FF0FF3118F084FC95F864300193CDE90201002B40F06E81BAF1000F17
S32D0003A04840F0A882049B03F130095FFA89F3D3460193D146049B0A2B00F3C2802F2C40F2F281019BA34240F26C
S32D0003A070EE81303C029B5345039B73EB090380F0C0800A98D0E9023293424FF0010B80F0D480013383604FF02E
S32D0003A098FF330B93D0E902239A4280F057820024DDE91A03002800F0D680013300F0178100239C4240F0D7800B
S32D0003A0C0012301930F9B53F80C2C52BBB8F1000F01D1002E3FD0BBF1000F00F0DF811E9C4FF0FF314FF0FF3014
S32D0003A0E8C4E900011D9904220A60019A2AB11D9A1D99126842F002020A600AAA92E80300364C059DA3F10C025F
S32D0003A110A24285E8030040F00382059811B0BDE8F08F00235FFA88F104930FAB18461C460793EBF7CFFBD5E989
S32D0003A138020122460FF06EF9002800F0B6810F9BB8F1000F00F0B981049A002ABFD01E9C00210020C4E900014A
S32D0003A1601D9904220A60C4E70A98D0E902329342B8463E464FF01009FFF430AF03689B6A98470A984FF0FF336B
S32D0003A1880B934FF0010A00287FF429AFDDE91A0300287FF430AFA3F1FF33B3FA83F35B099A453FF42FAFDDE9EB
S32D0003A1B00A0410B1631C00F04381E4B2002E00F0C5812B7CDEE6002E59D0B9F10A0F7FF4ECAE002F58D1B8469A
S32D0003A1D84FF00809F8E600BF602D0020542D0020A4F13000C3B2092B6ED8029B5345039B73EB09030446FFF4ED
S32D0003A20040AFA7FB0A23E117E04307FB093390426FEA010098412CBF58464BF001005FFA80FB0A9814EB020ACB
S32D0003A22843EB0109D0E90232934208F10108FFF42CAF03680FAA9B6A079298470A984FF0FF330B93012400289C
S32D0003A2507FF424AFDDE91A0300287FF42AAFA3F1FF33B3FA83F35B099C423FF429AFDDE90A0410B1621C00F007
S32D0003A2784181E4B2EEE66FB3B9F1080F00F0E68008F1010801269FE6D0E902239A42FFF4B5AE03685B6A984783
S32D0003A2A001304FF000037FF4AEAE1A930123AAE603680FAA5B6A07929847431C0446DCD100230A93049B0A2B9F
S32D0003A2C84FF0FF047FF7CDAEA4F16103052B18D8573CCBE6B84601264FF0080974E6D0E902239A42FFF4E4AEC7
S32D0003A2F003680FAA5B6A0792984701304FF000037FF4DBAE1A930123D7E6A4F14103052B00F29D80373CADE6C1
S32D0003A3184F464FF0000A79E6BAF1000F40F0418105F14E0308932B7C0493D346D1461BB195F82530A34255D023
S32D0003A34095F82430A34200F082802146089C069A20461BF0CDF9002800F01281029B001B0F28C8BF063853455B
S32D0003A368039B73EB090364D3A7FB0A23C117C44307FB093394426FEA01049C412CBF5C464BF0010410EB020AB4
S32D0003A39008F1010843EB01095FFA84FB0A98D0E90232934233D2013383604FF0FF330B93D0E902239A4280F0D1
S32D0003A3B8E5800024DDE91A03002834D0013359D000239C423FF47AAE0FAB0AA80793FBF7B5FA2B7C0493C4B2C8
S32D0003A3E0002BADD095F82530A342A9D1B8F1000F00F0E2800FA85FFA88F10790EBF76AFA0A98D0E9023293428F
S32D0003A4084FF00008CBD303680FAA9B6A079298470A984FF0FF330B930028C5D1DDE91A03019C0028CAD1A3F157
S32D0003A430FF33B3FA83F35B09C7E7DDF804B0ADE7D0E90232934280F091801C78B6E60023019337E6B046012613
S32D0003A458BAE51AA90AA8FBF72FFA0827824600283FF43DAD00242B7C06970497A04626460994CFE5D0E90223E4
S32D0003A4809A42A1D303680FAA5B6A0792984701304FF0000399D11A93019B96E7099A22B1DAF10002924669EBE8
S32D0003A4A849091E9AC2E900A91FE61D9A042313600F9BB8F1000F7FF447AE002E7FF444AE53F80C2C002A3FF492
S32D0003A4D042AE049A002A7FF43EAEFCE54F464FF0000A012696E5162300241A460693A0462B7C099426461027C0
S32D0003A4F804928FE5D0E902329342BFF4D5AE1C78A8E503685B6A984701307FF46DAD00230A934FF0010A69E5EB
S32D0003A52053F8041C481E002943F8040C3FF7F5AD0EA91046EAF756FFEFE54F46CDF81890CDF810904FF0000A26
S32D0003A548012667E52B7C4F46B2465FE503680FAA5B6A0792984701307FF4A1AD00230A9301249DE503685B6A0D
S32D0003A5709847411C09BF0023C4B20A93FF241DE601909FE503680FAA5B6A0792984701307FF413AF0023019CBE
S32D0003A5980A930FE7DDF804B0CDF804A0D946DA468CE5CDF804A04FF0000AD146D34685E50F9B53F80C2C42B9E9
S32D0003A5C01E9C00210020C4E900011D9904220A6097E5CDF804804146A7E50798EBF72AF80DF048F910B588B0C5
S32D0003A5E80DF1180C8CE80C000C9A02920AAA04460B4692E803008DE803000D9A0E98039219469CE80C000490BD
S32D0003A6102046FFF747FC204608B010BD2DE9F04F93B00DF1300A1E99079001F16C0738468AE80C00F8F762FBC4
S32D0003A6380690AA48E5F7E2FF1E9BDB6EDD6855F82060002E00F00483336A06F1380205921BB1B36A003B18BF93
S32D0003A66001230B93337CA04C0F9423B10FAF20213846EBF725F8202110A810940FAFEBF71FF84FF0000BCDE925
S32D0003A68808BB736B119306F13909CDF810B05C46CDF828B011AB13F80B30042B00F21281DFE813F005001201C7
S32D0003A6B0FB00AC0013000125BBF1030F00F0B280DDE90C03002800F01581013340F041813AE1DDE90C050028F6
S32D0003A6D84DD0013500F0A8810025DDE91C0300284ED0013300F08F810023AB424FD0DDE90C0710B17B1C00F011
S32D0003A700A781FFB239460A2248461AF0F1FF002800F02B81059B754AC01A1268109B125C039253E9038208F13D
S32D0003A7280105954204D853F8042C002A40F36981294610A80FAFEAF7BFFF109B53F80C2C03999954109A6849EF
S32D0003A750A2F10C038B4240F0A38101340C98D0E90232934280F03F81013383604FF0FF350D950028B1D1DDE9AE
S32D0003A7781C03A5F1FF35B5FA85F56D090028B0D1A3F1FF33B3FA83F35B09AB42AFD10125109B53F80C3C002B36
S32D0003A7A008BF00250BF1010BBBF1040F3AD0002D7FF474AF1F9B1F9A1B6843F0040313601CA950460FAFFBF75A
S32D0003A7C87BF828B11F9B1F9A1B6843F0020313609AE80300109B079A434C82E80300A3F10C00A04240F09382DF
S32D0003A7F00F9BA3F10C00A04240F09982079813B0BDE8F08F336A002B40F0C981B36A002B40F046820B9B0BF117
S32D0003A818010BBBF1040F83F00105C4D1089B012B40F24281002DC1D00A9B002B40F0D981F569089B03F1FF382E
S32D0003A840A844C5F101090FE06A78DBB29A42B1D10C98D0E90232934280F0D281013383604FF0FF330D930135F8
S32D0003A8681CA9504609EB050B0FAFFBF725F8002840F0C781454500F0C481DDE90C030028DED0591CDCD1D0E9AE
S32D0003A8900232934280F0D58269781A789142DDD088E71E9BDB68980500F13481089B012B00F23081BBF1000FF9
S32D0003A8B800F02C81BBF1010F00F09682BBF1020F00F0A382012569E71CA950460FAFFAF7F3FF002800F07281BF
S32D0003A8E00025E9E6582E0020602D0020300D0020542D0020A3F1FF38B8FA88F84FEA5818DDE91C0358B3013338
S32D0003A90800F0AC80002398453FF448AFDDE90C0310B1591C00F0B380069ADBB29269D35C18077FF53BAF0C9832
S32D0003A930D0E90232934280F02781013383604FF0FF330D930028D5D0D0E902239A4280F0FA81DDE91C034FF05E
S32D0003A95800080028D3D1A3F1FF33B3FA83F35B09D1E7737CBB4240D0357C002D3FF40FAFB37CBB427FF40CAFD0
S32D0003A980049B002B40F0EB81002C00F0EA810F9B5FFA84F853E90342651C954203D853F8042C002A5CDD0FAFEA
S32D0003A9A829463846EAF788FE0F9B53F80C2C03F802800F9AA549A2F10C038B4208BF00243FF4C8AE234400245B
S32D0003A9D042F80C5C42F8044C5C730C98D0E902329342FFF4C1AE03689B6A0FAF98470C98BCE6049B002BBBD1EA
S32D0003A9F8F36A002B7FF7CBAE0123099404930446A8E642469CE6D0E902239A42FFF46CAE03685B6A0FAF9847E9
S32D0003AA2001304FF000037FF464AE1C93012360E6D0E902239A42FFF453AE03685B6A0FAF984701307FF44CAEDB
S32D0003AA4800230C93012548E6D0E90232934280F034811F78394652E62246A8E7D0E902239A42FFF44FAF036885
S32D0003AA705B6A0FAF984701304FF000037FF447AF1C93012343E7D0E90232934280F06B8106991A7889698A5C53
S32D0003AA9812073FF54EAF81E64344002142F80C5C42F8041C597354E6002D3FF47FAE109B53F80C3C012B00F249
S32D0003AAC0AE800A9B002B40F006810F9B53F80C3CABB1049B002B00F091809DF824100FAF3846EAF7F7FED6E9B2
S32D0003AAE802013A460EF096FC28B91F9B1F9A1B6843F004031360049B1BB1F36AA3427FF455AE209810A9EAF731
S32D0003AB10C7FB55E6B36903934FF0000811E0726912F80820DBB29A4229D10C98D0E9023293422FD2013383603F
S32D0003AB384FF0FF330D9308F101081CA950460FAFFAF7BAFE039B0546002840F0D88098453FF4B8AEDDE90C0333
S32D0003AB600028DCD0591CDAD1D0E90232934280F05D81726912F808101A789142DAD0B8F1000F34D000250DE6E0
S32D0003AB8803689B6A0FAF98470C98D4E603689B6A0FAF9847CCE71CA950460FAFFAF78CFE002800F0E780B36A41
S32D0003ABB0002B75D1336A002B3FF42CAE01230A931D46EFE550460FAFFAF7BCFE069BC0B29B691B5C18077FF516
S32D0003ABD883AE0C9802F024FA4FF0FF330D93012566E5756A25E61E9BDB6883F40073C3F34025D3E5E1B26EE75A
S32D0003AC0003689B6A0FAF98472AE6089B9B457FF4D1AD109B53F80C3C012B7FF652AF0022302110A8EAF752FB59
S32D0003AC2800283FF44AAF109B53F80C2C431C08BF02F1FF3082424FF0000328BF0246194610A80FAFEAF7CCFB7F
S32D0003AC5037E700BF542D002004464420E4F736FF0023C0E90133C0E90533C0E90733C0E90933C0E90B33C360E4
S32D0003AC7803828374436380F84330844B036039460646F8F7F1FB1E9B3146D86E2246E5F73BFC55F82460D7E449
S32D0003ACA01CA950460FAFFAF70BFE002800F08A80336A002B3FF4AEADB36A002B7FF4AAAD7CE703685B6A0FAF95
S32D0003ACC89847451C00F0C480C7B2394617E5109B53F8042C002A60DA1B78302B3FF4F1AE2D230022009311464D
S32D0003ACF0012310A80FAFEAF713FC109B4FF0FF3243F8042CE1E698453FF44CADB8F1000F7FF438AF6BE753F8A4
S32D0003AD18042C511E002A43F8041C3FF765AD0EA9EAF75CFB60E553F8042C511E002A43F8041C3FF75FAD10A900
S32D0003AD40EAF750FB5AE503685B6A0FAF984701307FF4FFAD00230C934FF00108D0E5049D1AE5254618E5036828
S32D0003AD685B6A0FAF9847471C08BF0022034608BF0C92D1E55046FAF7E1FDF2691278C3B29A427FF410AF336A3E
S32D0003AD900C98089302F048F94FF0FF330D93012500E510A80FAFEAF79DFB109B1A78302A3FF48BAE53F8043C87
S32D0003ADB8002B95DB10A8EAF791FB91E750460FAFFAF7BCFD726A1278C3B29A427FF46CAFB36A0C9808930FAFD5
S32D0003ADE002F022F94FF0FF3301250D930A95D9E40B9B002B7FF48EAE9DF84430032B3FF489AE9DF84630012B4A
S32D0003AE083FF484AE4FF0020B44E49DF84730042B3FF47CAE0B9A12B1032B3FF477AE4FF0030B37E403685B6A22
S32D0003AE300FAF9847421C08BF0022034608BF0C926DE603685B6A0FAF9847421C08BF0022034608BF0C92F7E46F
S32D0003AE580023FF210C930F4651E40CF091FE336830465B6898470DF0F9FA0CF089FEFAE70CF0C4FE0CF0FAFC1B
S32D0003AE8010A8EAF7D7FB3846EAF7D4FB0CF0F2FCF9E700BF1C6506002DE9F04F93B00DF1300A1E99079001F1E8
S32D0003AEA86C0738468AE80C00F7F724FF0690AA48E5F7A4FB1E9BDB6EDD6855F82060002E00F00483336A06F1A9
S32D0003AED0380205921BB1B36A003B18BF01230B93337CA04C0F9423B10FAF20213846EAF7E7FB202110A81094D4
S32D0003AEF80FAFEAF7E1FB4FF0000BCDE908BB736B119306F13909CDF810B05C46CDF828B011AB13F80B30042B3B
S32D0003AF2000F21281DFE813F005001201FB00AC0013000125BBF1030F00F0B280DDE90C03002800F01581013322
S32D0003AF4840F041813AE1DDE90C0500284DD0013500F0A8810025DDE91C0300284ED0013300F08F810023AB42CC
S32D0003AF704FD0DDE90C0710B17B1C00F0A781FFB239460A2248461AF0B3FB002800F02B81059B754AC01A12682F
S32D0003AF98109B125C039253E9038208F10105954204D853F8042C002A40F36981294610A80FAFEAF781FB109BB8
S32D0003AFC053F80C2C03999954109A6849A2F10C038B4240F0A38101340C98D0E90232934280F03F810133836054
S32D0003AFE84FF0FF350D950028B1D1DDE91C03A5F1FF35B5FA85F56D090028B0D1A3F1FF33B3FA83F35B09AB4248
S32D0003B010AFD10125109B53F80C3C002B08BF00250BF1010BBBF1040F3AD0002D7FF474AF1F9B1F9A1B6843F057
S32D0003B038040313601CA950460FAFFAF73DFC28B11F9B1F9A1B6843F0020313609AE80300109B079A434C82E8E6
S32D0003B0600300A3F10C00A04240F093820F9BA3F10C00A04240F09982079813B0BDE8F08F336A002B40F0C981B6
S32D0003B088B36A002B40F046820B9B0BF1010BBBF1040F83F00105C4D1089B012B40F24281002DC1D00A9B002B8A
S32D0003B0B040F0D981F569089B03F1FF38A844C5F101090FE06A78DBB29A42B1D10C98D0E90232934280F0D28128
S32D0003B0D8013383604FF0FF330D9301351CA9504609EB050B0FAFFAF7E7FB002840F0C781454500F0C481DDE9D4
S32D0003B1000C030028DED0591CDCD1D0E90232934280F0D58269781A789142DDD088E71E9BDB68980500F13481ED
S32D0003B128089B012B00F23081BBF1000F00F02C81BBF1010F00F09682BBF1020F00F0A382012569E71CA95046C5
S32D0003B1500FAFFAF7B5FB002800F072810025E9E65C2E0020602D0020300D0020542D0020A3F1FF38B8FA88F81E
S32D0003B1784FEA5818DDE91C0358B3013300F0AC80002398453FF448AFDDE90C0310B1591C00F0B380069ADBB238
S32D0003B1A09269D35C18077FF53BAF0C98D0E90232934280F02781013383604FF0FF330D930028D5D0D0E9022386
S32D0003B1C89A4280F0FA81DDE91C034FF000080028D3D1A3F1FF33B3FA83F35B09D1E7737CBB4240D0357C002DB8
S32D0003B1F03FF40FAFB37CBB427FF40CAF049B002B40F0EB81002C00F0EA810F9B5FFA84F853E90342651C95429E
S32D0003B21803D853F8042C002A5CDD0FAF29463846EAF74AFA0F9B53F80C2C03F802800F9AA549A2F10C038B42CC
S32D0003B24008BF00243FF4C8AE2344002442F80C5C42F8044C5C730C98D0E902329342FFF4C1AE03689B6A0FAFCD
S32D0003B26898470C98BCE6049B002BBBD1F36A002B7FF7CBAE0123099404930446A8E642469CE6D0E902239A42CF
S32D0003B290FFF46CAE03685B6A0FAF984701304FF000037FF464AE1C93012360E6D0E902239A42FFF453AE036889
S32D0003B2B85B6A0FAF984701307FF44CAE00230C93012548E6D0E90232934280F034811F78394652E62246A8E723
S32D0003B2E0D0E902239A42FFF44FAF03685B6A0FAF984701304FF000037FF447AF1C93012343E7D0E9023293422A
S32D0003B30880F06B8106991A7889698A5C12073FF54EAF81E64344002142F80C5C42F8041C597354E6002D3FF4F4
S32D0003B3307FAE109B53F80C3C012B00F2AE800A9B002B40F006810F9B53F80C3CABB1049B002B00F091809DF8B5
S32D0003B35824100FAF3846EAF7B9FAD6E902013A460EF058F828B91F9B1F9A1B6843F004031360049B1BB1F36AE4
S32D0003B380A3427FF455AE209810A9E9F789FF55E6B36903934FF0000811E0726912F80820DBB29A4229D10C982F
S32D0003B3A8D0E9023293422FD2013383604FF0FF330D9308F101081CA950460FAFFAF77CFA039B0546002840F0C6
S32D0003B3D0D88098453FF4B8AEDDE90C030028DCD0591CDAD1D0E90232934280F05D81726912F808101A78914243
S32D0003B3F8DAD0B8F1000F34D000250DE603689B6A0FAF98470C98D4E603689B6A0FAF9847CCE71CA950460FAF62
S32D0003B420FAF74EFA002800F0E780B36A002B75D1336A002B3FF42CAE01230A931D46EFE550460FAFFAF77EFA2B
S32D0003B448069BC0B29B691B5C18077FF583AE0C9801F0E6FD4FF0FF330D93012566E5756A25E61E9BDB6883F42A
S32D0003B4700073C3F34025D3E5E1B26EE703689B6A0FAF98472AE6089B9B457FF4D1AD109B53F80C3C012B7FF60D
S32D0003B49852AF0022302110A8E9F714FF00283FF44AAF109B53F80C2C431C08BF02F1FF3082424FF0000328BFAD
S32D0003B4C00246194610A80FAFE9F78EFF37E700BF542D002004464420E4F7F8FA0023C0E90133C0E90533C0E94E
S32D0003B4E80733C0E90933C0E90B33C36003828374436380F84330844B036039460646F8F7BBF91E9B3146D86EE7
S32D0003B5102246E4F7FDFF55F82460D7E41CA950460FAFFAF7CDF9002800F08A80336A002B3FF4AEADB36A002BAF
S32D0003B5387FF4AAAD7CE703685B6A0FAF9847451C00F0C480C7B2394617E5109B53F8042C002A60DA1B78302BE7
S32D0003B5603FF4F1AE2D23002200931146012310A80FAFE9F7D5FF109B4FF0FF3243F8042CE1E698453FF44CADE8
S32D0003B588B8F1000F7FF438AF6BE753F8042C511E002A43F8041C3FF765AD0EA9E9F71EFF60E553F8042C511E94
S32D0003B5B0002A43F8041C3FF75FAD10A9E9F712FF5AE503685B6A0FAF984701307FF4FFAD00230C934FF0010893
S32D0003B5D8D0E5049D1AE5254618E503685B6A0FAF9847471C08BF0022034608BF0C92D1E55046FAF7A3F9F2698A
S32D0003B6001278C3B29A427FF410AF336A0C98089301F00AFD4FF0FF330D93012500E510A80FAFE9F75FFF109BBD
S32D0003B6281A78302A3FF48BAE53F8043C002B95DB10A8E9F753FF91E750460FAFFAF77EF9726A1278C3B29A429E
S32D0003B6507FF46CAFB36A0C9808930FAF01F0E4FC4FF0FF3301250D930A95D9E40B9B002B7FF48EAE9DF8443034
S32D0003B678032B3FF489AE9DF84630012B3FF484AE4FF0020B44E49DF84730042B3FF47CAE0B9A12B1032B3FF498
S32D0003B6A077AE4FF0030B37E403685B6A0FAF9847421C08BF0022034608BF0C926DE603685B6A0FAF9847421CAC
S32D0003B6C808BF0022034608BF0C92F7E40023FF210C930F4651E40CF053FA336830465B6898470CF0BBFE0CF0C6
S32D0003B6F04BFAFAE70CF086FA0CF0BCF810A8E9F799FF3846E9F796FF0CF0B4F8F9E700BF2C6506002DE9F0418F
S32D0003B7188CB008AC84E80C00169F159A9DF85060CDE902270B4612AA25490A91054692E803008DE8030019465B
S32D0003B74036B30DF1280806AECDF8108094E80C003046FEF763FF96E803000A9E84E80300E4F7BAFC0346179941
S32D0003B7680B933A4630460BAB0DF020FB94E803000A9B144A85E80300A3F10C0090420ED128460CB0BDE8F081CB
S32D0003B7900DF1280806AECDF8108094E80C003046FFF77AFBD7E753F8042C511E002A43F8041CE9DC0BA9E9F762
S32D0003B7B815FEE5E74046E9F739FF0CF057F800BF602D0020542D00202DE9F04F8FB00AAC1B9F9DF868A0DDF815
S32D0003B7E074B0054607F16C0084E80C008946F7F785FA3B4B0D931C9BCDE902730DF13408CDF8108018AB06460B
S32D0003B80893E803008DE8030008AF94E80C0049463846BAF1000F3AD0FEF7FCFE0D9B97E8030053F80C7C84E8B1
S32D0003B83003001FB3002239465846EAF72FF8DBF800A0DDF834905AF8043C09EB0702002B079223DA337F012B91
S32D0003B85806D02BB33368D3F81CB0204B9B4523D109EB07034B4524D03A464946504619F0BFFF0D9B94E8030085
S32D0003B880194CA3F10C02A24285E8030017D128460FB0BDE8F08FFFF7FFFAC3E75846E9F721FEDBF800A0D5E79E
S32D0003B8A83046EAF7BBFCD5E7079A534649463046D8470D9BDEE753F8041C481E002943F8040CE0DC0CA91046CE
S32D0003B8D0E9F788FDDBE74046E9F7ACFE0BF0CAFF602D0020B5610200542D002038B50379044643B90068036864
S32D0003B8F81B6B1546984785421CBF01232371204638BD00BF2DE9F04F8FB004AF07F108043E6D97F85890D6F8B0
S32D0003B9200C8018F0010F84E80C00054697F8543016D1CDE9013994E80C00009607F120063046F9F73FF996E84D
S32D0003B9480300B860397394E803002C3785E803002846BD46BDE8F08F06F16C0107F114007B60F9F7EFF87B681B
S32D0003B970B9F1000F3BD0D0E905BAB26892453BDAA2EB0A09194609F1070323F00703ADEB030D04AB4A461846FF
S32D0003B99808F0B0081AF042F80022B8F1200FB26041D097F80C80BE68B8F1000F11D1336801461B6B4A46304624
S32D0003B9C09847814558D1336859461B6B524630469847824518BF4FF001083E6287F8248007F1280313E9030010
S32D0003B9E8B8603973AFE7D0E907BAB2689245C3DB0023B3603E7BD7F808804EB9D8F8003059461B6B524640463B
S32D0003BA109847824518BF0126C7F8208087F8246007F1280313E90300B86039738FE7786094E8030007F120062E
S32D0003BA3886E80300524659463046FFF753FF96E8030007F11808B860397388E8030094E803007B6886E80300D4
S32D0003BA604A4619463046FFF741FF96E8030088E80300B86039736AE74FF00108ADE700BF244B1A68D0075CBF93
S32D0003BA8801221A60224B1A68D1075CBF01221A60204B1A68D2075CBF01221A601E4B1A68D0075CBF01221A6079
S32D0003BAB01C4B1A68D1075CBF01221A601A4B1A68D2075CBF01221A60184B1A68D0075CBF01221A60164B1A681D
S32D0003BAD8D1075CBF01221A60144B1A68D2075CBF01221A60124B1A68D0075CBF01221A60104B1A68D1075CBFFD
S32D0003BB0001221A600E4B1A68D2075CBF01221A60704700BF2C2E0020282E0020242E0020202E00201C2E00205B
S32D0003BB28182E0020142E0020102E00200C2E0020082E0020042E0020002E002010B5054A054B0260044640F82E
S32D0003BB50043FF6F715FB204610BD00BF988A0600748306000368074953F80C3C064A10B5C418C150204640F87F
S32D0003BB78042FF6F701FB204610BD00BF988A06007483060010B5064A064B0260044640F8043FF6F7F1FA20469E
S32D0003BBA00BF062FD204610BD988A0600748306000368084953F80C3C074A10B5C418C150204640F8042FF6F7B2
S32D0003BBC8DBFA20460BF04CFD204610BD988A06007483060010B5054A054B0260044640F8043FF6F7C9FA2046D4
S32D0003BBF010BD00BFC88A0600848306000368074953F80C3C064A10B5C418C150204640F8042FF6F7B5FA204610
S32D0003BC1810BD00BFC88A06008483060010B5064A064B0260044640F8043FF6F7A5FA20460BF016FD204610BD4A
S32D0003BC40C88A0600848306000368084953F80C3C074A10B5C418C150204640F8042FF6F78FFA20460BF000FD77
S32D0003BC68204610BDC88A06008483060010B50368044653F80C0C20448847204610BD00BF38B5036853F80C3C26
S32D0003BC9003440446986F20B103689B699847013001D0204638BD236853F80C0C2044416941F00101F6F76AF9F0
S32D0003BCB8204638BD01290D460AD10BF061FF236853F80C0C29462044F6F76CF90CF0C6FB0BF056FF236853F857
S32D0003BCE00C0C01212044F6F761F90BF08BFFD8E70BF088FF0BF0BEFD0BF084FF0BF0BAFD38B50B68044653F8AD
S32D0003BD080C0C6160084400232370036F7BB10D46416929B141F00401F6F734F9204638BD1846FFF7ADFF2B687C
S32D0003BD3053F80C0C284441690029EFD101232370204638BD38B543681A6852F80C4C1C440546E3689B0409D53F
S32D0003BD580BF09AFF30B9A06F20B103689B699847013001D0284638BD6868036853F80C3C1844416941F00101A3
S32D0003BD80F6F704F9F2E700BF026852F80C2C034613445960704700BF2DE9F04F83B004460F46014668461546DE
S32D0003BDA8FFF7AAFF9DF80030002B5BD0236853F80C3C04EB030B5B46DBF808A0554567DADBF80C2002F0B009F4
S32D0003BDD0B9F1200F2ED09BF87530AAEB0506002B00F097809BF874800BE083F800804369013343612368013EA6
S32D0003BDF853F80C3C19D004EB030BDBF87800D0E905329342EDD3036841465B6B98470130ECD1236853F80C0C5E
S32D0003BE202044416941F00101F6F7B0F8236853F80C3C23445A69BAB9986F036839461B6B2A469847854208D0FB
S32D0003BE48236853F80C0C2044416941F00101F6F799F82368B9F1200F53F80C3C25D0234400229A60019B1A688F
S32D0003BE7052F80C5C1D44EB689B0409D50BF008FF30B9A86F20B103689B699847013053D0204603B0BDE8F08F0C
S32D0003BE98DBF87800036839461B6B2A4698478542236826D153F80C3CD9E7E61833467269002AD5D196F875307E
S32D0003BEC0AAEB0505002B4ED096F8747009E01F704369013343612368013D53F80C3CC2D0E618B06FD0E9053200
S32D0003BEE89342F0D3036839465B6B98470130EED1236853F80C0C2044416941F00101F6F741F8236853F80C3C9F
S32D0003BF10A9E7DBF87C80B8F1000F49D098F81C30ABB198F83D808BF874802368012253F80C3C8BF8752062E732
S32D0003BF380198036853F80C3C1844416941F00101F6F720F8A0E74046EAF768F9D8F80030294A9B6993421BD17C
S32D0003BF604FF02008DFE7F76F07B33B7F53B197F83D7086F874702368012253F80C3C86F87520ADE73846EAF7C0
S32D0003BF884DF93B681C4A9B69934206D12027ECE74046202198478046C1E73846202198470746E2E7F5F736FF86
S32D0003BFB0F5F734FF01290D460AD10BF0E5FD236853F80C0C29462044F5F7F0FF0CF04AFA0BF0DAFD236853F888
S32D0003BFD80C0C01212044F5F7E5FF0BF00FFE41E70BF00CFE6846FFF7A9FE0BF03FFCF9E70BF004FEF6E700BF9B
S32D0003C0004D61020038B5054651B108460C461BF017FC214602462846FFF7BEFE284638BD036853F80C0C2844FB
S32D0003C028416941F00101F5F7ADFF284638BD00BF2DE9F04F8BB00146044604A81F461646FFF75AFE9DF810309F
S32D0003C0508BB3236853F80C5C2544D5F88080B8F1000F68D0D5F878A095F87530BAFA8AF94FEA5919002B34D0F5
S32D0003C07895F87400D8F80030CDF820A0CDE90050CDE902678DF82490DD690AAB13E90C00414606A8A8479DF8F7
S32D0003C0A01C3043B1236853F80C0C2044416941F00101F5F76BFF059B1A6852F80C5C1D44EB689B0409D50BF0AA
S32D0003C0C8E3FD30B9A86F20B103689B69984701301ED020460BB0BDE8F08FD5F87CB0BBF1000F26D09BF81C305B
S32D0003C0F03BB19BF83D0085F87400012385F87530BCE75846EAF78EF8DBF800301E4A9B6993420CD12020EEE74E
S32D0003C1180598036853F80C3C1844416941F00101F5F730FFD5E7584620219847DFE7F5F771FEF5F76FFE0129E9
S32D0003C1400D460FD10BF020FD236853F80C0C29462044F5F72BFF0CF085F904A8FFF7F2FD0BF088FB0BF010FD1B
S32D0003C168236853F80C0C01212044F5F71BFF0BF045FD9CE70BF042FDEBE70BF03FFDE8E74D61020010B504469B
S32D0003C190084615F023FD02460B462046FFF74CFF10BD00BF38B5036853F80C3C03440446D86F20B103689B693C
S32D0003C1B89847013001D0204638BD236853F80C0C2044416941F00101F5F73AFF204638BD01290D460AD10BF018
S32D0003C1E0D3FC236853F80C0C29462044F5F73CFF0CF038F90BF0C8FC236853F80C0C01212044F5F731FF0BF000
S32D0003C208FDFCD8E70BF0FAFC0BF030FB0BF0F6FC0BF02CFBF0B59DB000AF0C1A06460F496922381D19F0E4FAF5
S32D0003C23004F1700323F00703ADEB030D6D466822391D284619F0D8FA2246314605F168002C4419F0D1FA002330
S32D0003C258284684F86830F5F7EDFD00BF408B06002DE9F84300AF84B06E4606F10C08DFF84890124DC646A5FB20
S32D0003C2800243DB0803EB830CA2EB4C0C1446092C19F80C200EF8012D1A46F0D8A8EB0E08884509D8C8F10C01BE
S32D0003C2A84246314419F0A4FA4046BD46BDE8F8834FF0FF38F8E700BFAC8B0600CDCCCCCC2DE9F041154612786A
S32D0003C2D04E1E07460644002A44D0B04245D21946044607E02A7804F8012B01352A78F2B1B4423BD2252AF5D106
S32D0003C2F86A78732A1CD07A2A03D0252AEED10135EDE7AB78752BE9D18846204658F8042B311BFFF7A5FF0028DD
S32D0003C32024DDEA78033504444146002AE0D1E01B00232370BDE8F08151F8042B137853B1A64202D809E0A64246
S32D0003C34808D004F8013B12F8013F002BF7D10235C8E7264631463846FFF75CFF04461046E2E704462146384647
S32D0003C370FFF754FFD0E9012393421CD94A1C16D013F801CCCAB294450DD010B4046AE40658BF4FF0FF3004D5DC
S32D0003C3985C1E8460084603F8012C10BC7047013B836008467047013B8360002070474FF0FF30704710B50446CF
S32D0003C3C0406A084A226004F12C03984201D00BF04BF92046044B40F81C3BE3F7FBFE204610BD00BFC08B060066
S32D0003C3E87C8D0600036A1B0709D54269C3681AB19A4284BFC26013468068181A70474FF0FF307047036A1B07E8
S32D0003C4100BD54369C2681BB1934284BFC3601A468368934201D2187870474FF0FF30704710B50446406A094AD3
S32D0003C438226004F12C03984201D00BF011F92046054B40F81C3BE3F7C1FE20460BF008F9204610BDC08B0600B9
S32D0003C4607C8D060038B5154B1549044603F12802806A226404F1300244F8083C904203F11403C4E90031A4F122
S32D0003C488080501D00BF0ECF80C4B636004F12000E3F79CFE20460A4A0A4B226044F8083C0022094B44F8042C30
S32D0003C4B040F8403FF5F764FE284638BDB88C0600C08B06007C8D0600048C06002C8C06007483060038B5134BAD
S32D0003C4D81349044603F12802006BA26404F138022360904203F11403C4E9023101D00BF0B7F80C4BE36004F185
S32D0003C5002800E3F767FE0A490A4A0B4B226020460025C4E9015140F8483FF5F731FE204638BD00BFB88C06005C
S32D0003C528C08B06007C8D0600048C06002C8C0600748306000268144B70B552F80C6C134A8351841903F1280196
S32D0003C55005461433206BA36004F138039842A164E26001D00BF080F80B4BE36004F12800E3F730FE094BA360F0
S32D0003C5782046094BAB510022084B626040F8483FF5F7FAFD204670BDB88C0600C08B06007C8D0600048C060030
S32D0003C5A02C8C06007483060038B5144B1449044603F12802006BA26404F138022360904203F11403C4E90231BE
S32D0003C5C801D00BF04DF80D4BE36004F12800E3F7FDFD0B490B4A0C4B226020460025C4E9015140F8483FF5F7EE
S32D0003C5F0C7FD20460BF038F8204638BDB88C0600C08B06007C8D0600048C06002C8C06007483060038B5174B20
S32D0003C6181749044603F12802806A226404F1300244F8083C904203F11403C4E90031A4F1080501D00BF014F8DD
S32D0003C6400E4B636004F12000E3F7C4FD20460C4A0C4B226044F8083C00220B4B44F8042C40F8403FF5F78CFDD8
S32D0003C66828460AF0FDFF284638BD00BFB88C0600C08B06007C8D0600048C06002C8C0600748306000268164B55
S32D0003C69070B552F80C6C154A8351841903F1280105461433206BA36004F138039842A164E26001D00AF0D8FF92
S32D0003C6B80D4BE36004F12800E3F788FD0B4BA36020460B4BAB5100220A4B626040F8483FF5F752FD20460AF096
S32D0003C6E0C3FF204670BD00BFB88C0600C08B06007C8D0600048C06002C8C06007483060030B5DDE90334B3F194
S32D0003C708004F826174F10002016115DB03F1004E0EF1FF3E8E440A49224613EB010C62F10002BCF1004F72F14B
S32D0003C7300005AEEB03046346F3DA2344436130BD0C462344436130BD010000802DE9F04383B00D6ADDF828907A
S32D0003C75804460B988C460021C4E9021105EA000105F008054FF0FF364FF0FF37284201F0100EC4E90067C1F3F4
S32D0003C780001112D0BEF1000F50D1764680F00807C00601EAD70100F19280DCF804E0BEF1000F58D04FF0010809
S32D0003C7A80CE0DCF810E080F0080001EAD001BEF1000F70D091B34FF000084646DCF814703FB1DCF80C00874276
S32D0003C7D003D9002D51D0CCF80C70B9F1010F2AD0B9F1020F61D017461D46B8F1000F00D1C6B3002B09DBDCF889
S32D0003C7F80C00A0EB0E004FEAE078904278EB03002FDA01B956B1002D08DBDCF80C30A3EB0E0E4FEAEE73BE4571
S32D0003C820AB412DDA204603B0BDE8F083B9F1010618BF0126AAE7DCF80800A0EB0E0010EB0209A7EB0E0543EB35
S32D0003C848E070AF1843EBE5754A460346C9E752EA0300A3D0204603B0BDE8F0830029D2D1DCE7C4E90023DCF881
S32D0003C87004301A44CCF80820C7E7CCE90177AAE7DCF81820CDE900756046DCF81010FFF737FF2046C4E9007528
S32D0003C89803B0BDE8F08352EA0300BFD100298AD1BCE7DCF80C00A0EB0E00821843EBE07317461D4695E7DCF80A
S32D0003C8C010E0BEF1000F05D009B9002EAAD04FF0000877E752EA0300F6D0A3E782B02DE9F0418C4682B004465F
S32D0003C8E808A9DCF8200081E80C0000210C9BDDF824E04FF0FF36C4E902114FF0FF3700F00801C4E9006713EAB1
S32D0003C910010614BFDCF80450DCF81050904665B3034013F0180F22D0DCF8140040B1DCF80C20904204D909B929
S32D0003C938CCE90100CCF80C00BEF1000F13DBDCF80C20551BEA17454572EB0E020BDB26B1DCF804204244CCF835
S32D0003C9600820DB060DD408AB0FCB84E80F00204602B0BDE8F04102B0704758EA0E02F6D1CEE7DCF81820CDE9CD
S32D0003C988008E6046DCF81010FFF7B6FEE7E700BFF0B50446066AA56A1046626A04F12C07BA420D440CBF0F2719
S32D0003C9B0E76A914218BF2D189C4606F0080383B006F010060EBFCA192A46002033B10844C4E90110E5606EB95A
S32D0003C9D803B0F0BD002EFBD0CDE900C32046FFF78BFEC4E90155E56003B0F0BD0023CDE900C32046FFF780FE59
S32D0003CA0003B0F0BD10B5044609B1002A01DA204610BDD0F824C0002383628CF80030FFF7BBFF204610BD00BF9A
S32D0003CA28036ADB0640D52DE9F0434A1C89B00D463DD0466A016900F12C039E42836918BFC26A044608BF0F22E7
S32D0003CA50581A90420BD36169994238BF0D702CD2636901332846636109B0BDE8F0836369591A0091C917019137
S32D0003CA78324431462046FFF73FFE236A1B070AD5D4E90112E36866605B1A521A013332441E44A260E660636997
S32D0003CAA01D70636928460133636109B0BDE8F0834FF0FF3070470020D6E76FF040439A424ED05100994228BFE4
S32D0003CAC81946B1F5007F4FF0000304AE38BF4FF4007102A85FFA85F903938DF81030029600F082FC23693BB1C0
S32D0003CAF0A269D21A00920021039A02A800F030FDDDE90238B34218BF049A08F1010708BF0F2297421AD803F8DE
S32D0003CB180890029B03970022DA5502A904F1240000F094FED4E90432D31AD4E9012120468A1A616AFFF72CFFD1
S32D0003CB400298B0428CD00AF08FFD89E70123009300231A46414602A800F044FB029BDAE74FF0FF3080E702987F
S32D0003CB68B04201D00AF07CFD0AF080FEF8B52C4D00F1480604463046F5F7C2FA002105F11403C4E93011C4E958
S32D0003CB903211C4F8B810A4F8BC102560A36461603046F5F73BFA214BA3601433A36400213046F5F733FA1E4B8B
S32D0003CBB81E4A2360002503F128011433A164A360C4E90455C4E90655C4E90855E26004F12800E4F7F9F8164B2C
S32D0003CBE0E360182304F10C07E36204F13803C4E90C3584F8385039463046F5F70FFA2046F8BD06E03846FFF7D8
S32D0003CC08D9FB0C492046F5F7E9FA0B4BA3643046F5F7B2FA0AF02AFE002325606360F4E72C8C0600048C060076
S32D0003CC30B88C06007C8D0600C08B0600888C060074830600F0B5002202720D6A00F10807C0E9007283B00446C8
S32D0003CC589DB1D1E90663B54207D8F61A0096114600F07AFC204603B0F0BDED1A0095114600F072FC204603B0D1
S32D0003CC80F0BD303100F078FA204603B0F0BD2068874201D00AF0E8FC0AF0ECFD704700BF704700BF30B44FF05B
S32D0003CCA8FF344FF0FF350022C0E90045C0E9022230BC704782B010B40DF1040C8CE80C000024C0E9024410BCD2
S32D0003CCD04FF0FF324FF0FF33C0E9002302B0704700207047002070474FF0FF30704700BF4FF0FF30704700BFA7
S32D0003CCF84FF0FF30704700BF704700BF704700BF30B44FF0FF344FF0FF350022C0E90045C0E9022230BC7047F2
S32D0003CD2082B010B40DF1040C8CE80C000024C0E9024410BC4FF0FF324FF0FF33C0E9002302B070470020704792
S32D0003CD48002070474FF0FF30704700BF4FF0FF30704700BF4FF0FF30704700BF10B5044B044640F81C3BE3F770
S32D0003CD7031FA204610BD00BF7C8D060010B5044B044640F81C3BE3F725FA204610BD00BFBC8D060010B5054B2A
S32D0003CD98044640F81C3BE3F719FA20460AF060FC204610BD7C8D060010B5054B044640F81C3BE3F70BFA204673
S32D0003CDC00AF052FC204610BDBC8D06002DE9F843171E32DDDFF86880064689460025D6E905031A1A8342A7EB92
S32D0003CDE805014FEAA20414D08C42A8BF0C46254424B14946224620F0D3FB706900EB8400AF424FEA84037061ED
S32D0003CE1002DC2846BDE8F883994433685B6B4345F7D0D9F8001030469847013009F10409EFD00135AF42D2DCF6
S32D0003CE38EBE70025E9E700BF5DCD03002DE9F843171E2BDDDFF85880054689460024D5E905031A1AA7EB040605
S32D0003CE6049460FD09642A8BF1646324618F0C4FC6B6934443344A7426B6102DC2046BDE8F883B1442B685B6B2E
S32D0003CE884345F7D099F8001028469847013009F10109EFD00134A742D9DCEBE70024E9E7F9CC030003680A4A28
S32D0003CEB05B6A934202D14FF0FF30704710B504469847013004D0A36853F8040BA36010BD4FF0FF3010BD00BF9D
S32D0003CED84DCD030003680A4A5B6A934202D14FF0FF30704710B504469847013004D0A36813F8010BA36010BDD6
S32D0003CF004FF0FF3010BD00BFE9CC03002DE9F843B2F1000837DD1E4E1E4F05460B460024D5E90212521A11D086
S32D0003CF28A8EB04099145A8BF91464A46184618F05FFCAA684C444A44A045AA6021DC2046BDE8F88399462B68BF
S32D0003CF509A6AB24211D15B6ABB42F4D0284698470130F0D0AB6813F8010BAB604B460134A04503F8010BD3DC7C
S32D0003CF78E5E728469047431CE1D0C0B2F2E70024DDE78144DFE700BFDDCE0300E9CC03002DE9F047B2F100098B
S32D0003CFA03CDD1F4FDFF87C8006468A460025D6E902148C4218D0641AA210A9EB05049442A8BF144624B1224699
S32D0003CFC8504620F0EDFAB168254401EB8401A945B1604FEA840402DC2846BDE8F087A24433689A6ABA4212D12C
S32D0003CFF05B6A4345F4D0304698470130F0D0B36853F8040BB360431CEAD00135A9454AF8040BCCDCE4E73046BA
S32D0003D0189047F4E70025DFE7ADCE03004DCD0300D0E90232934210B5044603D213F8010BA36010BD0368094965
S32D0003D0409A6A8A4206D15B6A074A934205D14FF0FF3010BDBDE81040104798470130F6D0A368E7E7DDCE030073
S32D0003D068E9CC0300D0E90232934210B5044603D253F8040BA36010BD036809499A6A8A4206D15B6A074A9342C0
S32D0003D09005D14FF0FF3010BDBDE81040104798470130F6D0A368E7E7ADCE03004DCD0300016070470068704791
S32D0003D0B808307047816070470368416000225A54704700BF0868B0F1804F08B519D2904212D9B0EB420F4FEA04
S32D0003D0E042030DD2B3F1804F08D36FF040430B604FF08040BDE80840E2F7E8BC0B601846BDE808400130E2F737
S32D0003D108E1BC0148F4F7AEFE5C8E060030B583B00F290191044615460FD800680B463BB1012B12D01A46294699
S32D0003D13018F078FC019B206863600022C25403B030BD002201A9FFF7C1FF019B2060A360E9E70570019B206889
S32D0003D15863600022C25403B030BD00BF521A012A03D002B9704718F043BB0B780370704788422DD02DE9F041AF
S32D0003D18080464E6858F8087BB84514BF82680F22B24282B004460D460ED33EB1012E29681BD03846324618F008
S32D0003D1A827FB276866600023BB5502B0BDE8F08101A90196FFF786FF07462068804501D00AF04EFA019B276058
S32D0003D1D0A360002EEAD0E1E770470B783B702768E4E700BF2DE9F04F83B04768DDF830B081469A46ABEB02034F
S32D0003D1F83B44019359F8083B994501EB02060D4614BF82680F2201A90446FFF75BFFBF1B80462DB1012D2168D3
S32D0003D22029D02A4618F0E8FABAF1000F0BD0BBF1000F08D0BBF1010F08EB050022D051465A4618F0D9FA57B1A2
S32D0003D24823685D44012F08EB050003EB060111D03A4618F0CDFA2068814501D00AF000FA019BC4F80080A3604E
S32D0003D27003B0BDE8F08F0B780370D5E79B5D08F80530ECE79AF8003008F80530DBE700BF38B5436801EB020CFA
S32D0003D2981546B3EB0C0204460BD055B10368012A03EB010003EB0C0E09D0714618F03AFB636822685B1B0021ED
S32D0003D2C06360D15438BD13F80C205A546368F4E7002200F10801C0E900120272704700BF10B500F10803044609
S32D0003D2E80360FFF713FF204610BD00BF0B4630B500F10804046053F8082B934209D08C68026084604C68446063
S32D0003D3100022C1E900320A7230BD8D68D3F804E0D3F808C0DA6842618560C0F80CE0C0F810C0EBE7034610B578
S32D0003D338044653F8080B984201D00AF091F9204610BD00BF10B50446FFF712FF204610BD70B50D46036855F882
S32D0003D360082B95420E4604461DD000F108018B420DD0026072684260B168826881605BB1B260002233607260FC
S32D0003D3881A70204670BD7368C0E90023B36883602B460022356072601A70204670BD4A683AB1012A0ED0184697
S32D0003D3B0294618F021FA236872686260002199543368002272601A70204670BD0A7A1A7003684A68F1E700BF17
S32D0003D3D84068704740687047034653F8082B9A4214BF80680F20704770B504462546406855F8086B82B08142EB
S32D0003D40034BF03460B46019138BF0190B54214BFA2680F229A420FD010D30F2B0ED8B5420AD0421C30B31AB1B4
S32D0003D4283146284618F0E4F930460AF019F9256002B070BD01A92046FFF744FE6368216806465A1C73B14AB99E
S32D0003D4508D4202D008460AF007F9019B2660A36002B070BD18F0C8F92168F1E70B7803702168EDE73378237201
S32D0003D478DAE700BF00680844704700BF2DE9F0411D460F4602F180434168013B82B05B1A9D429DF8208044D868
S32D0003D4A0044650F8083B834218BFA068A5EB02060E4408BF0F20B04223D302EB070CB1EB0C0C0DD0AA420BD0C2
S32D0003D4C83B44BCF1010F03EB050003EB02011ED0624618F027FA236845B1012D03EB07001BD02A46414618F0C6
S32D0003D4F099FA23686660002220469A5502B0BDE8F0810023009539462046FFF76BFE2368002DEFD0E5E79A5CB3
S32D0003D5185A552368002DE9D0DFE703F807802368E4E70148F4F79EFCA871060010B544688C4282B00B4606D39C
S32D0003D54003D9026843600021D15402B010BD00920B1B00222146FFF795FF02B010BD00BF2DE9F04F154685B01E
S32D0003D56842680E9E1F4605F18043013B9B1A9E4200F2B2800346A6EB050B53F808AB9A4518BF836802EB0B099F
S32D0003D59008BF0F234B45044688463DD36B18BA455144A2EB030302911FD963B1B5420AD00AEB0802012B02EB87
S32D0003D5B8060002EB050151D01A4618F0B3F936B1012E2BD002983246394618F011F92368C4F8049000222046FD
S32D0003D5E003F8092005B0BDE8F08F52449742DCD836B3B5421AD23BBB0AEB08031D44BB199D4237D3012E0DD00E
S32D0003D608002EE4D002983246394618F08BF9DEE700963B462A46FFF7E1FDD8E73B780AF80830D4E7012E44D028
S32D0003D630324639460AEB0800039318F077F9039B002BC8D0B542C6D00AEB0802012B02EB060002EB05010AD0EE
S32D0003D6581A4618F067F9B542CAD3B8E7535D9355002EB4D0ACE7535D9355F4E7BD420AD8012E07EB0B0126D052
S32D0003D680002EA8D00298324618F0B6F8A3E7ED1B012D18D025B1029839462A4618F046F9029B721B012A03EB7A
S32D0003D6A8050003EB060113D0002A90D018F0A0F88DE73A780AF80820002BCCD0BEE73B780AF80830E8E717F8C3
S32D0003D6D00B300AF808307EE71A469B5D53557AE70148F4F7C3FB00BF8C8E060030B5044683B008460D461AF010
S32D0003D6F8A3F8626800902B4600212046FFF72CFF03B030BD10B54468A142D2E9003282B005D800920022FFF759
S32D0003D7201FFF02B010BD8C460248034923466246F4F7B4FB44710600748E060070B5054682B010460C461646BF
S32D0003D7481AF07AF86B689C4208D800903346002221462846FFF700FF02B070BD024903482246F4F797FB00BF95
S32D0003D770748E060044710600F0B54768044650F8085B854218BFA36807EB020608BF0F239E4283B00DD832B105
S32D0003D798012A05EB070011D018F02AF82568666000232046AB5503B0F0BD00920B46002239462046FFF712FD08
S32D0003D7C02568F0E70B78EB552568ECE708B5D1E90012FFF7D1FF08BD38B5044608460D461AF02EF861686FF06D
S32D0003D7E840435B1A834205D3024629462046FFF7BFFF38BD0148F4F735FB00BFE071060010B54468A3429C4603
S32D0003D81016D8E41A944228BF144654B18646012CDEF80030084603EB0C0104D0224617F0E3FF204610BD13F834
S32D0003D8380C300370204610BD0249034823466246F4F728FB7C71060044710600884261D0F0B5044685B054F80F
S32D0003D860082B944284468E4619D00B46806853F8081B994244D0CCF80010DEF80830CEF80020CCF80830CEF8E7
S32D0003D8880800DEF80430DCF80420CCF80430CEF8042005B0F0BD0B4653F8085B9D4216D06668A068E168DEF868
S32D0003D8B00820DCF80840CEF808405E609860D960CCF80050CEF80030CCF80820DEF80430DCF80420DDE74268A0
S32D0003D8D84B6802B313BBA168E2686068DCF808402C606860A960EA60DCE90021CEF80410CCF804301370CCE71D
S32D0003D9000F684E688D68CB68CCF808706660A560E360CEF80020CCF80040B4E77047E3B91A46B6E72868696821
S32D0003D928AA68EB686E460FC6DCF808106268A368E068E8606E4629606A60AB600FCECCF808006160A260E360CE
S32D0003D950DEF80430DCF804209BE7A968EB682E686868CCF808606060A160E360DEE90031CCF80410CEF804206E
S32D0003D9781A708EE700687047704700BF43689A4217D2006803F1FF3C013A00B583188444C0F1010E01E0634547
S32D0003D9A007D00EEB030013F8012F8A42F7D05DF804FB4FF0FF305DF804FB4FF0FF3070470160704700F1080267
S32D0003D9C810B50260D1E9001204460A444FF00003D3F7A8FA204610BD70B5054682B011B3541A0F2C0E460194CA
S32D0003D9F00BD8012C006822D10B780370019C28686C600023035502B070BD002201A9FFF75DFB019B2860AB6009
S32D0003DA182246314617F0ECFE019C28686C600023035502B070BD4AB90068144600236C60035502B070BD002CA3
S32D0003DA40DED0E9E70148F4F7F9F900BF6073060038B500F10803044603600D4659B1084619F0EEFE4FF0000301
S32D0003DA682A1829462046FFF7B7FF204638BD204601224FF000032946FFF7AEFF204638BD83685869704700BF15
S32D0003DA9083689869704700BF8368586B704700BF83689B6B0022D9B261F30702C3F3072161F30F22C3F3074183
S32D0003DAB861F317421B0E63F31F6282B0104602B0704700BF8368DB6B0022D9B261F30702C3F3072161F30F2242
S32D0003DAE0C3F3074161F317421B0E63F31F6282B0104602B0704700BF83685869704700BF83689869704700BF36
S32D0003DB088368586B704700BF83689B6B0022D9B261F30702C3F3072161F30F22C3F3074161F317421B0E63F340
S32D0003DB301F6282B0104602B0704700BF8368DB6B0022D9B261F30702C3F3072161F30F22C3F3074161F317424A
S32D0003DB581B0E63F31F6282B0104602B0704700BF8368586A704700BF8368986A704700BF0020704700207047B8
S32D0003DB80704700BF91424FF0000006D251F8043B8A4203EB7060F9D87047704710B5034B03600446E2F782FAAE
S32D0003DBA8204610BD6C90060010B5034B03600446E2F778FA204610BD8490060010B5034B03600446E2F76EFABE
S32D0003DBD0204610BD308F060010B5034B03600446E2F764FA204610BD6C8F060010B5034B03600446E2F75AFA14
S32D0003DBF8204610BD9C8F060010B5034B03600446E2F750FA204610BD9C90060010B5034B03600446E2F746FA77
S32D0003DC20204610BDB090060010B5054B03600446E2F73CFA204609F017FD204610BD00BF6C90060010B5054B0D
S32D0003DC4803600446E2F72EFA204609F009FD204610BD00BF8490060010B5054B03600446E2F720FA204609F078
S32D0003DC70FBFC204610BD00BF308F060010B5054B03600446E2F712FA204609F0EDFC204610BD00BF6C8F0600F3
S32D0003DC9810B50446FFF7A6FF204609F0E1FC204610BD00BF10B5054B03600446E2F7FAF9204609F0D5FC20465F
S32D0003DCC010BD00BF9C90060010B5054B03600446E2F7ECF9204609F0C7FC204610BD00BFB090060010B5054B86
S32D0003DCE8044640F8083B0BF0D1F82046E2F7DAF9204610BD2490060010B50446FFF7EEFF204609F0ADFC204623
S32D0003DD1010BD00BF10B5054B044640F8083B0BF0B9F82046E2F7C2F9204610BDB08E060038B50D4B0360056949
S32D0003DD380446E2F7DDF9854203D015B1284609F091FCA06810B103685B68984704F10C000BF09CF82046E2F7C8
S32D0003DD60A5F9204638BD00BFAC8F060010B50446FFF7DEFF204609F077FC204610BD00BF88421AD070B50546CF
S32D0003DD8800B30C1A20460021E7F7BCFA012C064600F10C030AD018462246294617F028FD03460A4A964207D175
S32D0003DDB0184670BD2A780273F7E7074B1846704731190022B26034600A73F1E70348F4F735F800BF542D002031
S32D0003DDD8602D0020107206002DE9F0410E1AB710054600213846E7F735FE012F044600F10C0816D02FB90C4B10
S32D0003DE009C420AD14046BDE8F08129463A4640461FF0CAFB064B9C42F4D026440023A36027604046F360BDE8CB
S32D0003DE28F0812B68C360E6E7642D002010B5074B044640F8083B0BF029F82046E2F732F9204609F00DFC2046F4
S32D0003DE5010BD00BFB08E0600F0B58B689F6883B04FB30446384619F0EBFC0646A8B101AA0021E7F74BFA012E82
S32D0003DE78054600F10C0311D018463946324617F0B7FC03460B4A95420BD12046236003B0F0BD094B2360204667
S32D0003DEA003B0F0BD3A780273F0E70022AA602E6035442A73EDE70348F3F7C0FF542D0020602D00201072060085
S32D0003DEC8F0B58B689F6883B04FB30446384619F0B3FC0646A8B101AA0021E7F713FA012E054600F10C0311D01E
S32D0003DEF018463946324617F07FFC03460B4A95420BD12046236003B0F0BD094B2360204603B0F0BD3A780273CC
S32D0003DF18F0E70022AA602E6035442A73EDE70348F3F788FF542D0020602D002010720600F0B58B689F6883B0F9
S32D0003DF404FB30446384619F07BFC0646A8B101AA0021E7F7DBF9012E054600F10C0311D018463946324617F08C
S32D0003DF6847FC03460B4A95420BD12046236003B0F0BD094B2360204603B0F0BD3A780273F0E70022AA602E6056
S32D0003DF9035442A73EDE70348F3F750FF542D0020602D00201072060030B58B68DD6983B0A5B1044628461FF0AE
S32D0003DFB853F905EB80018D4204D108482060204603B030BD01AA2846FFF706FF2060204603B030BD0248F3F733
S32D0003DFE02DFF00BF702D00201072060030B58B685D6A83B0A5B1044628461FF031F905EB80018D4204D1084862
S32D0003E0082060204603B030BD01AA2846FFF7E4FE2060204603B030BD0248F3F70BFF00BF702D002010720600A8
S32D0003E03030B58B68DD6983B0A5B1044628461FF00FF905EB80018D4204D108482060204603B030BD01AA284645
S32D0003E058FFF7C2FE2060204603B030BD0248F3F7E9FE00BF702D00201072060030B58B68DD6A83B0A5B104464A
S32D0003E08028461FF0EDF805EB80018D4204D108482060204603B030BD01AA2846FFF7A0FE2060204603B030BDEF
S32D0003E0A80248F3F7C7FE00BF702D00201072060030B58B685D6983B0A5B1044628461FF0CBF805EB80018D4259
S32D0003E0D004D108482060204603B030BD01AA2846FFF77EFE2060204603B030BD0248F3F7A5FE00BF702D002010
S32D0003E0F81072060030B58B68DD6983B0A5B1044628461FF0A9F805EB80018D4204D108482060204603B030BD75
S32D0003E12001AA2846FFF75CFE2060204603B030BD0248F3F783FE00BF702D00201072060030B58B685D6A83B054
S32D0003E148A5B1044628461FF087F805EB80018D4204D108482060204603B030BD01AA2846FFF73AFE20602046F2
S32D0003E17003B030BD0248F3F761FE00BF702D00201072060030B58B68DD6A83B0A5B1044628461FF065F805EB8B
S32D0003E19880018D4204D108482060204603B030BD01AA2846FFF718FE2060204603B030BD0248F3F73FFE00BF80
S32D0003E1C0702D0020107206002DE9F04F83B091420C9E0D4607461C464BD000296ED0114628466A46FFF7FCFDFC
S32D0003E1E8B4428346CDF804B045D0002C5FD06A4631462046FFF7F0FDDDF804B081465BF80C3C59F80C6C0BEB44
S32D0003E210830809EB86064C4604E0A64232D00BF1040B04342246594638460BF027F8824688B958461FF014F8CE
S32D0003E238054620461FF010F80BEB850BD84504EB8004E6D1B6EB040A18BF4FF0FF3A1D4CA9F10C00A04214D14C
S32D0003E260019BA3F10C00A0421AD1504603B0BDE8F08FDFF85CB0CDF804B0B442B9D1DFF85090C0E74FF0010A93
S32D0003E288E5E759F8043C5A1E002B49F8042CE3DC6946E7F743FCDFE753F8042C511E002A43F8041CDDDC6946CC
S32D0003E2B0E7F738FCD9E70748F3F7C0FD0548F3F7BDFD01A8E7F764FD09F0D4FA642D0020702D002010720600DF
S32D0003E2D82DE9F04F9A42504D056083B0074616461C46894607D0002A79D06A4619463046FFF772FD054655F809
S32D0003E3000C3C019505EB830A464BA41B9C424FEA640600F28280B0000AF022F9DFF808B104461AE03B6853E954
S32D0003E328032102F10108884505F1040503D853F8041C002906DD41463846E7F76BFD3B6853F80C2CA3F10C0174
S32D0003E3500020594543F8220033D12A463346214648460AF097FF8642024612D8461C204609F07CF96FF06043DD
S32D0003E3789E424BD2B0000AF0EFF82A4601460446334648460AF082FF024621463846E7F7A3FD28461EF060FFDD
S32D0003E3A005EB8005AA45BDD1204609F05FF9019B1D4AA3F10C0090420AD1384603B0BDE8F08F43F8040C43F878
S32D0003E3C80C8C43F82800C4E753F8042C511E002A43F8041CEDDC6946E7F7A0FBE9E71148F3F728FD09F0CCFB26
S32D0003E3F0204609F03BF90AF035F809F0C5FBFAE709F000FC01A8E7F7C3FC3846E7F7C0FC09F030FA09F008FB36
S32D0003E418F4E709F005FBF4E7702D0020FCFFFF3F642D002010720600003A0B4B18BF012210B58160C0E90032EA
S32D0003E4400446E1F759FE0021206120460BF0DEFA204610BD2046E1F729FE09F00BFA00BFAC8F06000039084B35
S32D0003E46818BF012110B5C0E900310446E1F730FEA060204610BD2046E1F714FE09F0F6F92490060010B5044667
S32D0003E4900A48E2F7B7F82368D3E90132824209D953F8200030B1064A0649002309F0E0F810B110BDF3F7B2FC5C
S32D0003E4B809F0A6FA782D002074720600706406002DE9F04F85B004A901E90C00149ADDF838A0034602F16C00DF
S32D0003E4E00093DDE90247FFF7D1FF139B022B814600F08880042B0CBF4FF47A7601260025DDF83CB0A8460CB124
S32D0003E5087B1C41D03B46A3F1FF33B3FA83F35B09BAF1000F02D0BBF1FF3F3ED05846A0F1FF30B0FA80F0400927
S32D0003E5309842139B4DD0984561D00CB17A1C3AD03946D9F800302A221B6B484698473038C3B2092B3FD805EBD3
S32D0003E5588505129A00EB450505FB06F3934236DC119A3344934232DD2F4BA3FB0636D4E9023293424FEAD60612
S32D0003E58022D20433A36008F101084FF0FF37BAE7D4E9023293423FD21B68581C08BF0024B5E7DAE902218A421D
S32D0003E5A82ED21068411C08BF4FF0000AB7E7D4E90232934232D219684B1C08BF0024BCE7236820469B6A9847AA
S32D0003E5D0D9E7984513D0139B042B0CD0159B159A1B6843F004031360009B1846C3E9004705B0BDE8F08FB8F1E4
S32D0003E5F8020FEFD1643D109B1D60F1E70A267AE7DAF800200193526A50469047019BC9E7236820465B6A98475F
S32D0003E6200346BAE7236820465B6A98470146C7E7CDCCCCCCF0B591B00CAC84E80C00189A06920B4642F20F72BE
S32D0003E6480421CDE904210EAA029216AA054692E803008DE803001946002303930F930FAB0AAE079394E80C0007
S32D0003E6703046199FFFF728FF96E803000F9B84E80300024643BB0E9B1A99002BB4BF6433A3F26C734B610D9EF2
S32D0003E6980AB1731C27D0DDE91603A6F1FF36B6FA86F6760908B1591C17D0A3F1FF33B3FA83F35B09B34203D18F
S32D0003E6C03B6843F002033B600C9294E8030085E80300284611B0F0BD3B6843F004033B60D9E7D0E902318B4259
S32D0003E6E80AD21B68E1E7D2E902318B420BD21E68701C08BF0022CEE7036809925B6A9847099A0346D1E71368C9
S32D0003E710099210465B6A9847099A0646ECE700BF2DE9F04F89B000AF07F1200101E90C00FA6DD7F81890D7F8C9
S32D0003E7381CB00346BB6002F16C00BB6CFB60FFF7A1FEBA6D6B46A3EBC2039D468246E846B9F1000F03D0BBF1CE
S32D0003E760FF3F00F002815C46FB6C7B61A4F1FF341A46FB68B4FA84F464091BB11346013300F01B817B69A3F177
S32D0003E788FF33B3FA83F35B09A34240F0B780002426462546B9F1000F02D0BBF1FF3F53D05846A0F1FF3AFB68FD
S32D0003E7B0BAFA8AFA4FEA5A1A13B17B69013370D07B69A3F1FF33B3FA83F35B0953457CD0B9F1000F02D0BBF1EB
S32D0003E7D8FF3F44D0DE46002C4FD00023C7F810904FEA860AD7F854909C4604E00CF1010C0133A34219D255F830
S32D0003E8002320B2424FEA830005EB8301F2D958F8232059F8222052F80A2072453FD0013CA34258F8242048F85F
S32D0003E828002055F824200A60E5D36445D7F8109047D0D9E902239A4251D20432C9F8082001364FF0FF3BA5E77C
S32D0003E850D9E902239A4280F0BC801068411C08BF4FF00009A1E7D9E902239A4280F0B780D2F800E0BEF1FF3FBB
S32D0003E87808BF4FF00009002CAFD13B6E3A6E1B6843F004031360BB6824371846C3E9009BBD46BDE8F08F0133B5
S32D0003E8A0ABE7FB68D3E902239A4280F09F8013685A1CA3F1FF33B3FA83F34FEA5313FA6808BF00225345FA6050
S32D0003E8C882D1012C11D12B68B342D6D1BA6DD8F800309342A8BF9B1A3A6D1360D3E7D9F8003048469B6A98472F
S32D0003E8F0AAE7022CC5D12B68B342EBD06B68B342BFD1E7E7B9F1000F02D0BBF1FF3F73D05946BB6D5C007BD013
S32D0003E9187B6DC7F8109000251A1FC7F804B02E468B46914608E0DAF800309B699847584508D00135A5420CD05F
S32D0003E94059F8043F196859455046F0D148F826500135A54206F10106F2D1D7F81090D7F804B066B93446354602
S32D0003E96818E7D9E90232934251D21C68651C08BF4FF00009F4E64846FEF774FBB300073323F00703ADEB030DFF
S32D0003E990D7F854B06D46A8F1040A00245AF8043F5BF823001EF05CFC45F824000134A642F4D14FF0FF3B0126B1
S32D0003E9B8F0E6FB68D3E902239A422FD21368FA68581C08BF0022FA60D9E6D9F8003048465B6A98473EE7D9F8BB
S32D0003E9E0003048465B6A9847864643E7F86803685B6A984703465BE7D9E90232934217D21B6819460B46013399
S32D0003EA0808BF4FF0000980E726462546C2E6D9F8003048465B6A98470446A7E7F86803685B6A98470346CAE774
S32D0003EA30D9F8003048465B6A98470146E2E700BF10B504460A48E1F7DDFD2368D3E90132824209D953F8200015
S32D0003EA5830B1064A0649002308F006FE10B110BDF3F7D8F908F0CCFFAC2E0020D0910600706406002DE9F04F52
S32D0003EA80044689B008468B46FFF7DAFF0368A94A1B699342054640F0CA8083689E68002E00F0BB80304618F0B0
S32D0003EAA8CBFE3118304607AAFFF766F905900DF1140A50F80C0CE06009F04EFD80460146E26800235046E6F72D
S32D0003EAD0C3FBE3682BB198F90030002BD4BF0023012323742B68944A5B69934240F09880AB685F69002F00F087
S32D0003EAF8D08038461EF0B0FB07EB80018F427ED18C48069006AB019350F80C0CA0616FF06043984280F0FD80FA
S32D0003EB20800009F01DFD07460146A26901980023E6F758FF2B68824A9B6993427ED1AB68DE69002E00F0AC8077
S32D0003EB4830461EF089FB06EB80018E425CD1794807900DF11C0950F80C0C20626FF06043984280F0DE8080009E
S32D0003EB7009F0F6FC06460146226A00234846E6F731FF2B686F499A688A4261D1AA68506ADB686D4A6062934204
S32D0003EB9857D1AB68986AA0625846FFF773FC694B1968036801F12402D3F82CB004F12C030546D847644B1968ED
S32D0003EBC02B68284601F11A02DD6A04F1BC03A847079BC4F80880012284F824216761E6615C4CA3F10C00A04228
S32D0003EBE841D1069BA3F10C00A04231D1059B584AA3F10C00904241D109B0BDE8F08F384603AAFFF7E9F87CE7BD
S32D0003EC10304604AAFFF7E4F89EE74FF0FF3145E706AA0192294610469847069870E70DF1140A01465046984709
S32D0003EC3805983EE70DF11C09294648469847079889E728469847A6E7284690472B689BE753F8042C511E002A93
S32D0003EC6043F8041CC6DC4946E6F75CFFC2E753F8042C511E002A43F8041CB6DC04A9E6F751FFB2E753F8042C27
S32D0003EC88511E002A43F8041CB6DC4946E6F7A6FBB2E73048F3F7CEF82E48F3F7CBF808F06FFF09F0DBFB044665
S32D0003ECB000260198E7F76CF85046E6F7BBFC204608F062FFB8F1000F02D0404608F0CEFC17B1384608F0CAFC73
S32D0003ECD8002EE6D0304608F0C5FCE2E70446E4E708F08CFF08F0C2FD04463E46E0E704464846E7F749F8D8E795
S32D0003ED00D5E704460026F7E7002604463746D3E7002604463746B046CEE708F085FEF3E7002604463746C4E7AC
S32D0003ED28C1E708F07DFEF7E7E7E7E9E739DF0300B9E00300702D002031E0030069DB030071DB03002C0D0020AC
S32D0003ED50280D0020642D0020542D00201072060010B504460A48E1F74DFC2368D3E90132824209D953F8200056
S32D0003ED7830B1064A0649002308F076FC10B110BDF3F748F808F03CFEA42E0020A49106007064060010B504465D
S32D0003EDA00A48E1F72FFC2368D3E90132824209D953F8200030B1064A0649002308F058FC10B110BDF3F72AF8D9
S32D0003EDC808F01EFEA82E0020989106007064060010B504460A48E1F711FC2368D3E90132824209D953F8200036
S32D0003EDF030B1064A0649002308F03AFC10B110BDF3F70CF808F000FEB82E0020F0900600706406002DE9F04FF4
S32D0003EE1804468FB008468A46FFF7DAFF0368A6499A688A42054640F0268182685069DA68A24960618A4240F07C
S32D0003EE401A81AA6890691A6A9F49A0618A4240F00281AA681B69506B9C4A6063934240F00381AB689E68002E45
S32D0003EE6800F0F280304618F0E7FC3118304608AAFEF782FF05900DF1140B50F80C0CE06009F06AFB8146014611
S32D0003EE90E26800235846E6F7DFF9E3682BB199F90030002BD4BF0023012323742B68884A5B69934240F0E68078
S32D0003EEB8AB68D3F81C80B8F1000F00F0468140461EF0CAF908EB8001884540F0AE807F48069006AB019350F860
S32D0003EEE00C0C20626FF06043984280F07381800009F036FB80460146226A01980023E6F771FD2B68744A9B6988
S32D0003EF08934240F0C280AB685F6A002F00F0208138461EF0A1F907EB80018F4240F08A806A48079007AB0293C1
S32D0003EF3050F80C0CA0626FF06043984280F05D81800009F00DFB07460146A26A02980023E6F748FD2B68614AE6
S32D0003EF58DB69934240F0A880AB68DE6A002E00F0FA8030461EF078F906EB80018E4266D15648089008AB039337
S32D0003EF8050F80C0C20636FF06043984280F03381800009F0E5FA06460146226B03980023E6F720FD2B684E4A22
S32D0003EFA85B6A93427CD1AB689B6B0C930993099BA3630D932B68494A9B6A93426CD1AB68DB6B0D930B930B9B39
S32D0003EFD0E36350460A93FFF759FA0368DD6A424B196804F1400301F10B02A847089B3F4DC4F80890A3F10C0045
S32D0003EFF80122A84284F86C20C4F81C806762E6627FD1079BA3F10C00A8426FD1069BA3F10C00A84240F08D8046
S32D0003F020059B334AA3F10C0090427AD10FB0BDE8F08F404609AAFEF7D3FE4DE738460AAAFEF7CEFE71E730460E
S32D0003F0480BAAFEF7C9FE94E74FF0FF310EE7284690472B681B4A1B69606393423FF4FDAE0DF1140B29465846E6
S32D0003F0709847059805E7284690472B68E3E690472B68D8E606AA0192294610469847069825E707AA02922946F9
S32D0003F09810469847079847E7284698470B9092E728469847099082E708AA0392294610469847089860E700BF04
S32D0003F0C0F9DA030001DB030009DB030059DE0300FDE00300702D002041E1030085E1030011DB03003DDB030014
S32D0003F0E8300D0020642D0020542D002053F8042C511E002A43F8041C88DC0AA9E6F70EFD84E753F8042C511E85
S32D0003F110002A43F8041C3FF778AF0AA9E6F702FD73E753F8042C511E002A43F8041C3FF77DAF0AA9E6F756F953
S32D0003F13878E753F8042C511E002A43F8041C3FF76BAF0AA9E6F7EAFC66E73648F2F772FE3448F2F76FFE3348A1
S32D0003F160F2F76CFE044600260298E6F711FE0198E6F70EFE5846E6F75DFA204608F004FDB9F1000F02D0484669
S32D0003F18808F070FAB8F1000F02D0404608F06AFA17B1384608F066FA16B1304608F062FA09F05CF90446464635
S32D0003F1B04746DFE7002604463746D8E704463E46D5E70446D0E708F01DFD08F053FB08F0DBFCE9E708F028FC91
S32D0003F1D8002604463746B046C5E7E7E7F8E7044600260398E6F7D0FDBAE70446F9E708F017FC08F015FCF2E75D
S32D0003F200002604463746AFE7002604463746B046B0E7F9E7A6E7F7E7CCE7F1E7A2E7002604463746B046B146A7
S32D0003F228A4E700BF1072060010B504460A48E1F7E5F92368D3E90132824209D953F8200030B1064A064900239E
S32D0003F25008F00EFA10B110BDF2F7E0FD08F0D4FBBC2E0020D0900600706406002DE9F04F04468FB008468A462C
S32D0003F278FFF7DAFF0368A6499A688A42054640F0268182685069DA68A24960618A4240F01A81AA6890691A6A95
S32D0003F2A09F49A0618A4240F00281AA681B69506B9C4A6063934240F00381AB689E68002E00F0F280304618F02B
S32D0003F2C8BBFA3118304608AAFEF756FD05900DF1140B50F80C0CE06009F03EF981460146E26800235846E5F730
S32D0003F2F0B3FFE3682BB199F90030002BD4BF0023012323742B68884A5B69934240F0E680AB68D3F81C80B8F1FF
S32D0003F318000F00F0468140461DF09EFF08EB8001884540F0AE807F48069006AB019350F80C0C20626FF06043A9
S32D0003F340984280F07381800009F00AF980460146226A01980023E6F745FB2B68744A9B69934240F0C280AB68C1
S32D0003F3685F6A002F00F0208138461DF075FF07EB80018F4240F08A806A48079007AB029350F80C0CA0626FF01D
S32D0003F3906043984280F05D81800009F0E1F807460146A26A02980023E6F71CFB2B68614ADB69934240F0A8802F
S32D0003F3B8AB68DE6A002E00F0FA8030461DF04CFF06EB80018E4266D15648089008AB039350F80C0C20636FF029
S32D0003F3E06043984280F03381800009F0B9F806460146226B03980023E6F7F4FA2B684E4A5B6A93427CD1AB6863
S32D0003F4089B6B0C930993099BA3630D932B68494A9B6A93426CD1AB68DB6B0D930B930B9BE36350460A93FFF75F
S32D0003F4302DF80368DD6A424B196804F1400301F10B02A847089B3F4DC4F80890A3F10C000122A84284F86C2068
S32D0003F458C4F81C806762E6627FD1079BA3F10C00A8426FD1069BA3F10C00A84240F08D80059B334AA3F10C0039
S32D0003F48090427AD10FB0BDE8F08F404609AAFEF7A7FC4DE738460AAAFEF7A2FC71E730460BAAFEF79DFC94E705
S32D0003F4A84FF0FF310EE7284690472B681B4A1B69606393423FF4FDAE0DF1140B294658469847059805E7284698
S32D0003F4D090472B68E3E690472B68D8E606AA0192294610469847069825E707AA0292294610469847079847E769
S32D0003F4F8284698470B9092E728469847099082E708AA0392294610469847089860E700BF89DA030091DA0300CE
S32D0003F52099DA0300C9DE0300A9DF0300702D0020EDDF030075E00300A1DA0300CDDA0300300D0020642D0020F5
S32D0003F548542D002053F8042C511E002A43F8041C88DC0AA9E6F7E2FA84E753F8042C511E002A43F8041C3FF7A2
S32D0003F57078AF0AA9E6F7D6FA73E753F8042C511E002A43F8041C3FF77DAF0AA9E5F72AFF78E753F8042C511EB7
S32D0003F598002A43F8041C3FF76BAF0AA9E6F7BEFA66E73648F2F746FC3448F2F743FC3348F2F740FC044600267B
S32D0003F5C00298E6F7E5FB0198E6F7E2FB5846E6F731F8204608F0D8FAB9F1000F02D0484608F044F8B8F1000F97
S32D0003F5E802D0404608F03EF817B1384608F03AF816B1304608F036F808F030FF044646464746DFE700260446D9
S32D0003F6103746D8E704463E46D5E70446D0E708F0F1FA08F027F908F0AFFAE9E708F0FCF9002604463746B046C6
S32D0003F638C5E7E7E7F8E7044600260398E6F7A4FBBAE70446F9E708F0EBF908F0E9F9F2E7002604463746AFE7E4
S32D0003F660002604463746B046B0E7F9E7A6E7F7E7CCE7F1E7A2E7002604463746B046B146A4E700BF10720600F4
S32D0003F68810B504460A48E0F7B9FF2368D3E90132824209D953F8200030B1064A0649002307F0E2FF10B110BDCD
S32D0003F6B0F2F7B4FB08F0A8F9A02E002010910600706406002DE9F043ADF5097D02AD909F9DF84C929DF8508260
S32D0003F6D86C370446384685E80C00FEF7D3FE06463846FFF7CDFF336807469B6A3046252198470490B8F1000FF7
S32D0003F70020D1CDE90598929B0093384604AB802208A90AF047F908A81DF0A2FD2F682D79064645B93B6802464C
S32D0003F7281B6B08A938469847864218BF01252046276025710DF5097DBDE8F0830023CDE905890793DBE700BFB2
S32D0003F7502DE9F0419EB00CACDDF89880279F054608F16C000E4684E80C00FFF78DFF836800220F92DA6A1792EF
S32D0003F7781A6B18925A6B19929A6C1092DA6C11921A6D12925A6D13929A6D1492DA6D15921A6E16929A6B1A921D
S32D0003F7A0DA6B1B921A6C5B6C1C921D930FAA07230692CDF81480049310AB03930EAB029324AB93E803008DE8CF
S32D0003F7C8030031460AAE94E80C003046FEF7A4FF96E803000F9B84E80300024623BB28990E9B8B610D9E0AB1CC
S32D0003F7F0731C28D0DDE92403A6F1FF36B6FA86F6760908B1591C18D0A3F1FF33B3FA83F35B09B34203D13B682E
S32D0003F81843F002033B600C9294E8030085E8030028461EB0BDE8F0813B6843F004033B60D8E7D0E902318B421D
S32D0003F8400AD21B68E0E7D2E902318B420BD21E68701C08BF0022CDE7036809925B6A9847099A0346D0E7136862
S32D0003F868099210465B6A9847099A0646ECE700BF2DE9F043A7B00AACDDF8C090DDF8C480054609F16C000F46BF
S32D0003F89084E80C00FFF7F8FE8368D3F894200E92D3F898200F92D3F89C201092D3F8A0201192D3F8A42012922B
S32D0003F8B8D3F8A8201392D3F8AC201492D3F8B0201592D3F8B4201692D3F8B8201792D3F8BC201892D3F8C020D9
S32D0003F8E019925A6E1A929A6E1B92DA6E1C921A6F1D92D3F874C0CDF878C0D3F878C0CDF87CC0D3F87CC0CDF829
S32D0003F90880C0D3F880C0CDF884C0D3F884C0CDF888C00DF1340ED3F888C0CDF88CC00C210EA8D3F88CC0D3F835
S32D0003F93090302593CDE9059ECDE903010CAA002302920D932EAB93E803008DE8030008AE394694E80C0030460C
S32D0003F958CDF890C0FEF7E0FE96E803000D9B84E80300074633BB329A0C9B13610B9E0FB1701C2CD0DDE92E03F4
S32D0003F980A6F1FF36B6FA86F6760908B15A1C1CD0A3F1FF33B3FA83F35B09B34205D1D8F8003043F00203C8F8B4
S32D0003F9A800300A9794E8030085E80300284627B0BDE8F083D8F8003043F00403C8F80030D4E7D0E9023293426A
S32D0003F9D00AD21B68DCE7D7E90232934209D21E68711C08BF0027C9E703685B6A98470346CEE73B6838465B6A9C
S32D0003F9F898470646F0E700BF10B504460A48E0F7FDFD23689A6882420CD95B6853F8200038B1064A06490023DC
S32D0003FA2007F026FE003818BF012010BD002010BD782D0020747206007064060010B504460A48E0F7DFFD236886
S32D0003FA489A6882420CD95B6853F8200038B1064A0649002307F008FE003818BF012010BD002010BDA42E002030
S32D0003FA70A49106007064060010B504460A48E0F7C1FD23689A6882420CD95B6853F8200038B1064A064900234B
S32D0003FA9807F0EAFD003818BF012010BD002010BDA82E002098910600706406002DE9F0479646089D099A9EF86F
S32D0003FAC000C00C46511BBCEBA10F64DA4FF000095E1E7746494610E08E4288BF0131A2EB8C021EF801C0A2EB3A
S32D0003FAE8050398BF09F10109BCEBA30F0EEB010703DA4FFA8CF3002BEADC954241D009F1FF3801F1FF3AA0F1C5
S32D0003FB10040C2B4653F8046B4CF8046F9A42F9D15D1B2844B9F1000F13D0054645F8044B3A7842B34FEA82096A
S32D0003FB3803EB820C53F8042B40F8042F6345F9D105EB0900B8F10108EBD2A1B10AF101057544014641F8044B86
S32D0003FB6015F8012D6AB1960003EB820C53F8042B40F8042F6345F9D188197545EDD1BDE8F0870846F9E72846E4
S32D0003FB88E0E72B4609F1FF3801F1FF3AC6E7AA42F1D04FF0FF3A4FF000097746D0464946B1E700BFF0B583B00D
S32D0003FBB01546089F099E0A46DDE90A041946B7B1CDE90007381A2B4685103046FFF772FF821B96102268521B64
S32D0003FBD803D13244226003B0F0BD39461DF0E0FC2268521BF5E700902B46256800EB850001903046FFF75AFF41
S32D0003FC00821B9210226003B0F0BD00BF30B583B0DDE908048C460090194613466246D4F800C0079D00EB8C00A0
S32D0003FC2801902846FFF742FF401B8010206003B030BD00BF2DE9F04F8FB00DF1180BDDF8608008F16C0A074685
S32D0003FC5050468BE80C00FEF719FC0546B148E0F7D1FCD8F86C30D3F80C9059F82040002C00F032811A9B1E68EE
S32D0003FC78236C32689A421DD0A36B0993636A0393A36A029356F80C3C2A68284606EB8303556904213246A84763
S32D0003FCA0851BAD1016D19BE80300002387E803003846C8F808300FB0BDE8F08FE26B099256F80C3CE26A03921C
S32D0003FCC8226B0292002BDFD00436DDE70DF12809934B0A9369004846E6F79CF8636BA5EB030ABAF1000F3ADDC4
S32D0003FCF03AEA230A28BFAA46E368002B00F020810A9B002153F80C2C00914FEA4A034846E5F7AEFF0A9850F853
S32D0003FD18043C002B80F2278106EB8A0CD4E90223A1690096CDF804C0FFF7C0FE0A9B049053F8042C002A80F29F
S32D0003FD401181049AD11A53F80C2CB2EBA10F4FEAA10CC0F01E81A2EB0C02614600234846E5F7E2FE636B002BCA
S32D0003FD6800F39D800A9B53F80C5C029B1D44D8F80C309A0503F0B00A44BF236AED186900674B0B930BA8E6F7CE
S32D0003FD9045F8BAF1100FD8F8086000F0CB8000230493731B059309AD15F8013B042B08D8DFE803F0684C5E55B9
S32D0003FDB8030049460BA8E6F75BF84D45F0D1029B012B5FD80B9A52F80C3C9E4265D9BAF1200F77D0199A009297
S32D0003FDE00022F31A11460BA8E5F742FF0B9A9DF81C50069C4DB9236811461B6B324620469847B0420B9A18BFBB
S32D0003FE0801250C948DF834500CAC94E80300454D0690A2F10C03AB428DF81C1040F0A8800A9BA3F10C00A842D4
S32D0003FE303FF439AF53F8042C511E002A43F8041C3FF731AF2146E5F76DFE2CE7049B002B37D0199A05990BA86B
S32D0003FE58E6F792F8B1E7029B002BAED0039B0BA81968E6F7E5F8A8E7D8F80C309B05A4D5D4E907120BA8E6F78E
S32D0003FE802FF89EE7049B002B9BD0E2E703995A1E04310BA8E6F724F80B9A52F80C3C9E4299D81E46A3E7616972
S32D0003FEA84846E6F7C5F8BAF1000F4BDB626B06EB8A014846E6F710F854E719990BA8E6F7B7F87AE7199AF11A1A
S32D0003FED00BA8E6F755F889E706467020DFF7F6FD0023C0E90133C0E90533C0E90733C0E90933C0E90B33C0E9D6
S32D0003FEF80D33C3600374C36380F86C300A4B036051460446FEF782FF2146D8F86C003246E0F7FAFA59F8264019
S32D0003FF20A8E600BFB82E0020702D0020642D00203C650600B5422CBF00230123049330E7524631464846E5F7F8
S32D0003FF48D5FE0BE7626CCAF100014846E6F714F82A4631464846E5F7BFFF03E74846E5F765FE0A9BE9E64846FA
S32D0003FF70E5F760FE0A98D3E652F8041C481E002942F8040C3FF750AF18462146E5F7CAFD4AE713460E490F48B3
S32D0003FF986246F1F77FFF0BA8E5F7F6FE4846E5F7F3FE07F063FCF9E707F0EAFD236820465B68984708F052FA61
S32D0003FFC007F0E2FDFAE707F01DFE07F053FC00BF90730600447106002DE9F04F8FB00DF1180BDDF8608008F11B
S32D0003FFE86C0A074650468BE80C00FEF74BFA0546B148E0F703FBD8F86C30D3F80C9059F82040002C00F032816A
S32D000400101A9B1E68236C32689A421DD0A36B0993636A0393A36A029356F80C3C2A68284606EB830355690421F2
S32D000400383246A847851BAD1016D19BE80300002387E803003846C8F808300FB0BDE8F08FE26B099256F80C3CF9
S32D00040060E26A0392226B0292002BDFD00436DDE70DF12809934B0A9369004846E5F7CEFE636BA5EB030ABAF135
S32D00040088000F3ADD3AEA230A28BFAA46E368002B00F020810A9B002153F80C2C00914FEA4A034846E5F7E0FD4A
S32D000400B00A9850F8043C002B80F2278106EB8A0CD4E90223A1690096CDF804C0FFF7F2FC0A9B049053F8042C85
S32D000400D8002A80F21181049AD11A53F80C2CB2EBA10F4FEAA10CC0F01E81A2EB0C02614600234846E5F714FD5A
S32D00040100636B002B00F39D800A9B53F80C5C029B1D44D8F80C309A0503F0B00A44BF236AED186900674B0B93C8
S32D000401280BA8E5F777FEBAF1100FD8F8086000F0CB8000230493731B059309AD15F8013B042B08D8DFE803F0BC
S32D00040150684C5E55030049460BA8E5F78DFE4D45F0D1029B012B5FD80B9A52F80C3C9E4265D9BAF1200F77D0A1
S32D00040178199A00920022F31A11460BA8E5F774FD0B9A9DF81C50069C4DB9236811461B6B324620469847B04225
S32D000401A00B9A18BF01250C948DF834500CAC94E80300454D0690A2F10C03AB428DF81C1040F0A8800A9BA3F1B2
S32D000401C80C00A8423FF439AF53F8042C511E002A43F8041C3FF731AF2146E5F79FFC2CE7049B002B37D0199AFA
S32D000401F005990BA8E5F7C4FEB1E7029B002BAED0039B0BA81968E5F717FFA8E7D8F80C309B05A4D5D4E90712C2
S32D000402180BA8E5F761FE9EE7049B002B9BD0E2E703995A1E04310BA8E5F756FE0B9A52F80C3C9E4299D81E462B
S32D00040240A3E761694846E5F7F7FEBAF1000F4BDB626B06EB8A014846E5F742FE54E719990BA8E5F7E9FE7AE742
S32D00040268199AF11A0BA8E5F787FE89E706467020DFF728FC0023C0E90133C0E90533C0E90733C0E90933C0E9FA
S32D000402900B33C0E90D33C3600374C36380F86C300A4B036051460446FEF7E0FF2146D8F86C003246E0F72CF9BD
S32D000402B859F82640A8E600BFBC2E0020702D0020642D00204C650600B5422CBF00230123049330E752463146FB
S32D000402E04846E5F707FD0BE7626CCAF100014846E5F746FE2A4631464846E5F7F1FD03E74846E5F797FC0A9B89
S32D00040308E9E64846E5F792FC0A98D3E652F8041C481E002942F8040C3FF750AF18462146E5F7FCFB4AE7134607
S32D000403300E490F486246F1F7B1FD0BA8E5F728FD4846E5F725FD07F095FAF9E707F01CFC236820465B68984767
S32D0004035808F084F807F014FCFAE707F04FFC07F085FA00BF90730600447106002DE9F04F8DB004AF07F1080691
S32D0004038086E80C0097F848307B60FB6C05468B4607F1180003F16C01DFF790FE07F11800FEF774F890B0804620
S32D000403A80DF11009DFF794FED7E9163407F11C0ACDE902340023F861009340223F4B49465046E6F74DFE3F28E1
S32D000403D0044618DD00F1080323F00703ADEB030D01340DF11009DFF777FED7E91623CDE902230023F861009381
S32D000403F82246324B49465046E6F732FE044607F11403002221465046E5F77EFBFB6953F8042C002A4C4441DA3B
S32D000404202246D8F800404946E46A4046A0477B68D3B13B6D0193FB6C0093CDF808A096E80C0059462846FFF751
S32D00040448F9FBFB691E4AA3F10C0090421AD107F11800DFF7BBFE28462437BD46BDE8F08F3B6D0193FB6C0093A0
S32D00040470CDF808A096E80C0059462846FFF7ACFDFB69114AA3F10C009042E4D053F8042C511E002A43F8041C63
S32D00040498DDDC07F11401E5F741FBD8E75046E5F7C5FBFB69B8E702E05046E5F76DFC07F11800DFF78BFE07F03D
S32D000404C0D9F900BFA4730600642D002030B587B00DF1100C9DF828508CE80C000446DDE90B3255B10D9D009358
S32D000404E8CDE901259CE80C00FFF7A4FB204607B030BD0D9D0093CDE901259CE80C00FFF767FD204607B030BDCA
S32D000405102DE9F8431446C2681D46DDE9083602F0B00CBCF1200F8846A3EB06094AD0BCF1100F07D00027B9F1FA
S32D00040538000F34D1F21B39D1BDE8F8836C30FDF7A1FF03682D219B6A074698472B68834249D03B682B219B6AC7
S32D00040560384698472B68834241D03B6830219B6A384698472B688342DCD1012EDADD3B6878219B6A38469847C4
S32D000405886B68834237D03B6838469B6A582198476B6883422FD0B9F1000F37D000274A46414620461DF004F820
S32D000405B0F21BC5D004EB890429462046BDE8F8431CF0F2BF56B9B9F1000FB9D04A46414604EB8600BDE8F843CC
S32D000405D81CF0EEBF2946324620461CF0E1FFB9F1000FA9D0EEE744F8040B04350127B9F1000F9FD0D3E72B68D7
S32D0004060023606B686360083508340227B9F1000F94D0C8E73246CFE730B583B01446089D2A6801921846069AD9
S32D00040628079B0094FFF770FF2C6003B030BD00BF30B59DF80C40B4B11A4D8646A5FB0143DB0803EB830CA1EBEC
S32D000406504C0C0CF1040C0C46092C52F82C104EF8041D1946EED8A0EB0E00801030BD03F04A04402C0FD013F4D1
S32D00040678804F14BF14240424864601F00F032344090952F823304EF8043DF6D1E7E7864601F007030433C9087E
S32D000406A052F823304EF8043DF6D1DCE7CDCCCCCC2DE9F04F8BB004AF06463D6C6848396007F1080484E80C004C
S32D000406C8DFF79CFFEB6ED3F80C9059F82080B8F1000F00F08780D5F80C9009F04A0A94B0BAF1400F08F12C0B0B
S32D000406F004AC32D0BAF1080318BF01237B607B68B96C00935A464B4604F15000FFF794FF98F810307861C0F1A6
S32D000407181401024604EB8101002B32D17B68002B47D0A868904217DC3C7B0023AB60BD6844B92B687A601B6BBF
S32D00040740284698477A68824218BF012430461C3735603471BD46BDE8F08F00237B60CEE78300073323F00703E1
S32D00040768ADEB030D04AC07F11403024601910293796C386800942B46FFF74AFF7A692146D2E7C2000832ADEB29
S32D00040790020DD8E90202D8F82830029106AC014607F114000390009538680194FFF72EFA7B687A692146002BD0
S32D000407B8B7D119F4007FB4D0BB6C002BB1D0BAF1400F30D0C9F3803909F1020902325BF8293041F8043CD8F807
S32D000407E03C3041F8083C7A6108399EE704464FF49470DFF76BF90023C0E90133C0E90533C0E90733C0E90933E9
S32D00040808C360037480F82431144B036005F16C018046FEF72FF94146E86E2246DFF774FE59F8248057E7D8F8BF
S32D000408303C3041F8043C01327A61043975E707F0A3F9D8F8003040465B68984707F00AFE07F09AF9FAE707F0EE
S32D00040858D5F907F00BF800BFAC2E0020A865060010B586B00DF1100C8CE80C00089B00939CE80C00DDF824C0C6
S32D00040880CDF804C0DDF828C0CDF808C00446FFF70FFF204606B010BD2DE9F04188B004AC84E80C00DDE90E635E
S32D000408A8CDE90063D6F80C80109B029328F4804323F04A0306AF43F402730546F360384694E80C00FFF7F0FE43
S32D000408D097E8030004908DF8141094E8030085E803002846C6F80C8008B0BDE8F08100BF2DE9F0419DF82010F7
S32D000408F8069F804614461D46F1B10646204629460A22002312F016F80432204657F8223046F8043D29460A222D
S32D00040920002312F00BF822462B460A2A73F1000304460D46E6D2A8EB06008010BDE8F081079B03F04A03402B28
S32D0004094815D0079B13F4804F14BF14220422064604F00F031344240957F8233046F8043D44EA05742D0954EADF
S32D000409700503F1D1DFE7064604F007030433E40857F8233046F8043D44EA4574ED0854EA0503F1D1CFE700BFDE
S32D000409982DE9F04F8DB004AF07F1100484E80C00BD6C3B6DFB6006467B6D6B48BB603960DFF724FEEB6ED3F881
S32D000409C00C9059F82080B8F1000F00F09080D5F80C9009F04A0BA8B0BBF1400F04A96DD0BBF1080A18BF4FF0F8
S32D000409E8010A08F12C03009301F1A000D7E90232CDE9019A7960FFF777FF796898F81030F861C0F128020446CC
S32D00040A1001EB8201F3B9BAF1000F33D0AA68A2424FDC97F814800023AB603D69B8F1000F08D12B6822461B6BB2
S32D00040A3828469847844218BF4FF0010830462437356086F80480BD46BDE8F08FC4000834D8E90202ADEB040D5D
S32D00040A60D8F82830029106AC014607F11C000194039000953868FFF7C9F82146FC69BAF1000FCBD119F4007FDA
S32D00040A88C8D0D7E902231343C4D0BBF1400F4BD0C9F3803909F1020908F12C03023453F8293041F8043CD8F8FA
S32D00040AB03C3041F8083CFC610839AFE74FF0000A93E79300073323F00703ADEB030D0DF1100807F11C030191E3
S32D00040AD80293F96C3868CDF800802B46FFF798FDFC69414699E704464FF49470DEF7EAFF0023C0E90133C0E9AD
S32D00040B000533C0E90733C0E90933C360037480F82431144B036005F16C018046FDF7AEFF4146E86E2246DFF7B5
S32D00040B28F3FC59F824804EE7D8F83C3041F8043C0134FC6104396DE707F022F8D8F8003040465B68984707F07A
S32D00040B5089FC07F019F8FAE707F054F806F08AFEAC2E0020A86506002DE9104887B00DF1100C8CE80C000A9B53
S32D00040B7800939CE80C00DDF82CC0CDF804C0DDE90CBCCDE902BC0446FFF702FF204607B0BDE81088F8B50D4641
S32D00040BA01B48DFF72FFD2B68DF68044657F8200000B1F8BD4FF49470DEF788FF0023C0E90133C0E90533C0E998
S32D00040BC80733C0E90933C360037480F824310F4B036029460646FDF74DFF286822463146DFF792FC57F8240077
S32D00040BF0F8BD06F0C9FF07F035FC06F0C5FF336830465B689847F6E706F0FCFF06F032FEAC2E0020A8650600CA
S32D00040C182DE9F04F8BB004AF0C46D7F840803C6007F1080181E80C00064608F16C0107F11000FFF7AFFFD8F846
S32D00040C400C9009F04A0A94B0BAF1400F054600F12C0B04AC09D0BAF1080F06D0BB6C002B40F3918001237B6032
S32D00040C6801E000237B60B96C7B6800935A464B4604F15000FFF7DCFC2B7C7861C0F11401024604EB8101002B72
S32D00040C9049D17B68002B5ED0BB6C002B3CDB19F4006F19D1D8F80800904220DC3C7BBD680023C8F8083044B973
S32D00040CB82B687A601B6B284698477A68824218BF012430461C3735603471BD46BDE8F08FD8F808002B6B41F857
S32D00040CE0043C013290427A61A1F10401DEDD8300073323F00703ADEB030D04AC07F11403024601910293796CDB
S32D00040D08386800944346FFF783FC7A692146C9E7EB6A41F8043C01327A610439BEE7C2000832ADEB020DD5E96E
S32D00040D300202AB6A029106AC014607F114000390CDF8008038680194FEF760FF7B687A692146002BA0D119F4A9
S32D00040D58007FA3D0BB6C002BA0D0BAF1400F12D0C9F3803909F1020902325BF8293041F8043CEB6B41F8083C33
S32D00040D807A6108398EE7594201237B6070E7EB6B41F8043C01327A61043983E710B586B00DF1100C8CE80C00A6
S32D00040DA8089B00939CE80C00DDF824C0CDF804C0DDF828C0CDF808C00446FFF729FF204606B010BD2DE9F04F21
S32D00040DD08DB004AF07F10805BE6C97F85090D6F80C8018F0010F85E80C00044618D1FB6CCDF80890CDE9006368
S32D00040DF807F11808404695E80C00FFF709FF98E80300B860397395E80300243784E803002046BD46BDE8F08F86
S32D00040E2006F16C0107F11400FFF7B8FEB9F1000F3ED0D0E905BAB3689A453EDAA3EB0A094FEA8903073323F080
S32D00040E480703ADEB030D04AB4A46184608F0B008F96C7B601CF0ACFB0022B8F1200FB2607B6897F80C80BE6856
S32D00040E703DD0B8F1000F11D1194633684A461B6B3046984781454AD1336859461B6B524630469847824518BF18
S32D00040E984FF00108BE6187F81C8007F1200313E90300B8603973AEE7D0E907BAB3689A45C0DB0023B3603E7B35
S32D00040EC0D7F808804EB9D8F8003059461B6B524640469847824518BF0126C7F818803E7707F1200313E9030095
S32D00040EE8B86039738FE7B8F1000FD3D1326859463046D2F830B05246D84782457B680AD1194633684A461B6B9D
S32D00040F1030469847814518BF4FF00108BEE74FF00108BBE72DE9F04F8DB004AF0C46D7F84880D7F854A03C6059
S32D00040F3807F1100181E80C0006463B6DBB6008F16C0107F11800FFF725FED8F80C9009F04A0BA8B0BBF1400F5E
S32D00040F60054604A90BD0BBF1080F08D0BB68012B7AF10002C0F29A800123FB6001E00023FB60BA685346F86870
S32D00040F887960CDE9019005F12C00009001F1A000FFF7AAFC79682B7CF861C0F12802044601EB8201002B4AD17C
S32D00040FB0FB68002B5FD0BAF1000F3DDB19F4006F1BD1D8F80820A24222DC3D7D0023C8F80830D7F8108045B90C
S32D00040FD8D8F8003022461B6B40469847844218BF012530462437C6F800803571BD46BDE8F08FD8F808202B6B67
S32D0004100041F8043C0134A242FC61A1F10401DCDD9300073323F00703ADEB030D04AD07F11C0301910293F96C99
S32D00041028386800954346FFF7F3FAFC692946C8E7EB6A41F8043C0134FC610439BDE7C4000834D5E90202ADEBD7
S32D00041050040DAB6A029106AC014607F11C0001940390CDF800803868FEF7D0FDFB682146FC69002B9FD119F402
S32D00041078007FA2D0BB6853EA0A039ED0BBF1400F17D0C9F3803909F1020905F12C03023453F8293041F8043CA6
S32D000410A0EB6B41F8083CFC6108398AE75A424FF001006AEB4A03F86065E7EB6B41F8043C0134FC6104397CE719
S32D000410C82DE9104887B00DF1100C8CE80C000A9B00939CE80C00DDF82CC0CDF804C0DDE90CBCCDE902BC044659
S32D000410F0FFF718FF204607B0BDE810882DE9F04F91B004AF07F10805BC6D04F16C0B06468A4607F114005946BD
S32D0004111885E80C0097F86050FFF73CFDD4F804902A46B9F1000F804607F120012046B8BF4FF0060908F0C8F873
S32D00041140E36803F482738CB0B3F5827F04AD00F0BC80DEF7C1FFD7E91A23F8612946CDE90223CDF8009007F102
S32D0004116820032D2207F11C00E5F77AFF2C28B86142DC5846FDF786F9BA690368D3F82C909300073323F00703DF
S32D00041190ADEB030D0DF1100B29462A445B46C847D7F81890B9F1000F46D04A462E21284614F09EFA002800F098
S32D000411B8B580401B98F81030D8F824204BF820200BEB8000002B38D1A2684A4563DC3D7B0023A360BC6845B98C
S32D000411E0236859461B6B4A4620469847814518BF01253046343734603571BD46BDE8F08F00F1080323F007033A
S32D00041208ADEB030D421C7A60DEF762FFD7E91A2304ADCDE90223CDF800907A68F86107F1200307F11C002946E7
S32D00041230E5F71AFFB861A0E798F81030002BC7D048466A462B78A2EBC90295462D2B0DF1100C05D02B2B03D0E1
S32D0004125865464FF0000909E065465BF8043B45F8043B09F1FF32BA614FF00109D8E90212D8F82830009007F1BB
S32D000412801800CDE9015B03905046E346FEF78EFCBA699144A268C7F818904A459BDD9300073323F00703ADEB4F
S32D000412A8030D04A907F11803CDF804B002930091234650468B46F96DFFF7AAF9D7F8189085E7DEF705FFD7E95A
S32D000412D01A23F8612946CDE9002307F11C0007F120032D22E5F7C0FE2C28B8617FF745AF00F1080323F0070306
S32D000412F8ADEB030D00F10109DEF7EAFED7E91A2304ADCDE900232946F86107F120034A4607F11C00E5F7A4FED8
S32D00041320B8612AE798F81030002B3FF451AFB9F1020F86DD6B78303B092B3FF649AFAB78303B092B3FF644AF8C
S32D000413487BE700BF70B588B00DF1180C8CE80C000C9B0D9D00939CE80C00019500250295DDE90E56CDE9045653
S32D000413700446FFF7C3FE204608B070BD2DE9F04F91B004AF07F10805BC6D04F16C0B06468A4607F11400594655
S32D0004139885E80C0097F86050FFF7FCFBD4F804902A46B9F1000F804607F120012046B8BF4FF0060907F088FF6D
S32D000413C0E36803F482738CB0B3F5827F04AD00F0BC80DEF781FED7E91A23F8612946CDE90223CDF8009007F1C1
S32D000413E820032D2207F11C00E5F73AFE2C28B86142DC5846FDF746F8BA690368D3F82C909300073323F00703DF
S32D00041410ADEB030D0DF1100B29462A445B46C847D7F81890B9F1000F46D04A462E21284614F05EF9002800F056
S32D00041438B580401B98F81030D8F824204BF820200BEB8000002B38D1A2684A4563DC3D7B0023A360BC6845B909
S32D00041460236859461B6B4A4620469847814518BF01253046343734603571BD46BDE8F08F00F1080323F00703B7
S32D00041488ADEB030D421C7A60DEF722FED7E91A2304ADCDE90223CDF800907A68F86107F1200307F11C002946A6
S32D000414B0E5F7DAFDB861A0E798F81030002BC7D048466A462B78A2EBC90295462D2B0DF1100C05D02B2B03D0A1
S32D000414D865464FF0000909E065465BF8043B45F8043B09F1FF32BA614FF00109D8E90212D8F82830009007F139
S32D000415001800CDE9015B03905046E346FEF74EFBBA699144A268C7F818904A459BDD9300073323F00703ADEB0D
S32D00041528030D04A907F11803CDF804B002930091234650468B46F96DFFF76AF8D7F8189085E7DEF7C5FDD7E95A
S32D000415501A23F8612946CDE9002307F11C0007F120032D22E5F780FD2C28B8617FF745AF00F1080323F00703C4
S32D00041578ADEB030D00F10109DEF7AAFDD7E91A2304ADCDE900232946F86107F120034A4607F11C00E5F764FDD7
S32D000415A0B8612AE798F81030002B3FF451AFB9F1020F86DD6B78303B092B3FF649AFAB78303B092B3FF644AF0A
S32D000415C87BE700BF70B588B00DF1180C8CE80C000C9B0D9D00939CE80C0001954C250295DDE90E56CDE9045685
S32D000415F00446FFF7C3FE204608B070BD10B504460068636882B008B15A1C14D0D1E90020A3F1FF34B4FA84F42F
S32D0004161864090AB1431C14D0A0F1FF30B0FA80F04009001BB0FA80F0400902B010BDD0E9023293420FD21B68EF
S32D000416405A1C04BF00222260E0E7D2E9023083420CD21868431C04BF00230B60E0E7036801915B6A9847019912
S32D000416680346E9E7136801915B6A104698470199ECE700BF10B50446D0E900300BB1421C00D010BDD3E9022176
S32D000416908A4205D21068431C04BF0023236010BD1A681846536A9847F5E700BF2DE9F04F87B000AF01467C6DF6
S32D000416B8FE6C396004F16C0007F1100484E80C003B6C7B60FCF7DEFE3B6D9B0082460733D7E9040423F007039D
S32D000416E0ADEB030D6D4610B1621C00F045817B6CBB60A4F1FF341A467B68B4FA84F464091BB11346013300F09F
S32D000417082B81BB68A3F1FF33B3FA83F35B09A34211D1BB6DBA6D1B6843F00403136007F1100393E803003B6821
S32D000417301C3783E803001846BD46BDE8F08F07F11000FFF79BFF3B6D002BE6D04FF00009A6F1040B4C46C84692
S32D00041758FE64D7F85090064608E0DAF800309B699847864208D00134A1450CD05BF8043F1968B1425046F0D13D
S32D0004178045F828400134A14508F10108F2D144460023012CFE6CFB6070D9AA46DAF8005056F825001BF05CFDE1
S32D000417A8D04683464FF0010958F8043F56F823001BF052FD09F10109834528BF8346A145F2D33A69D2E90203FF
S32D000417D0984280F0BB8004309060FB6801334FF0FF325B45FB607A6197D23869002800F09980D0E9021399427D
S32D000417F880F0CE800868013000F0A9804FF000087B681BB1BB68013300F08B80BB68A3F1FF33B3FA83F35B098F
S32D0004182043453FF47AAFFB6899004FF0000889460DE09D4217BF04F1FF3408F101085AF824304AF8283044450B
S32D0004184815D95AF8285056F8253053F80950D7E904030028E9D05A1CE7D1D0E902239A426BD21368591C04BFEF
S32D0004187000223A61DDE7012C90D85546012C7FF44CAF3869FBF7F2FB2D6856F825404FF0FF3A2046C7F814A0E1
S32D000418981BF0E2FCFB685E1C8642814638D204EB830BFD607C697D68D7F808908046386910B1621C00F084801A
S32D000418C0A4F1FF34B4FA84F4640915B1B9F1FF3F71D04A46A2F1FF32B2FA82F25209A2423FF41BAF38695BF808
S32D000418E8044F7A6908B1511C74D094427FF411AF3869D0E90212914276D20431816001364645C7F814A04FF012
S32D00041910FF34D0D3FD68C1464E457FF4FEAEBB6C1D6000E74FF001086EE77B68D3E9021399422BD20B687A68A8
S32D00041938591C08BF00227A6069E703685B6A984703468FE7136810469B6A984741E700233B614FF0010853E709
S32D000419607B68D3E902239A421AD213687A68581C08BF00227A60C9E6D0E902239A4215D21468631C04BF002304
S32D000419883B61B0E6786803685B6A98470346CEE703685B6A98472EE7786803685B6A98470346DFE703685B6ABC
S32D000419B098470446E5E7D5E90212914221D20A68501C08BF002585E7D0E9021291421ED20C68631C04BF0023D9
S32D000419D83B6171E7D0E90212914209D20A68531C04BF00233B6180E70268926A904786E70268526A90470246B5
S32D00041A00F1E72A682846526A90470246D8E70268526A90470446DCE72DE9F04F9DB00CAD85E80C00289B089009
S32D00041A2803F16C04204689462B9EFDF729FE034620460993FCF726FD044630461BF00CFC002380460E939A4671
S32D00041A50DDE90C0308B15A1C7CD0DDE92602A3F1FF37B7FA87F77F0910B1511C00F0AB80A2F1FF32B2FA82F278
S32D00041A785209BA4200F09280D04540F28F800E9F002F40F08D80236856F82A101B6B3A4620469847252806EBD8
S32D00041AA08A0B63D12368DBF804101B6B3A462046984745280F970AF1010769D04F2867D04138382800F29580B1
S32D00041AC8DFE810F0CE02E002AA00010393009300930067028D029300930093009A029300930093009300C102B0
S32D00041AF03901B601930093009300DC01AA00E1019300930093009300930093008301F10063025D010C03930065
S32D00041B189300F10093009300930093002903D7009300930093009300930088009300930093005003AA00FBF7B9
S32D00041B4095FA0C984FF0FF330AF1010A0D93002800F0AA80D0E90232934280F00B831B68581C7FF47AAF002272
S32D00041B680C9276E70C9856F82A700D9B08B1591C45D09F42DFD00E9B43F004030E930D9B574607F1010A61E735
S32D00041B902368DBF808101B6B002220460AF1020798478DE70E9B5BB3299B299A1B6843F00403136095E803005A
S32D00041BB8089B83E8030018461DB0BDE8F08FD0E902239A4280F0D7821268531C04BF0023269349E72846FFF7FC
S32D00041BE04DFD236801461B6B00222046984709284ED00E9B43F004030E930D9B0C98C4E7D045D1D1D6E7D0E9D3
S32D00041C0802239A4280F0CE8213685A1C09BF00220C980C921046ACE7289B0693002303930EAB07934FF0040C2C
S32D00041C3042F20F73CDE9043C0FAB029326AB93E803008DE803000DF1280A95E80C0049465046FCF739FC9AE838
S32D00041C5803000E9B85E80300002B40F08E800F9B2A9A002BB4BF6433A3F26C7353610D9BC0E72846FFF7FEFC5D
S32D00041C80236801461B6B0022204698470A28B0D10C98FBF7EBF90C984FF0FF3307F1010A0D9300287FF456AFEE
S32D00041CA84FF0FF33D5E6099B9B68D3F894201092D3F898201192D3F89C201292D3F8A0201392D3F8A420149260
S32D00041CD0D3F8A8201592D3F8AC201692D3F8B0201792D3F8B4201892D3F8B8201992D3F8BC201A92D3F8C03080
S32D00041CF80DF1280A1B93289B05930EAB06930C23049310AB03930FAB029326AB93E803008DE80300494695E8F6
S32D00041D200C005046FFF7C2FC9AE803000E9B85E8030033BB2A9A0F9B13610D9B5EE7289B0693002303930EAB12
S32D00041D4807934FF0020E3D23CDE9043E0FAB029326AB93E803008DE803000DF1280A95E80C0049465046FCF741
S32D00041D70ABFB9AE803000E9B85E80300002B00F003820D9B3AE7289B06930EAB07934FF0020E1F23CDE9043E5C
S32D00041D980DF1280A012303930FAB029326AB93E803008DE80300494695E80C005046FCF787FB9AE803000E9BC8
S32D00041DC085E80300002BDCD12A9A0F9BD3600D9B14E7099B9B689A6C1092DA6C11921A6D12925A6D13929A6D8F
S32D00041DE81492DA6D15921B6E0DF1280A1693289B05930EAB06930723049310AB03930FAB029326AB93E8030076
S32D00041E108DE80300494695E80C005046FFF746FC9AE803000E9B85E80300002BA9D12A9A0F9B93610D9BE1E62E
S32D00041E38A64A23680DF1400BD3F82CA0A2F109015B462046D047CDF814B02A9B0493289B02930EAB039326AB05
S32D00041E6093E803008DE803000DF1280A95E80C0049465046FFF7D0FD9AE8030085E803000D9BBBE6099B9B68D4
S32D00041E881B690593E1E72846FFF7F4FB236802469B6801212046984700283FF4A6AE289B05938B4B03930EAB85
S32D00041EB006930E23049310AB029326AB93E803008DE803000DF1280A4946504695E80C00FFF7ECFB9AE8030048
S32D00041ED885E8030026A92846FFF78CFB00287FF44CAF0E9A109B13437FF447AF2846FFF7C1FB236883469B6A8D
S32D00041F002D212046984783450BD02846FFF7B6FB236883469B6A2B212046984783457FF430AF0EAB0793289B4A
S32D00041F280693002303934FF0020B1723CDE9043B10AA029226AA92E803008DE80300494695E80C005046FCF706
S32D00041F50BBFA0EAA00203B23CDE90303079210AA0292289ACDF814B006929AE8030026AB85E8030093E80300AA
S32D00041F788DE803004946504695E80C00FCF7A0FA9AE8030085E80300F7E6099B9B689B6977E7289B069300232A
S32D00041FA003930EAB079302201723CDE904300DF1280A0FAB029326AB93E803008DE80300494695E80C005046EC
S32D00041FC8FCF77EFA9AE803000E9B85E80300002B7FF4D3AE2A9A0F9B93600D9B0AE6289B06930EAB07930221F4
S32D00041FF00C23CDE9043101230DF1280A0393D8E7289B0693002303930EAB07934FF0020B3B23CDE9043B0FAB3B
S32D00042018029326AB93E803008DE803000DF1280A95E80C0049465046FCF74AFA9AE803000E9B85E80300002B5C
S32D000420407FF49FAE2A9A0F9B53600D9BD6E52368224AD3F82CA00DF1400B911F5B462046D047CDF814B0F4E622
S32D00042068099B9B68DA6A10921A6B11925A6B12929A6B1392DA6B14921A6C15925B6C0DF1280AB3E6099B9B682F
S32D000420905A6E10929A6E1192DA6E12921A6F13925A6F14929A6F1592DA6F1692D3F880201792D3F884201892B2
S32D000420B8D3F888201992D3F88C201A92D3F890300DF1280A16E6044AB3E600BFC97306006C0D0020BE73060046
S32D000420E0B57306002846FFF7C9FA236802469B6808212046984700284BD00C98FAF7B6FF4FF0FF330D93289BD4
S32D0004210806930123059303930EAB079309230DF1280A049340E6289B06930EAB079302220C23CDE9043201233C
S32D0004213003930FAB029326AB93E803008DE803000DF1280A95E80C0049465046FCF7BCF99AE803000E9B85E8B0
S32D000421580300002B7FF411AE0F9B2A9A013B13610D9B47E5099B9B689B688AE603685B6A98470346F0E4036852
S32D000421805B6A9847024624E52A9A0F9B13600D9B34E5289B06930EAB07934FF0020C1F23CDE9043C0DF1280A32
S32D000421A80A23F8E503685B6A984703462DE500BF2DE9F0418CB0DDE914670AAC054606F16C0084E80C00884664
S32D000421D0FDF75AFA83681B690593169B0296CDE9037312AB93E803008DE8030008AE304694E80C004146FFF735
S32D000421F80FFC96E8030084E8030002460E4608B14B1C1DD0DDE91203A6F1FF36B6FA86F6760908B1591C1CD0A5
S32D00042220A3F1FF33B3FA83F35B09B34203D13B6843F002033B600A9294E8030085E8030028460CB0BDE8F08135
S32D00042248D0E902318B420AD21E68701C08BF0022D8E7D0E902318B4208D21B68DCE7036807905B6A9847079AF5
S32D000422700646EEE7036807925B6A9847079A0346CEE700BF2DE9F0418CB0DDE914670AAC054606F16C0084E881
S32D000422980C008846FDF7F4F983689B680593169B0296CDE9037312AB93E803008DE8030008AE304694E80C00F7
S32D000422C04146FFF7A9FB96E8030084E8030002460E4608B14B1C1DD0DDE91203A6F1FF36B6FA86F6760908B127
S32D000422E8591C1CD0A3F1FF33B3FA83F35B09B34203D13B6843F002033B600A9294E8030085E8030028460CB022
S32D00042310BDE8F081D0E902318B420AD21E68701C08BF0022D8E7D0E902318B4208D21B68DCE7036807905B6A96
S32D000423389847079A0646EEE7036807925B6A9847079A0346CEE700BF2DE9F04F8DB0044618991A9D049406A842
S32D0004236080E80C006C3109A8FEF718FC16A9064606A8FFF743F98146002800F0C7820024337CA2462746854A76
S32D0004238805920B92002B40F0128396F824310293002B40F00381B9F1000F40F036844B46CDF80090DFF8F091C7
S32D000423B00193A4F13003092B7AD82B685FFA84FB53E90342671C974204D853F8042C002A40F3C38039462846ED
S32D000423D80DF12C08E3F770F92B6853F80C2C03F802B02A68A2F10C034B4508BF012740F0BD800698D0E90232F0
S32D00042400934280F09C80043383604FF0FF330793D0E90232934280F0DC821868013003BF00230693012400241C
S32D00042428DDE9160310B15A1C00F09580A3F1FF33B3FA83F35B09A34226D10B9C54F80C3C002B00F0A480019B28
S32D00042450002B00F0E0820DF12C08D6E90201424606F0DCFF002840F0968019994C4B04220A6006AA92E803001C
S32D00042478049A82E80300A4F10C00984240F0A28304980DB0BDE8F08FDDE9060400288CD0611C8AD1D0E90232C1
S32D000424A0934280F0A2831C68621C82D100230693736AA34200F09A82D6F80431A34203D0D6F81C31A342BCD179
S32D000424C8009B002B40F0F183002FB6D0652128460DF12C08E3F7FAF90698D0E90232934280F0868304338360DD
S32D000424F04FF0FF3316A906A807930DF12C08FFF77DF8009000289CD106A8FFF7B7F8D6F8C0308342044600F070
S32D000425188B82D6F8BC30834240F08C822D2128460DF12C08E3F7D2F906980097D0E902329342FFF464AF0368CC
S32D000425409B6A0DF12C08984706984FF0FF330793012400283FF468AF5AE7224643E7D0E90232934280F03B8251
S32D000425681B68581C04BF002216925FE72344002142F80C7C42F8041C4FF000025A73012737E70B9C54F80C3C44
S32D00042590002B7FF460AF024B6BE700BF602D0020542D0020B9F1000F40F0338306F1CC02337CDFF8A4B2CDF8BB
S32D000425B800900392CDF804901BB1B36AA34200F00F81736AA34271D1019B002BD9D1009B002BD6D10B9B53F852
S32D000425E00C4CF4B153F8082C04F101095FFA8AF19145019104D853F8042C002A40F357810BA849468046E3F7A4
S32D000426085BF80B9B53F80C2C5FFA8AF199540B9AA2F10C035B4540F095822B6853E9039209F10104944204D820
S32D0004263053F8042C002A40F32681214628460DF12C08E3F73DF82B6853F80C1C2E225A542A68A2F10C035B450B
S32D0004265840F04C81029B01930698D0E90232934256D2043383604FF0FF330793D0E90232934280F09A821868A7
S32D00042680013000F0D7810024DDE9160310B15A1C00F0D680A3F1FF33B3FA83F35B09A3423FF4CFAEDDE906047D
S32D000426A810B1621C00F01781337C85E7DDF80C800A22214640461AF05DFF002835D04346C41A2B6853E9039246
S32D000426D0A41009F1010730349742E4B204D853F8042C002A40F3D180394628460DF12C08E2F7E6FF2B6853F88F
S32D000426F80C2C9C542A68A2F10C035B4540F0C9800698029FD0E9023293420AF1010AA8D303689B6A0DF12C0817
S32D00042720984706984FF0FF3307930028A2D1029CAAE7D6F80431A34204D0D6F81C31A3427FF47FAE009B002B13
S32D000427487FF47BAE002F3FF478AE0B9B53F80C3C1BB1019B002B00F031812B6853E9039209F10104944204D8B8
S32D0004277053F8042C002A40F39C80214628460DF12C08E2F79DFF2B6853F80C2C652199542A68A2F10C035B456A
S32D0004279840F0E2810698D0E90232934280F0EB81043383604FF0FF3316A906A807930DF12C08FEF71FFF0090D9
S32D000427C000287FF43EAEDDE9060410B1631C00F03781D6F8C010A14240D0D6F8BC30A3423CD0337C0097EBE655
S32D000427E8019B002B7FF4CDAE009B002B7FF4C9AEBAF1000F00F030820B9B53E9039209F1010494425FFA8AFAD5
S32D0004281003D853F8042C002A4DDD0BA821468046E2F74EFF0B9B53F80C2C03F802A00B9AA2F10C035B4546D122
S32D00042838002301939A460FE7D0E90232934280F0BA811B68591C04BF002216921EE700BF542D0020337C1BB10F
S32D00042860B26AA24200F0BE81726AA24200F06C81A1420CBF2B212D2128460DF12C08E3F729F80097ECE649469F
S32D00042888E0E64A469C542A68A2F10C035B453FF437AF4B44002142F80C7C42F8041C4FF000025A732CE7224696
S32D000428B0AEE64A466AE74A4603F802A00B9AA2F10C035B45B8D000214B4442F80C4C42F8041C4FF000025A733B
S32D000428D801918A46C0E6D0E90232934280F0B0811C68631C04BF00230693DDE64B44002142F80C4C42F8041C82
S32D000429004FF000025A73029B0193A9E606A8FEF7B5FED6F8C0108142044600F09C80D6F8BC30834200F0978044
S32D00042928337C0027BA464FF030081BB1B26AA24200F02781726AA2423FF421ADD6F8CC20A2427FF41CAD002F02
S32D0004295000F0A4800698D0E9023293420AF1010A80F0C88004334FF0FF3283600792D0E90232934280F0148139
S32D000429781868013003BF0023069301270027DDE9160310B1591C00F0C580A3F1FF33B3FA83F35B09BB4240F0EB
S32D000429A0B580337CAC4A05924FF001094F460B92002B3FF4EEAC0DF12C0820214046E2F77FFEE6E40BA85FFAFC
S32D000429C88AF18046E2F782FFC7E603685B6A0DF12C0898471EE503685B6A0DF12C0898470346BEE5019B002B5D
S32D000429F07FF462AD009B002B00F01781D6F80431A3423FF4C2AD009AD6F81C31A34208BF0122009215E5009BB0
S32D00042A18002B7FF41CAD5FFA8AF10DF12C084046E2F754FF0B9C14E52B2178E50023029C069325E60097B8E48C
S32D00042A40D0E90232934280F0DD801C68611C04BF00230693BDE6337C1BB1B26AA2423FF464AF726AA2423FF4FE
S32D00042A6860AFA1420CBF2B212D212846E2F72EFF0698FAF7F7FA4FF0FF3316A906A80793FEF7B8FD002800F0B7
S32D00042A90D6800027337C8146BA4674E42B6853E9037207F1010B934503D853F8042C002A3EDD59462846E2F728
S32D00042AB803FE2B6853F80C2C03F802802A686549A2F10C038B423FF441AF3B44002142F80CBC42F8041C4FF04B
S32D00042AE000025A730698D0E9023293420AF1010AFFF438AF03689B6A984706984FF0FF330793012700283FF43A
S32D00042B083EAF30E7DDE9060408B1671C0ED0337C01270AE7D0E902239A4241D213685A1C04BF0022169230E783
S32D00042B303A46C5E7D0E90232934271D21C68611CE9D100230693E6E7009739E52344002142F80C9C42F8041C85
S32D00042B584FF000025A7360E54B44002142F80C4C42F8041C4FF000025A730698D0E902329342FFF415AE0368CD
S32D00042B809B6A0DF12C08984710E60DF12C08324B0593202140460B93E2F792FDFFF7F9BB03685B6A9847E8E67C
S32D00042BA803685B6A98470346B9E703685B6A0DF12C08984760E503685B6A0DF12C08984703463FE654F8043C42
S32D00042BD05A1E002B44F8042C3FF756AC0AA9E2F701FC51E400931F46EAE403685B6A0DF12C089847044657E442
S32D00042BF803689B6A0DF12C08984775E403685B6A0DF12C08984704461CE70B9C54F80C3C002B7FF400AFBAE41D
S32D00042C2003685B6A9847044689E701232E21284601930DF12C08E2F74DFEFFF7DEBB06A8FEF71CFD04466FE604
S32D00042C4803685B6A0DF12C089847044649E600BF602D0020542D00202A68184B52F8041C002911DDA2F10C007E
S32D00042C7098421CBF01F1FF3142F8041C059A2A600B9C54F80C2C002A3FF4F3AB0021C8E6A2F10C019942F3D0A5
S32D00042C9882F800A00B9C42F80CAC42F804AC54F80C2C002AEED1FFF7E0BB01230093FFF7C4BB4046E2F7BAFC2E
S32D00042CC004F0D8FD542D00202DE9F0438DB008AC0DF1280984E80C0005463F4B0A93884648462021DDE9166745
S32D00042CE8E2F7EAFCCDE90379029614AB93E803008DE8030006AE94E80C0041463046FFF723FB96E803000A9E06
S32D00042D1084E803008046DDF7DFF90B90189930460BAB3A4605F090FF099EB8F1000F01D0701C24D0DDE91403A7
S32D00042D38A6F1FF36B6FA86F6760908B15A1C24D0A3F1FF33B3FA83F35B09B34203D13B6843F002033B60CDF87E
S32D00042D60208094E803000A9B1C4A85E80300A3F10C00904213D128460DB0BDE8F083D8E9023293421BD21E68D1
S32D00042D88711C08BF4FF00008D0E7D0E9023293420CD21B68D4E753F8042C511E002A43F8041CE4DC0BA9E2F72D
S32D00042DB019FBE0E703685B6A98470346C4E7D8F8003040465B6A98470646DDE74846E2F731FC04F04FFD00BF46
S32D00042DD8602D0020542D00202DE9F0438DB008AC0DF1280984E80C0005463F4B0A93884648462021DDE9166748
S32D00042E00E2F75EFCCDE90379029614AB93E803008DE8030006AE94E80C0041463046FFF797FA96E803000A9E05
S32D00042E2884E803008046DDF753F90B90189930460BAB3A4605F058FF099EB8F1000F01D0701C24D0DDE9140352
S32D00042E50A6F1FF36B6FA86F6760908B15A1C24D0A3F1FF33B3FA83F35B09B34203D13B6843F002033B60CDF865
S32D00042E78208094E803000A9B1C4A85E80300A3F10C00904213D128460DB0BDE8F083D8E9023293421BD21E68B8
S32D00042EA0711C08BF4FF00008D0E7D0E9023293420CD21B68D4E753F8042C511E002A43F8041CE4DC0BA9E2F714
S32D00042EC88DFAE0E703685B6A98470346C4E7D8F8003040465B6A98470646DDE74846E2F7A5FB04F0C3FC00BFD4
S32D00042EF0602D0020542D00202DE9F0438DB008AC0DF1280984E80C0005463F4B0A93884648462021DDE916672F
S32D00042F18E2F7D2FBCDE90379029614AB93E803008DE8030006AE94E80C0041463046FFF70BFA96E803000A9E05
S32D00042F4084E803008046DDF7C7F80B90189930460BAB3A4605F02EFF099EB8F1000F01D0701C24D0DDE91403F0
S32D00042F68A6F1FF36B6FA86F6760908B15A1C24D0A3F1FF33B3FA83F35B09B34203D13B6843F002033B60CDF84C
S32D00042F90208094E803000A9B1C4A85E80300A3F10C00904213D128460DB0BDE8F083D8E9023293421BD21E689F
S32D00042FB8711C08BF4FF00008D0E7D0E9023293420CD21B68D4E753F8042C511E002A43F8041CE4DC0BA9E2F7FB
S32D00042FE001FAE0E703685B6A98470346C4E7D8F8003040465B6A98470646DDE74846E2F719FB04F037FC00BF5F
S32D00043008602D0020542D00202DE9F04F8FB00DF1200B1A9C049004F16C010BA88BE80C00FDF7B8FDE36803F0C6
S32D000430304A0ABAF1400F054600F08282BAF1080F43D04FF00A0918A95846FEF7D7FA002840F0E681DDE9080404
S32D0004305810B1661C00F0B682D5F8BC30A3420CBF01230023069303D0D5F8C030A34236D12B7C13B1AA6AA242B3
S32D0004308032D06A6AA2422FD00898F9F7EFFF4FF0FF3318A958460993FEF7B0FA0746F0B14FF00008B9F1100FDE
S32D000430A82B7C464670D1162205920192A04A0D92002B71D00DAB202118460293E2F7FCFA6AE018A95846FEF7D2
S32D000430D095FA002840F055824FF01009BAE75846FEF7CCFA04462B7C4FF00008464657461BB1AA6AA24200F0A9
S32D000430F81C816A6AA24200F01881D5F8CC20A24200F0FD80002E00F01081D5F8C420A24204D0D5F8C820A2420D
S32D0004312040F02C82002F00F0D780B9F1100F40F057824FF0000846460898D0E902239A4280F0D48004324FF0F1
S32D00043148FF3382600993D0E902239A4280F020821068013003BF002308934FF0010A4FF0000ADDE9180310B17B
S32D00043170591C00F01681A3F1FF33B3FA83F35B09534540F0CC802B7C0127B9F1100F8ED0CDF81490CDF8049018
S32D00043198674A0D92002B8DD1069B95F824A1CDF81C90002B14BF4FF000436FF000430393B3FBF9F30093BAF138
S32D000431C0000F40F04581002F40F04C82059B303305935746019B0A2B00F3B2802F2C40F21781059BA34240F2A1
S32D000431E81381303C009BBB4280F0AF800898D0E9023293424FF0010A80F0B880043383604FF0FF330993D0E94A
S32D000432100232934280F0EB811868013003BF0023089301240024DDE9180310B15A1C00F0E480A3F1FF33B3FA4E
S32D0004323883F35B09A34240F0BB8001240D9B53F80C2C52BBB8F1000F01D1002E3ED0BAF1000F00F07481069AD8
S32D00043260002A14BF4FF000426FF000421C990A601B9904220A602CB11B9A1B99126842F002020A609BE80300D4
S32D000432882C4C049DA3F10C02A24285E8030040F08C8104980FB0BDE8F08F5FFA88F14FF000090DAB1846029384
S32D000432B0E2F710FBD5E90201029A06F0AFF8002800F047810D9BB8F1000F00F04A81B9F1000FC0D00022C9E7F8
S32D000432D80898D0E902239A42B8463E464FF01009FFF42CAF03689B6A984708984FF0FF3309934FF0010A002854
S32D000433003FF433AF23E7002E42D0B9F10A0F7FF400AF002F41D1B8464FF008090CE7DDE9080410B1631C00F0D3
S32D00043328FB802B7C002E7FF4DFAE002729E700BF602D0020542D0020A4F1300009284DD8009BBB420446FFF4EF
S32D0004335051AF039B089807FB09F71B1BBB4238BF4AF0010AD0E90232934208F101082744FFF448AF03680DAA61
S32D000433789B6A0292984708984FF0FF330993012400283FF44CAF3EE777B3B9F1080F00F0D08008F1010801260A
S32D000433A0CAE6D0E902239A4280F0F18013685A1C04BF00221892DEE6DDE9080400283FF409AF621C7FF406AFE1
S32D000433C8D0E90232934280F025811C68631C7FF4FDAE00230893019B0A2B15DDA4F16103052B13D8573CFDE6CF
S32D000433F0B84601264FF008099EE6D0E90232934280F0FB801B68591C04BF0022189210E7002417E7A4F141038C
S32D00043418052BF9D8373CE5E62E7CCDF814904A46924B0D93002E40F0B78095F8247107926FF00043B3FBF2F29F
S32D000434400092002F00F0E080039306963446B046002F40F0EA8095F8109005F1CC03BA460193B9F1000F02D0CD
S32D00043468AB6AA34241D06B6A9C42CDD02146019C059A20461AF07EF80028C5D0001B009A3C284FEAA003C8BF15
S32D00043490063BBA424ED3079A02FB07F7039AD21ABA4238BF4AF0010A08F101081F440898D0E9023293422DD289
S32D000434B8043383604FF0FF33099318A90DAB58460293FEF797F8044600287FF4B7AE0DAB58460293FEF7CEF89B
S32D000434E095F810900446B9F1000FC0D0AB6AA342BDD1B8F1000F00F0A1800DA85FFA88F10290E2F7E7F9089837
S32D00043508D0E9023293424FF00008D1D303680DAA9B6A02929847CDE7D0E90232934274D21C68611C04BF0023A7
S32D000435300893FAE64FF0010AB9E7B0460126FBE54FF008097FE5069A02B17F421C9A176091E61B9A042313604C
S32D000435580D9BB8F1000F7FF4B6AE002E7FF4B3AE53F80C2C002A3FF4B1AEB9F1000F7FF4ADAE6CE600270126A2
S32D0004358003E616232E7C0593102299464CE703685B6A984703460AE703685B6A9847DCE500243746CDF804905E
S32D000435A826469146A046069484E553F8041C481E002943F8040C3FF76CAE0CA91046E1F70DFF66E6D0E9023208
S32D000435D093422ED21C68601C04BF002308933FE5CDF81490CDF8049000270126D4E503680DAA5B6A029298472C
S32D000435F80FE603680DAA5B6A029298470346FEE60696B2463746B04617E603685B6A9847044686E703680DAA39
S32D000436205B6A029298470446D4E63C460027BA4608E603685B6A98470446CCE70D9B53F80C2C3AB91C9A46B1CE
S32D000436481B99C2F8008004220A6017E64446414627E61B99166004220A600FE63C465746ECE50298E1F7E2FFC5
S32D0004367004F000F9602D002010B588B00DF1180C8CE80C000C9A02920AAA04460B4692E803008DE803000D9ACA
S32D000436980E98039219469CE80C0004902046FFF7B3FC204608B010BD2DE9F04F8FB00DF1280989E80C001A9A58
S32D000436C00B46D1688246C80720D402921B9A039218AA92E803008DE8030019460DAB08AC04934FF0FF3599E8D8
S32D000436E80C0020460D95FFF78FFC94E803000D9B012B89E8030000F2A1801C9A03F00103137055E002F16C017C
S32D000437100DA8FDF743FA046A83698046002C40F0F880002B00F02C81012501230B9E00271A464FF0FF3B0A9850
S32D0004373810B1711C00F0C980DDE91801A6F1FF36B6FA86F6760918B1B1F1FF3F00F09B80A1F1FF31B1FA81F1EF
S32D000437604909B14200F0A680DDE90A0108B14E1C5DD04DBBD8F81C2052F827208A4225D1002C00F0F480002B99
S32D0004378871D1002D40F0B4800A98D0E90232934207F101072BD204338360CDF82CB06CBB002D68D11C990022BC
S32D000437B00A701B9A0423136099E803008AE8030050460FB0BDE8F08F002AD9D1002C40F0C080D8F8143053F8DD
S32D000437D827308B4245D0002D40F08780002CE1D00A98D0E90232934207F10107D3D303689B6A9847CDF82CB04B
S32D00043800002CD1D0D8F82010002D33D0D8F81830BB4268D9B9428CBF002101212C4600202B4622460D460446B2
S32D000438284FF0FF3683E7D0E902618E4280F084803168481C04BF00200A9096E71C9901220A701B9A0423136098
S32D0004385018A94846FDF7D2FE0028ADD01B9B1B9A1B6843F002031360A6E7012590E71D461C468DE7B94241D97D
S32D0004387820462946D0E7D8F818309F42F8D391D1002F8FD06AE0D0E9021C61454BD20968481CA1F1FF31B1FAB8
S32D000438A081F108BF00204FEA511108BF1890B1427FF45AAF1AB1D8F82020BA426AD023B1D8F818309F4200F056
S32D000438C882801C9A0023137066E0D0E902618E4220D23668711C04BF00210A912CE7B9425ED928462C4600215C
S32D000438F096E7002C3FF45AAFD8F82010B9427FF455AF002935D01C9A002313701B9A136052E7B3FA83F46409D3
S32D00043918002506E70168CDE90623496A8847DDE906230646D6E70168CDE90623496A8847DDE906230146ABE717
S32D000439400168CDE90623496A8847DDE90623014673E7002B3FF42AAFD8F818309F427FF425AF9FB11C9A01235A
S32D0004396813700023CEE701242FE71C9A11701B9A042313601CE72BB91C990B701B9B04221A6015E71C9A0423CB
S32D000439901770BBE76FB91C9A002B18BF3B4613701B9A0623136007E716D0BB427FF4FEAED7E71C9900220A70A8
S32D000439B80BB90223A6E7D8F81830BB42F9D11B9A04231360F4E65FB11C9A01231370F0E7002FD0D01C99002275
S32D000439E0BB420A70C1D1EEE71C9B1F70D8E700BF2DE9F04F8FB008A91A9C039081E80C000BA804F16C01FDF707
S32D00043A08C9F8E36803F04A0ABAF1400F054600F06A82BAF1080F49D018A908A8FDF7EAFD4FF00A09064600282B
S32D00043A3040F06782DDE9080410B1661C00F0AA82D5F8BC30A3420CBF01230023079303D0D5F8C030A3423CD14E
S32D00043A582B7C13B1AA6AA24238D06A6AA24235D00898D0E90232934280F0B782043383604FF0FF3318A908A80D
S32D00043A800993FDF7BBFD0646F8B14FF00008B9F1100F2B7C474671D11622049293469B4A0D92002B71D00DAB02
S32D00043AA8202118460293E1F707FE6AE018A908A8FDF7A0FD0646002840F047824FF01009B4E708A8FDF7D6FDB8
S32D00043AD004462B7C4FF00008474656461BB1AA6AA24200F010816A6AA24200F00C81D5F8CC20A24200F0F180EB
S32D00043AF8002F00F00481D5F8C420A24204D0D5F8C820A24240F01E82002E00F0CB80B9F1100F40F045824FF0BE
S32D00043B20000847460898D0E902239A4280F0C88004324FF0FF3382600993D0E902239A4280F012821068013040
S32D00043B4803BF002308934FF0010A4FF0000ADDE9180310B1591C00F00D81A3F1FF33B3FA83F35B09534540F08E
S32D00043B70C0802B7C0126B9F1100F8DD0CDF81090CB46624A0D92002B8DD195F8243105934FF6FF72B2FBF9F2DD
S32D00043B980192002B40F02D81002E40F01982049B3033B2460493BBF10A0F00F3AF802F2C40F21781049B9C424C
S32D00043BC080F01381303C019BB34280F0AC800898D0E9023293424FF0010A80F0B880043383604FF0FF330993BB
S32D00043BE8D0E90232934280F0E8811868013003BF0023089301240024DDE9180310B15A1C00F0E480A3F1FF3364
S32D00043C10B3FA83F35B09A34240F0BB8001240D9B53F80C2C32BBB8F1000F01D1002F3BD0BAF1000F00F06E8111
S32D00043C384FF6FF721C990A801B9904220A602CB11B9A1B99126842F002020A6008AA92E803002D4C039DA3F1E5
S32D00043C600C02A24285E8030040F0878103980FB0BDE8F08F5FFA88F14FF0000B0DAB184699460293E1F726FE78
S32D00043C88D5E902014A4605F0C5FB002800F045810D9BB8F1000F00F04881BBF1000FC3D00022C7E70898D0E996
S32D00043CB002239A42B04637464FF01009FFF438AF03689B6A984708984FF0FF3309934FF0010A00283FF43FAFAD
S32D00043CD82FE7002F45D0B9F10A0F7FF40CAF002E44D1B0464FF0080918E7DDE9080410B1631C00F0E8802B7CD6
S32D00043D00002F7FF4EBAE002635E700BF602D0020542D0020A4F13000092850D8019BB3420446FFF454AF089878
S32D00043D2819FB06F6C4F57F43B6B2FF339E42C8BF4AF0010AD0E902322644934208F10108B6B2FFF448AF0368AD
S32D00043D500DAA9B6A0292984708984FF0FF330993012400283FF44CAF3EE776B3B9F1080F00F0BA8008F10108AF
S32D00043D780127D3E6D0E902239A4280F0F58013685A1C04BF00221892E7E6DDE9080400283FF409AF621C7FF476
S32D00043DA006AFD0E90232934280F01F811C68631C7FF4FDAE0023BBF10A0F089315DDA4F16103052B13D8573C2D
S32D00043DC8FDE6B04601274FF00809A7E6D0E90232934280F0EB801B68591C04BF0022189210E7002417E7A4F119
S32D00043DF04103052BF9D8373CE5E6002E40F0FC8095F810B005F1CC03B2460693BBF1000F02D0AB6AA34243D007
S32D00043E186B6A9C42E5D02146069C049A204619F0A9FB0028DDD0001B019A3C284FEAA003C8BF063BB24250D3AC
S32D00043E4019FB06F6C3F57F42B6B2FF329642C8BF4AF0010A1E4408F10108B6B20898D0E9023293422DD2043326
S32D00043E6883604FF0FF33099318A90DAB08A80293FDF7C0FB044600287FF4CDAE0DAB08A80293FDF7F7FB95F8FB
S32D00043E9010B00446BBF1000FBED0AB6AA342BBD1B8F1000F00F0B1800DA85FFA88F10290E1F710FD0898D0E9F7
S32D00043EB8023293424FF00008D1D303680DAA9B6A02929847CDE7D0E9023293427BD21C68611C04BF0023089305
S32D00043EE00DE7DDF814A0B9E7B84601271AE618A908A8FDF783FB4FF00809064600283FF499AD00242B7CCDF8BD
S32D00043F081090CB46A0462746079436E6079A0AB17642B6B21C9A168091E61B9A042313600D9BB8F1000F7FF46B
S32D00043F30B8AE002F7FF4B5AE53F80C2C002A3FF4B3AEBBF1000F7FF4AFAE71E60026012711E6002416239B464E
S32D00043F580493A0462B7C079427464FF010090CE603685B6A9847EAE503685B6A9847034606E753F8041C481ECD
S32D00043F80002943F8040C3FF771AE0CA91046E1F729FA6BE6D0E90232934231D21C68601C04BF002308934BE579
S32D00043FA8CDF81090CB4600260127E6E503680DAA5B6A0292984703460EE703680DAA5B6A0292984712E6036803
S32D00043FD05B6A984704467FE7DDF814A0344656461DE603689B6A984746E503680DAA5B6A029298470446DAE6EB
S32D00043FF834460026B2460EE603685B6A98470446C9E70D9B53F80C2C3AB91C9A47B11B99A2F8008004220A60D8
S32D0004402018E64446414629E61B99178004220A6010E60298E1F7FEFA03F01CFC10B588B00DF1180C8CE80C006B
S32D000440480C9A02920AAA04460B4692E803008DE803000D9A0E98039219469CE80C0004902046FFF7C1FC2046E4
S32D0004407008B010BD2DE9F04F8FB008A91A9C039081E80C000BA804F16C01FCF787FDE36803F04A0ABAF1400F7E
S32D00044098054600F05C82BAF1080F43D018A908A8FDF7A8FA4FF00A098046002840F05982DDE9080410B1661CA1
S32D000440C000F09E82D5F8BC30A3420CBF01230023079303D0D5F8C030A34236D12B7C13B1AA6AA24232D06A6ABF
S32D000440E8A2422FD00898F8F7BDFF4FF0FF3318A908A80993FDF77EFA8046F0B10027B9F1100F2B7C3E4673D1C8
S32D000441101622049293469F4A0D92002B73D00DAB202118460293E1F7CBFA6CE018A908A8FDF764FA804600285A
S32D0004413840F041824FF01009BAE708A8FDF79AFA04462B7C00273E46B84657461BB1AA6AA24200F08E816A6A63
S32D00044160A24200F08A81D5F8CC20A24200F0F080002E00F08281D5F8C420A24204D0D5F8C820A24240F0168266
S32D00044188002F00F0CA80B9F1100F40F03F824FF0000846460898D0E902239A4280F0C78004324FF0FF33826075
S32D000441B00993D0E902239A4280F011821068013003BF002308934FF0010A4FF0000ADDE9180310B1591C00F0C1
S32D000441D81181A3F1FF33B3FA83F35B09534540F0BF802B7C47464FF00108B9F1100F8BD0CDF81090CB46654A0A
S32D000442000D92002B8BD195F8243105934FF0FF32B2FBF9F20192002B40F03381B8F1000F40F01682049B3033C0
S32D00044228C2460493BBF10A0F00F3B4802F2C40F21881049B9C4280F01481303C019B434580F0B1800898D0E9A7
S32D00044250023293424FF0010A80F0B980043383604FF0FF330993D0E90232934280F0DE811868013003BF0023F2
S32D00044278089301240024DDE9180310B15A1C00F0E580A3F1FF33B3FA83F35B09A34240F0BC8001240D9B53F80D
S32D000442A00C2C22BB0FB9002E39D0BAF1000F00F065814FF0FF321C990A601B9904220A602CB11B9A1B991268B5
S32D000442C842F002020A6008AA92E80300304C039DA3F10C02A24285E8030040F0808103980FB0BDE8F08FF9B289
S32D000442F04FF0000B0DAB184699460293E1F7EAFAD5E902014A4605F089F8002800F03E810D9B002F00F04181E5
S32D00044318BBF1000FC5D00022C9E70898D0E902239A42B8463E464FF01009FFF439AF03689B6A984708984FF014
S32D00044340FF3309934FF0010A00283FF440AF30E7002E4AD0B9F10A0F7FF40DAF002F49D1B8464FF0080919E701
S32D00044368DDE9080408B1631C04D0002E00F056812B7CEBE6D0E90232934280F060811C68611C04BF0023089343
S32D00044390EFE700BF602D0020542D0020A4F1300009284CD8019B43450446FFF44FAF089808FB09F8E34343454D
S32D000443B838BF4AF0010AD0E90232934207F10107A044FFF447AF03680DAA9B6A0292984708984FF0FF330993C1
S32D000443E0012400283FF44BAF3DE777B3B9F1080F00F0AE8008F101080126CFE6D0E902239A4280F0E78013681A
S32D000444085A1C04BF00221892E3E6DDE9080400283FF408AF621C7FF405AFD0E90232934280F017811C68631C5E
S32D000444307FF4FCAE0023BBF10A0F089315DDA4F16103052B13D8573CFCE6B84601264FF00809A3E6D0E9023254
S32D00044458934280F0ED801B68591C04BF002218920FE7002416E7A4F14103052BF9D8373CE4E647464FF00008F7
S32D00044480B7E6B8F1000F40F0EF8095F810B005F1CC03C2460693BBF1000F02D0AB6AA3423ED06B6A9C42E0D06B
S32D000444A82146069C049A204619F064F80028D8D0001B019A3C284FEAA003C8BF063B42453FD308FB09F8DA4328
S32D000444D0424538BF4AF0010A013798440898D0E9023293422BD2043383604FF0FF33099318A90DAB08A802939F
S32D000444F8FDF780F8044600287FF4CCAE0DAB08A80293FDF7B7F895F810B00446BBF1000FC3D0AB6AA342C0D1B7
S32D00044520002F00F0AB800DA8F9B20290E1F7D2F90898D0E9023293424FF00007D3D303680DAA9B6A02929847A2
S32D00044548CFE7DDF814A0C5E7B046012622E618A908A8FDF74FF84FF00809804600283FF4A7AD00242B7CCDF830
S32D000445701090CB4627462646079440E6079A0AB1C8F100081C9AC2F8008099E61B9A042313600D9B002F7FF4A9
S32D00044598BFAE002E7FF4BCAE53F80C2C002A3FF4BAAEBBF1000F7FF4B6AE7AE6474601264FF0000819E6002421
S32D000445C016239B46049327462B7C079426464FF0100914E603685B6A9847034614E703685B6A9847EBE553F82E
S32D000445E8041C481E002943F8040C3FF778AE0CA91046E0F7F3FE72E6D0E90232934234D21C68601C04BF002372
S32D00044610089357E54746CDF81090CB464FF000080126ECE547462B7CB046E2E503680DAA5B6A029298471CE612
S32D0004463803680DAA5B6A0292984703460CE703685B6A984704469BE6DDF814A04446D04620E603680DAA5B6ACA
S32D00044660029298470446E2E644464FF00008C24614E603685B6A98470446C6E70D9B53F80C2C32B91C9A3EB10F
S32D000446881B99176004220A601DE63C4639462DE61B99166004220A6015E60298E0F7C6FF03F0E4F810B588B077
S32D000446B00DF1180C8CE80C000C9A02920AAA04460B4692E803008DE803000D9A0E98039219469CE80C00049053
S32D000446D82046FFF7CBFC204608B010BD2DE9F04F8FB008A91A9C039081E80C000BA804F16C01FCF74FFAE36803
S32D0004470003F04A0ABAF1400F054600F06082BAF1080F48D018A908A8FCF770FF4FF00A098046002840F05D822D
S32D00044728DDE9080410B1661C00F0A282D5F8BC30A3420CBF01230023079303D0D5F8C030A3423BD12B7C13B100
S32D00044750AA6AA24237D06A6AA24234D00898D0E90232934280F0B582043383604FF0FF3318A908A80993FCF7E8
S32D0004477841FF8046F0B10027B9F1100F2B7C3E4673D11622049293469E4A0D92002B73D00DAB20211846029381
S32D000447A0E0F78EFF6CE018A908A8FCF727FF8046002840F040824FF01009B5E708A8FCF75DFF04462B7C0027C2
S32D000447C83E46B84657461BB1AA6AA24200F08D816A6AA24200F08981D5F8CC20A24200F0F080002E00F081810F
S32D000447F0D5F8C420A24204D0D5F8C820A24240F01582002F00F0CA80B9F1100F40F03E824FF000084646089839
S32D00044818D0E902239A4280F0C78004324FF0FF3382600993D0E902239A4280F010821068013003BF00230893F3
S32D000448404FF0010A4FF0000ADDE9180310B1591C00F01081A3F1FF33B3FA83F35B09534540F0BF802B7C474693
S32D000448684FF00108B9F1100F8BD0CDF81090CB46644A0D92002B8BD195F8243105934FF0FF32B2FBF9F2019253
S32D00044890002B40F03281B8F1000F40F01582049B3033C2460493BBF10A0F00F3B3802F2C40F21781049B9C423B
S32D000448B880F01381303C019B434580F0B0800898D0E9023293424FF0010A80F0B880043383604FF0FF3309931F
S32D000448E0D0E90232934280F0E4811868013003BF0023089301240024DDE9180310B15A1C00F0E480A3F1FF3363
S32D00044908B3FA83F35B09A34240F0BB8001240D9B53F80C2C22BB0FB9002E39D0BAF1000F00F064814FF0FF327B
S32D000449301C990A601B9904220A602CB11B9A1B99126842F002020A6008AA92E80300304C039DA3F10C02A242C1
S32D0004495885E8030040F07F8103980FB0BDE8F08FF9B24FF0000B0DAB184699460293E0F7ADFFD5E902014A46BC
S32D0004498004F04CFD002800F03D810D9B002F00F04081BBF1000FC5D00022C9E70898D0E902239A42B8463E466C
S32D000449A84FF01009FFF439AF03689B6A984708984FF0FF3309934FF0010A00283FF440AF30E7002E49D0B9F112
S32D000449D00A0F7FF40DAF002F48D1B8464FF0080919E7DDE9080408B1631C04D0002E00F055812B7CEBE6D0E9D4
S32D000449F80232934280F05F811C68611C04BF00230893EFE7602D0020542D0020A4F1300009284CD8019B434550
S32D00044A200446FFF450AF089808FB09F8E343434538BF4AF0010AD0E90232934207F10107A044FFF448AF03689F
S32D00044A480DAA9B6A0292984708984FF0FF330993012400283FF44CAF3EE777B3B9F1080F00F0AE8008F10108B5
S32D00044A700126D0E6D0E902239A4280F0E78013685A1C04BF00221892E4E6DDE9080400283FF409AF621C7FF486
S32D00044A9806AFD0E90232934280F01B811C68631C7FF4FDAE0023BBF10A0F089315DDA4F16103052B13D8573C2C
S32D00044AC0FDE6B84601264FF00809A4E6D0E90232934280F0E7801B68591C04BF0022189210E7002417E7A4F114
S32D00044AE84103052BF9D8373CE5E647464FF00008B8E6B8F1000F40F0F38095F810B005F1CC03C2460693BBF1ED
S32D00044B10000F02D0AB6AA3423ED06B6A9C42E0D02146069C049A204618F028FD0028D8D0001B019A3C284FEACA
S32D00044B38A003C8BF063B42453FD308FB09F8DA43424538BF4AF0010A013798440898D0E9023293422BD20433B9
S32D00044B6083604FF0FF33099318A90DAB08A80293FCF744FD044600287FF4CDAE0DAB08A80293FCF77BFD95F8EC
S32D00044B8810B00446BBF1000FC3D0AB6AA342C0D1002F00F0AF800DA8F9B20290E0F796FE0898D0E9023293420B
S32D00044BB04FF00007D3D303680DAA9B6A02929847CFE7DDF814A0C5E7B046012623E618A908A8FCF713FD4FF089
S32D00044BD80809804600283FF4A3AD00242B7CCDF81090CB4627462646079441E6079A0AB1C8F100081C9AC2F8C0
S32D00044C0000809AE61B9A042313600D9B002F7FF4C0AE002E7FF4BDAE53F80C2C002A3FF4BBAEBBF1000F7FF4F8
S32D00044C28B7AE7BE6474601264FF000081AE6002416239B46049327462B7C079426464FF0100915E603685B6A26
S32D00044C509847034614E703685B6A9847ECE553F8041C481E002943F8040C3FF779AE0CA91046E0F7B7FB73E6A0
S32D00044C78D0E90232934238D21C68601C04BF0023089353E54746CDF81090CB464FF000080126EDE547462B7C0E
S32D00044CA0B046E3E503680DAA5B6A02929847034612E703680DAA5B6A0292984716E603685B6A984704469CE657
S32D00044CC8DDF814A04446D04621E603689B6A984748E503680DAA5B6A029298470446DEE644464FF00008C246CD
S32D00044CF011E603685B6A98470446C2E70D9B53F80C2C32B91C9A3EB11B99176004220A601AE63C4639462AE612
S32D00044D181B99166004220A6012E60298E0F786FC02F0A4FD10B588B00DF1180C8CE80C000C9A02920AAA04465A
S32D00044D400B4692E803008DE803000D9A0E98039219469CE80C0004902046FFF7C3FC204608B010BD2DE9F04149
S32D00044D688CB008AC84E80C00149E159BCDE90263D6F80C8028F04A0343F00803F3600BAB049312AB05460A463F
S32D00044D9093E803008DE8030006AF1146384694E80C00FFF79FFC169A0B9BC6F80C80136097E8030084E8030054
S32D00044DB885E8030028460CB0BDE8F0812DE9F04F93B00CA91E9C069081E80C000FA804F16C01FBF7DFFEE368D4
S32D00044DE003F04A08B8F1400F054600F0C482B8F1080F43D04FF00A0B1CA90CA8FCF7FEFB002840F00E82DDE9A9
S32D00044E080C0410B1671C00F00083D5F8BC30A3420CBF01230023099303D0D5F8C030A34236D12B7C13B1AA6A6A
S32D00044E30A24232D06A6AA2422FD00C98F8F716F94FF0FF331CA90CA80D93FCF7D7FB0646F0B14FF00009BBF1E1
S32D00044E58100F2B7C4F4670D1162208920292AD4A1192002B71D011AB202118460393E0F723FC6AE01CA90CA876
S32D00044E80FCF7BCFB002840F09F824FF0100BBAE70CA8FCF7F3FB04462B7C4FF000094F4646461BB1AA6AA2422F
S32D00044EA800F035816A6AA24200F03181D5F8CC20A24200F01681002F00F02981D5F8C420A24204D0D5F8C820CD
S32D00044ED0A24240F07682002E00F0F080BBF1100F40F0A1824FF000094F460C98D0E902239A4280F0ED800432AA
S32D00044EF84FF0FF3382600D93D0E902239A4280F065821068013003BF00230C934FF001084FF00008DDE91C03E3
S32D00044F2010B15A1C00F03E81A3F1FF33B3FA83F35B09434540F0E5802B7C0126BBF1100F8ED0CDF820B0CDF8BE
S32D00044F4808B0744A1192002B8DD1099B4FEAEB78002B15BF00204FF0FF304FF000416FF000415A4643460490EB
S32D00044F700591CDF81C800DF0E1FC95F824A1CDE90001CDE90AB8BAF1000F40F06C81002E40F08982089B303377
S32D00044F980893D0465646029B0A2B00F3BF802F2C40F23381089BA34240F22F81303C009B4345019BB34180F05C
S32D00044FC0BC800C98D0E9023293424FF0010A80F0D280043383604FF0FF330D93D0E90232934280F0278218688B
S32D00044FE8013003BF00230C9301240024DDE91C0310B1591C00F0FE80A3F1FF33B3FA83F35B09A34240F0D58059
S32D000450100124119B53F80C2C002A2DD1B9F1000F01D1002F41D0BAF1000F00F0A781099A002A40F0C2814FF0D6
S32D00045038FF306FF00041209AC2E900011F9904220A602CB11F9A1F99126842F002020A600CAA92E80300304CB2
S32D00045060069DA3F10C02A24285E8030040F0C481069813B0BDE8F08F5FFA89F14FF0000B11AB18460393E0F7E7
S32D0004508825FCD5E90201039A04F0C4F9002800F07B81119BB9F1000F00F07E81BBF1000FBDD0209D0021002018
S32D000450B0C5E900011F9904220A60C6E70C98D0E902239A42B14637464FF0100BFFF413AF03689B6A98470C9856
S32D000450D84FF0FF330D934FF0010800283FF41AAF0AE7002F51D0BBF10A0F7FF4E7AE002E50D1B1464FF0080B83
S32D00045100F3E6DDE90C0410B1621C00F024812B7C002F7FF4C6AE002610E700BF602D0020542D0020A4F130004E
S32D0004512809285CD8009B4345019BB3410446FFF444AF079B0C980BFB06F608FB0366ABFB08831E44049B1A1BF2
S32D00045150059B63EBE4734245B341D0E9023238BF4AF0010A14EB080846EBE476934209F10109FFF42EAF036896
S32D0004517811AA9B6A039298470C984FF0FF330D93012400283FF432AF24E776B3BBF1080F00F0EA8009F1010966
S32D000451A00127A2E6D0E902239A4280F0178113685A1C04BF00221C92B6E6DDE90C0400283FF4EDAE631C7FF48D
S32D000451C8EAAED0E90232934280F047811C68611C7FF4E1AE00230C93029B0A2B15DDA4F16103052B13D8573CF3
S32D000451F0E1E6B14601274FF0080B76E6D0E90232934280F01D811B685A1C04BF00221C92F6E60024FDE6A4F125
S32D000452184103052BF9D8373CC9E62F7CCDF820B05A46A34B1193002F40F0D980D3174FF0FF306FF00041CDE925
S32D000452400A230DF07BFB95F824610997CDE90001002E00F0FC804FF0FF326FF00043CDE904233C46B946002EFB
S32D0004526840F0028195F810B005F1CC03B2460293B046BBF1000F02D0AB6AA34250D06B6A9C42C2D02146029CDB
S32D00045290089A204618F072F90028BAD0009A001B3C284FEAA003C8BF063B4245019AB2415BD30A9A0B9902FB7A
S32D000452B806F608FB0166A2FB08821644049AD11A059A62EBE3724145B24138BF4AF0010A13EB080809F101094C
S32D000452E046EBE3760C98D0E9023293422DD2043383604FF0FF330D931CA911AB0CA80393FCF77CF904460028DD
S32D000453087FF483AE11AB0CA80393FCF7B3F995F810B00446BBF1000FB1D0AB6AA342AED1B9F1000F00F0AB800A
S32D0004533011A85FFA89F10390E0F7CCFA0C98D0E9023293424FF00009D1D3036811AA9B6A03929847CDE7D0E931
S32D00045358023293427CD21C68631C04BF00230C93D1E64FF0010AB9E7B9460127B9E54FF0080B3DE5099A1AB1FC
S32D00045380D8F1000866EB4606209AC2E900865CE61F9A04231360119BB9F1000F7FF482AE002F7FF47FAE53F8EB
S32D000453A80C2C002A3FF47DAEBBF1000F7FF479AE35E600204FF000413DE600260127B9E516232F7C0893102243
S32D000453D09B462AE703685B6A984797E503685B6A98470346E4E600243E46CDF808B027469346A14609943AE5FE
S32D000453F853F8041C481E002943F8040C3FF734AE10A91046DFF7EAFF2EE6D0E90232934230D21C68661C04BFB7
S32D0004542000230C93F5E4CDF820B0CDF808B0002601278AE5036811AA5B6A03929847D3E5036811AA5B6A039259
S32D0004544898470346DCE6BA46B8463E46B946DBE503685B6A984704467EE7036811AA5B6A039298470446B2E608
S32D000454704FF000083446C2464646CAE503685B6A98470446CAE7119B53F80C2C42B9209C00210020C4E9000127
S32D000454981F9904220A60DBE54C464946ECE53446D0465646B1E50398E0F7C0F802F0DEF9602D002010B588B089
S32D000454C00DF1180C8CE80C000C9A02920AAA04460B4692E803008DE803000D9A0E98039219469CE80C00049035
S32D000454E82046FFF76BFC204608B010BD2DE9F04F91B00AA91C9C059081E80C000DA804F16C01FBF747FBE36843
S32D0004551003F04A0ABAF1400F054600F08982BAF1080F42D01AA90AA8FCF768F80A278046002840F08682DDE929
S32D000455380A0410B1661C00F0CD82D5F8BC30A3420CBF01230023099303D0D5F8C030A34235D12B7C13B1AA6A6B
S32D00045560A24231D06A6AA2422ED00A98F7F77EFD4FF0FF331AA90AA80B93FCF73FF88046E8B14FF00009102FDF
S32D000455882B7C4E4672D1162206920392A94A0F92002B71D00FAB202118460493E0F78CF86AE01AA90AA8FCF711
S32D000455B025F88046002840F070821027BBE70AA8FCF75CF804462B7C4FF00009B8464E4657461BB1AA6AA2429E
S32D000455D800F0AF816A6AA24200F0AB81D5F8CC20A24200F00581002E00F0A381D5F8C420A24204D0D5F8C8203A
S32D00045600A24240F04582002F00F0DF80B8F1100F40F06E824FF000094E460A98D0E902239A4280F0DC800432FD
S32D000456284FF0FF3382600B93D0E902239A4280F040821068013003BF00230A934FF0010A4FF0000ADDE91A03D2
S32D0004565010B1591C00F03281A3F1FF33B3FA83F35B09534540F0D4802B7C47464FF00108102F8CD00697039798
S32D00045678704A0F92002B8DD1FB173A464FF0FF304FF0FF310DF056F995F824310793CDE90101002B40F0518100
S32D000456A0B8F1000F40F04382069B3033C2460693C346039B0A2B00F3C5802F2C40F23581069B9C4280F031818E
S32D000456C8303C019B4345029B73EB0B0380F0C2800A98D0E9023293424FF0010A80F0D380043383604FF0FF3369
S32D000456F00B93D0E90232934280F007821868013003BF00230A9301240024DDE91A0310B15A1C00F0FF80A3F196
S32D00045718FF33B3FA83F35B09A34240F0D68001240F9B53F80C2C4ABBB9F1000F01D1002E3ED0BAF1000F00F073
S32D0004574088811E9D4FF0FF314FF0FF30C5E900011D9904220A602CB11D9A1D99126842F002020A600AAA92E80F
S32D000457680300354C059DA3F10C02A24285E8030040F0A381059811B0BDE8F08F00235FFA89F103930FAB184679
S32D000457901F460493E0F79EF8D5E902013A4603F03DFE002800F05F810F9BB9F1000F00F06281039A002AC0D08A
S32D000457B81E9D00210020C5E900011D9904220A60C5E70A98D0E902239A42B9463E464FF01008FFF424AF0368BB
S32D000457E09B6A98470A984FF0FF330B934FF0010A00283FF42BAF1BE7002E56D0B8F10A0F7FF4F8AE002F55D1FD
S32D00045808B9464FF0080804E7DDE90A0408B1631C04D0002E00F071812B7CD6E6D0E90232934280F07B811C6830
S32D00045830611C04BF00230A93EFE700BF602D0020542D0020A4F13000092858D8019B4345029B73EB0B030446C6
S32D00045858FFF43EAFA7FB0883E217E14307FB0B3341456FEA020199410A9838BF4AF0010A14EB080843EB020BD0
S32D00045880D0E90232934209F10109FFF42DAF03680FAA9B6A049298470A984FF0FF330B93012400283FF431AFB2
S32D000458A823E777B3B8F1080F00F0BB8009F101090126AEE6D0E902239A4280F0F58013685A1C04BF00221A92CF
S32D000458D0C2E6DDE90A0400283FF4EBAE621C7FF4E8AED0E90232934280F027811C68631C7FF4DFAE00230A9312
S32D000458F8039B0A2B15DDA4F16103052B13D8573CDFE6B94601264FF0080882E6D0E90232934280F0FC801B683F
S32D00045920591C04BF00221A92F5E60024FCE6A4F14103052BF9D8373CC7E647464FF0000896E6B8F1000F40F03C
S32D00045948FF8005F1CC0308932B7C0393C246C34613B1AB6AA3424AD06B6A9C42E1D02146089C069A204617F0AC
S32D0004597005FE0028D9D0019A001B3C284FEAA003C8BF063B4245029A72EB0B024AD3A7FB0882D917D84340450D
S32D0004599807FB0B226FEA0100904138BF4AF0010A13EB080809F1010942EB010B0A98D0E9023293422CD2043363
S32D000459C083604FF0FF330B931AA90FAB0AA80493FBF714FE044600287FF4A6AE0FAB0AA80493FBF74BFE2B7CDB
S32D000459E803930446002BB7D0AB6AA342B4D1B9F1000F00F0B0800FA85FFA89F10490DFF765FF0A98D0E90232BC
S32D00045A1093424FF00009D2D303680FAA9B6A04929847CEE7DDF81CA0C4E7B1460126F4E51AA90AA8FBF7E2FDD6
S32D00045A380827804600283FF47AAD00242B7C06970397A1462646099412E6099A1AB1D8F100086BEB4B0B1E9A38
S32D00045A60C2E9008B77E61D9A042313600F9BB9F1000F7FF49EAE002E7FF49BAE53F80C2C002A3FF499AE039A60
S32D00045A88002A7FF495AE54E6474601264FF00008EAE5162300241A460693A1462B7C0994264610270392E3E587
S32D00045AB003685B6A9847034606E703685B6A9847BCE553F8041C481E002943F8040C3FF755AE0EA91046DFF76E
S32D00045AD885FC4FE6D0E90232934237D21C68601C04BF00230A9328E54746CDF81880CDF80C8001264FF00008E2
S32D00045B00BAE547462B7CB046B2E503680FAA5B6A04929847F3E503680FAA5B6A049298470346FDE603685B6A23
S32D00045B289847044680E6DDF81CA04446D346D046F6E503680FAA5B6A049298470446D2E644464FF00008C3465D
S32D00045B50C246E9E503685B6A98470446C3E70F9B53F80C2C42B91E9C00210020C4E900011D9904220A60F5E559
S32D00045B784C46494606E60498DFF758FD01F076FE10B588B00DF1180C8CE80C000C9A02920AAA04460B4692E820
S32D00045BA003008DE803000D9A0E98039219469CE80C0004902046FFF79DFC204608B010BD2DE9F04F91B01C99C8
S32D00045BC8069001F16C0738460AA981E80C00F8F759FC80469348DAF711FD1C9BDB6EDE6856F82050002D00F025
S32D00045BF03683AB6A05F1400204921BB12B6B003B18BF012309932B7C894C0D9423B10DAE20213046DFF754FD29
S32D00045C1820210EA80E940DAEDFF74EFD4FF0000BEB6B0F9305F1440ACDF80CB05C46CDF81CB0CDF814B0CDF85D
S32D00045C4020B00FAB13F80B30042B00F2BA80DFE813F00500F500A3004C014B004FF00109BBF1030F00F0F88099
S32D00045C68DDE90A0708B17E1C2FD0DDE91A03A7F1FF37B7FA87F77F0910B1591C00F0C781A3F1FF33B3FA83F322
S32D00045C905B09BB4200F09780DDE90A0210B1561C00F0C481D8F8003008219B6840460DAE9847002800F08780D5
S32D00045CB80A98D0E90232934280F04182043383604FF0FF370B970028CFD0D0E90232934280F061831F68781CFA
S32D00045CE004BF00230A93C4E7DDE90A0710B17E1C00F05B81DDE91A03A7F1FF37B7FA87F77F0910B1591C00F0D8
S32D00045D085B81A3F1FF33B3FA83F35B09BB4200F06781DDE90A0610B1731C00F06B810A223146504617F026FC07
S32D00045D30002800F0E680049B3E4AC01A12680E9B8010125C029253E9039209F10107974204D853F8042C002AE0
S32D00045D5840F3258139460EA80DAEDFF7ADFC0E9B53F80C2C029999540E9A3149A2F10C038B4240F06281013444
S32D00045D800A98D0E90232934280F0FC80043383604FF0FF370B97A9E71C9BDB68990500F18D81059B012B00F28B
S32D00045DA88981BBF1000F00F08581BBF1010F00F04483BBF1020F00F052834FF001090BF1010BBBF1040F43D0F6
S32D00045DD0B9F1000F7FF435AF1D9B1D9A1B6843F0040313601AA90AA80DAEFBF707FC28B11D9B1D9A1B6843F0CF
S32D00045DF8020313600AAB93E80300069A0E9B0C4C82E80300A3F10C00A04240F0B8820D9BA3F10C00A04240F07A
S32D00045E20A682069811B0BDE8F08F00BFB82E0020602D0020300D0020542D00201AA90AA80DAEFBF7DBFB002815
S32D00045E4800F0C081BBF1030F4FF000097FF408AF059B012B40F2FB80B9F1000FB8D0089B002B40F0C581D5F8FC
S32D00045E702490DDE90A074FF001084FF0000B4FF0FF3A10B17A1C00F0CE81DDE91A03A7F1FF37B7FA87F77F096D
S32D00045E9810B15E1C00F0B881A3F1FF33B3FA83F35B09BB42059B00F05A82984500F0D380DDE90A0310B1591C95
S32D00045EC000F0BC8159F8042F9A4285D10A98D0E90232934280F0BD8104338360CDF82CA008F101084FF0FF3799
S32D00045EE8CBE7AB6A002B40F056812B6B002B40F0F181099B83F0010961E76B69B34243D095F81090B9F1000F01
S32D00045F106AD0AB69B34269D1039B002B40F04B82002C00F051820D9B5FFA84F953E90342671C974203D853F8AC
S32D00045F38042C002A69DD0DAE39463046DFF7BCFB0D9B53F80C2C03F802900D9A9C49A2F10C038B4208BF0024BC
S32D00045F603FF40EAF2344002142F80C7C42F8041C4FF000025A730A98D0E9023293420C46FFF404AF03689B6AA1
S32D00045F880DAE98470A98FFE6039B002BB8D16B6B002B25DD0123079403930446ECE64A46E0E6D0E902329342E8
S32D00045FB080F0A5811F68781C04BF00230A9399E6D0E90232934280F0A0811B685A1CA3F1FF33B3FA83F308BF10
S32D00045FD800224FEA531308BF1A92BB427FF499AE4FF001090E9B53F80C3C002B08BF4FF00009E4E6D0E9023236
S32D00046000934280F088811E68771C04BF00230A9389E622469BE7D0E90232934280F0C5811B685A1C04BF0022D5
S32D000460281A922DE6D0E90232934280F0C3811A68511C04BF00230A9330E64B44002142F80C7C42F8041C4FF07E
S32D0004605000025A7393E6B9F1000F3FF4BDAE0E9B53F80C3C012B00F21F81089B002B40F058810D9B53F80C3C73
S32D00046078ABB1039B002B00F0C5809DF81C100DAE3046DFF723FCD5E90201324603F0C2F928B91D9B1D9A1B68FB
S32D000460A043F004031360039B1BB16B6BA3427FF493AE1E980EA9DFF7F3F893E60A982B6A0B9F0293002800F013
S32D000460C84C817A1C4FF000092ED0DDE91A03A7F1FF37B7FA87F77F0908B15E1C35D0A3F1FF33B3FA83F35B0910
S32D000460F0BB42029B00F02D814B453FF462AEDDE90A0308B15A1C2FD0EA6952F829209A4239D10A98D0E9023217
S32D0004611893423AD2043383604FF0FF330B9309F101091F460028D0D0D0E90232934280F0AA811F687B1CC8D106
S32D0004614000230A93C5E703689B6A0DAE98470A98BAE5D0E90232934280F093811B68591C04BF00221A92BEE702
S32D00046168D0E90232934280F094811B685F1C04BF00220A92EA6952F829209A42C5D0B9F1000F38D04FF00009DF
S32D0004619019E603689B6A0DAE98470A98C0E71AA90AA80DAEFBF72AFA002800F00F812B6B002B40F09380AB6A84
S32D000461B8002B3FF49EAE012308939946FFE500BF542D00200AA80DAEFBF754FAD8F8003002469B680821404682
S32D000461E09847814600283FF431AE0A98F6F73EFF4FF0FF330B9333E5D5F82C9039E61C9BDB6883F40073C3F378
S32D000462084029DCE5E1B23AE7D0E90232934280F04C811B68581C08BFCDF868B03CE6D0E90232934280F03B81DC
S32D000462301F687B1C08BFCDF828B026E6D0E90232934280F03C811B685A1C08BFCDF828B038E603689B6A0DAE19
S32D0004625898470A983EE604467020D9F733FC0023C0E90133C0E90533C0E90733C0E90933C0E90B33C0E90D331D
S32D00046280C3600374C36380F86C309C4B036039460546F8F7BFFD1C9B2946D86E2246DAF737F956F82450A4E43A
S32D000462A8002230210EA8DFF70DF800283FF4D9AE0E9B53F80C2C431C08BF02F1FF3082424FF0000328BF024635
S32D000462D019460EA80DAEDFF787F8C6E61AA90AA80DAEFBF78BF9002800F09480AB6A002B3FF403AE2B6B002B14
S32D000462F87FF4FFAD5FE703685B6A0DAE9847074655E603685B6A0DAE984703465AE603685B6A0DAE9847064654
S32D0004632072E60E9B53F8042C002A62DA1B78302B3FF49FAE2D2300220093114601230EA80DAEDFF7EDF80E9BA6
S32D000463484FF0FF3243F8042C8FE64B453FF435ADB9F1000F7FF416AF4DE78146B5E698457FF436AD77E653F8CC
S32D00046370042C511E002A43F8041C3FF752AD0EA9DFF730F84DE553F8042C511E002A43F8041C3FF740AD0CA974
S32D00046398DFF724F83BE503685B6A0DAE9847074699E403685B6A0DAE9847034635E6DDF80C9017E603685B6A61
S32D000463C00DAE9847024637E6A1460FE60AA8FBF755F96B6A1B6883427FF4E9AEAB6A0A980593F6F743FE4FF0FB
S32D000463E8FF330B934FF00109E9E40EA80DAEDFF775F80E9B1A78302A3FF437AE53F8043C002B93DB0EA8DFF78C
S32D0004641069F88FE70AA80DAEFBF730F9EB6A1B6883427FF463AF2B6B0A9805930DAEF6F71DFE4FF0FF334FF096
S32D0004643801090B93CDF82090C1E4099B002B7FF439AE9DF83C30032B3FF434AE9DF83E30012B3FF42FAE4FF085
S32D00046460020BFFF7EEBB9DF83F30042B3FF426AE099A12B1032B3FF421AE4FF0030BFFF7E0BB03685B6A0DAEC5
S32D000464889847034667E603685B6A0DAE9847074650E603685B6A0DAE9847034666E603685B6A0DAE98470746AA
S32D000464B0BFE603685B6A0DAE98470346AEE603685B6A0DAE98470346BEE63046DFF7B2F801F0D0F901F058FBC3
S32D000464D801F0C4FF01F092FB01F0C8F90EA8DFF7A5F8EEE701F04CFB2B6828465B689847EEE700BF3C6506009A
S32D000465002DE9F04F91B01C99069001F16C0738460AA981E80C00F7F7B9FF80469348DAF771F81C9BDB6EDE68B6
S32D0004652856F82050002D00F03683AB6A05F1400204921BB12B6B003B18BF012309932B7C894C0D9423B10DAEEA
S32D0004655020213046DFF7B4F820210EA80E940DAEDFF7AEF84FF0000BEB6B0F9305F1440ACDF80CB05C46CDF8A2
S32D000465781CB0CDF814B0CDF820B00FAB13F80B30042B00F2BA80DFE813F00500F500A3004C014B004FF0010964
S32D000465A0BBF1030F00F0F880DDE90A0708B17E1C2FD0DDE91A03A7F1FF37B7FA87F77F0910B1591C00F0C781A4
S32D000465C8A3F1FF33B3FA83F35B09BB4200F09780DDE90A0210B1561C00F0C481D8F8003008219B6840460DAEA9
S32D000465F09847002800F087800A98D0E90232934280F04182043383604FF0FF370B970028CFD0D0E9023293422A
S32D0004661880F061831F68781C04BF00230A93C4E7DDE90A0710B17E1C00F05B81DDE91A03A7F1FF37B7FA87F7D5
S32D000466407F0910B1591C00F05B81A3F1FF33B3FA83F35B09BB4200F06781DDE90A0610B1731C00F06B810A224E
S32D000466683146504616F086FF002800F0E680049B3E4AC01A12680E9B8010125C029253E9039209F10107974288
S32D0004669004D853F8042C002A40F3258139460EA80DAEDFF70DF80E9B53F80C2C029999540E9A3149A2F10C033B
S32D000466B88B4240F0628101340A98D0E90232934280F0FC80043383604FF0FF370B97A9E71C9BDB68990500F101
S32D000466E08D81059B012B00F28981BBF1000F00F08581BBF1010F00F04483BBF1020F00F052834FF001090BF1C7
S32D00046708010BBBF1040F43D0B9F1000F7FF435AF1D9B1D9A1B6843F0040313601AA90AA80DAEFAF767FF28B172
S32D000467301D9B1D9A1B6843F0020313600AAB93E80300069A0E9B0C4C82E80300A3F10C00A04240F0B8820D9BC5
S32D00046758A3F10C00A04240F0A682069811B0BDE8F08F00BFBC2E0020602D0020300D0020542D00201AA90AA8C9
S32D000467800DAEFAF73BFF002800F0C081BBF1030F4FF000097FF408AF059B012B40F2FB80B9F1000FB8D0089B1B
S32D000467A8002B40F0C581D5F82490DDE90A074FF001084FF0000B4FF0FF3A10B17A1C00F0CE81DDE91A03A7F1AB
S32D000467D0FF37B7FA87F77F0910B15E1C00F0B881A3F1FF33B3FA83F35B09BB42059B00F05A82984500F0D38070
S32D000467F8DDE90A0310B1591C00F0BC8159F8042F9A4285D10A98D0E90232934280F0BD8104338360CDF82CA0C6
S32D0004682008F101084FF0FF37CBE7AB6A002B40F056812B6B002B40F0F181099B83F0010961E76B69B34243D02E
S32D0004684895F81090B9F1000F6AD0AB69B34269D1039B002B40F04B82002C00F051820D9B5FFA84F953E9034207
S32D00046870671C974203D853F8042C002A69DD0DAE39463046DEF71CFF0D9B53F80C2C03F802900D9A9C49A2F15D
S32D000468980C038B4208BF00243FF40EAF2344002142F80C7C42F8041C4FF000025A730A98D0E9023293420C46AF
S32D000468C0FFF404AF03689B6A0DAE98470A98FFE6039B002BB8D16B6B002B25DD0123079403930446ECE64A4619
S32D000468E8E0E6D0E90232934280F0A5811F68781C04BF00230A9399E6D0E90232934280F0A0811B685A1CA3F163
S32D00046910FF33B3FA83F308BF00224FEA531308BF1A92BB427FF499AE4FF001090E9B53F80C3C002B08BF4FF098
S32D000469380009E4E6D0E90232934280F088811E68771C04BF00230A9389E622469BE7D0E90232934280F0C581B2
S32D000469601B685A1C04BF00221A922DE6D0E90232934280F0C3811A68511C04BF00230A9330E64B44002142F880
S32D000469880C7C42F8041C4FF000025A7393E6B9F1000F3FF4BDAE0E9B53F80C3C012B00F21F81089B002B40F025
S32D000469B058810D9B53F80C3CABB1039B002B00F0C5809DF81C100DAE3046DEF783FFD5E90201324602F022FDB4
S32D000469D828B91D9B1D9A1B6843F004031360039B1BB16B6BA3427FF493AE1E980EA9DEF753FC93E60A982B6AF3
S32D00046A000B9F0293002800F04C817A1C4FF000092ED0DDE91A03A7F1FF37B7FA87F77F0908B15E1C35D0A3F130
S32D00046A28FF33B3FA83F35B09BB42029B00F02D814B453FF462AEDDE90A0308B15A1C2FD0EA6952F829209A42B5
S32D00046A5039D10A98D0E9023293423AD2043383604FF0FF330B9309F101091F460028D0D0D0E90232934280F00E
S32D00046A78AA811F687B1CC8D100230A93C5E703689B6A0DAE98470A98BAE5D0E90232934280F093811B68591C15
S32D00046AA004BF00221A92BEE7D0E90232934280F094811B685F1C04BF00220A92EA6952F829209A42C5D0B9F1C7
S32D00046AC8000F38D04FF0000919E603689B6A0DAE98470A98C0E71AA90AA80DAEFAF78AFD002800F00F812B6B05
S32D00046AF0002B40F09380AB6A002B3FF49EAE012308939946FFE500BF542D00200AA80DAEFAF7B4FDD8F8003056
S32D00046B1802469B68082140469847814600283FF431AE0A98F6F79EFA4FF0FF330B9333E5D5F82C9039E61C9BC4
S32D00046B40DB6883F40073C3F34029DCE5E1B23AE7D0E90232934280F04C811B68581C08BFCDF868B03CE6D0E9ED
S32D00046B680232934280F03B811F687B1C08BFCDF828B026E6D0E90232934280F03C811B685A1C08BFCDF828B0EC
S32D00046B9038E603689B6A0DAE98470A983EE604467020D8F793FF0023C0E90133C0E90533C0E90733C0E9093301
S32D00046BB8C0E90B33C0E90D33C3600374C36380F86C309C4B036039460546F8F74BFB1C9B2946D86E2246D9F71A
S32D00046BE097FC56F82450A4E4002230210EA8DEF76DFB00283FF4D9AE0E9B53F80C2C431C08BF02F1FF30824226
S32D00046C084FF0000328BF024619460EA80DAEDEF7E7FBC6E61AA90AA80DAEFAF7EBFC002800F09480AB6A002B42
S32D00046C303FF403AE2B6B002B7FF4FFAD5FE703685B6A0DAE9847074655E603685B6A0DAE984703465AE6036818
S32D00046C585B6A0DAE9847064672E60E9B53F8042C002A62DA1B78302B3FF49FAE2D2300220093114601230EA8D9
S32D00046C800DAEDEF74DFC0E9B4FF0FF3243F8042C8FE64B453FF435ADB9F1000F7FF416AF4DE78146B5E6984507
S32D00046CA87FF436AD77E653F8042C511E002A43F8041C3FF752AD0EA9DEF790FB4DE553F8042C511E002A43F8CB
S32D00046CD0041C3FF740AD0CA9DEF784FB3BE503685B6A0DAE9847074699E403685B6A0DAE9847034635E6DDF88F
S32D00046CF80C9017E603685B6A0DAE9847024637E6A1460FE60AA8FAF7B5FC6B6A1B6883427FF4E9AEAB6A0A9894
S32D00046D200593F6F7A3F94FF0FF330B934FF00109E9E40EA80DAEDEF7D5FB0E9B1A78302A3FF437AE53F8043CAD
S32D00046D48002B93DB0EA8DEF7C9FB8FE70AA80DAEFAF790FCEB6A1B6883427FF463AF2B6B0A9805930DAEF6F737
S32D00046D707DF94FF0FF334FF001090B93CDF82090C1E4099B002B7FF439AE9DF83C30032B3FF434AE9DF83E3099
S32D00046D98012B3FF42FAE4FF0020BFFF7EEBB9DF83F30042B3FF426AE099A12B1032B3FF421AE4FF0030BFFF78F
S32D00046DC0E0BB03685B6A0DAE9847034667E603685B6A0DAE9847074650E603685B6A0DAE9847034666E603688F
S32D00046DE85B6A0DAE98470746BFE603685B6A0DAE98470346AEE603685B6A0DAE98470346BEE63046DEF712FC71
S32D00046E1000F030FD00F0B8FE01F024FB00F0F2FE00F028FD0EA8DEF705FCEEE700F0ACFE2B6828465B689847EA
S32D00046E38EEE700BF4C6506002DE9F0418CB008AC84E80C00169F159A9DF85060CDE902270B4612AA25490A9190
S32D00046E60054692E803008DE80300194636B30DF1280806AECDF8108094E80C003046FEF79FFE96E803000A9E88
S32D00046E8884E80300D9F724F9034617990B933A4630460BAB01F08AFF94E803000A9B144A85E80300A3F10C002D
S32D00046EB090420ED128460CB0BDE8F0810DF1280806AECDF8108094E80C003046FFF718FBD7E753F8042C511ED9
S32D00046ED8002A43F8041CE9DC0BA9DEF77FFAE5E74046DEF7A3FB00F0C1FC00BF602D0020542D00202DE9F04F68
S32D00046F008DB008AC199F9DF860B0DDF86C90054607F16C0084E80C008846F7F7B7FA2E4B0B931A9BCDE90273B5
S32D00046F280DF12C0ACDF810A016AB064693E803008DE8030006AF94E80C0041463846BBF1000F2BD0FEF738FE68
S32D00046F500B9B97E8030053F80C7C84E80300A7B1002239464846DFF74DF8D9F80030DDF82C8053F8042C002ADC
S32D00046F78474416DA3A46376830464146FE6AB0470B9B94E80300134CA3F10C02A24285E803000CD128460DB06F
S32D00046FA0BDE8F08FFFF7ACFAD2E74846DEF742FED9F80030E2E753F8041C481E002943F8040CEBDC0AA91046C4
S32D00046FC8DEF70CFAE6E75046DEF730FB00F04EFC602D0020542D0020244B1A68D0075CBF01221A60224B1A6862
S32D00046FF0D1075CBF01221A60204B1A68D2075CBF01221A601E4B1A68D0075CBF01221A601C4B1A68D1075CBF0B
S32D0004701801221A601A4B1A68D2075CBF01221A60184B1A68D0075CBF01221A60164B1A68D1075CBF01221A604A
S32D00047040144B1A68D2075CBF01221A60124B1A68D0075CBF01221A60104B1A68D1075CBF01221A600E4B1A68F6
S32D00047068D2075CBF01221A60704700BF8C2E0020882E0020842E0020802E00207C2E0020782E0020742E00204D
S32D00047090702E00206C2E0020682E0020642E0020602E00200868B0F1805F08B51AD2904212D9B0EB420F4FEAC5
S32D000470B842030DD2B3F1805F08D36FF070430B604FF08040BDE80840D8F7FCBC0B6018460130BDE808408000CD
S32D000470E0D8F7F4BC0148EAF7C1FE00BF5C8E060030B583B0032901910446154610D800680B463BB1012B13D050
S32D000471081A46294616F054FA019B20686360002240F8232003B030BD002201A9FFF7BEFF019B2060A360E8E7A1
S32D000471300560019BEEE700BF2DE9F04F83B04768DDF830B081469A46ABEB02033B44019359F8083B994501EBF9
S32D0004715802060D4614BF8268032201A90446FFF79DFFBF1B80462DB1012D21682AD02A4616F016FABAF1000FD3
S32D000471800BD0BBF1000F08D0BBF1010F08EB850024D051465A4616F007FA5FB120685D44012F08EB850300EB3A
S32D000471A8860112D03A46184616F0FAF92068814501D000F055FA019BC4F80080A36003B0BDE8F08F0B6803608F
S32D000471D0D4E750F8263048F82530ECE7DAF8003048F82530D9E700BF70B50546466882B0044655F8080B01912A
S32D000471F8B14236BF33460B460196854214BFA26803229A420FD010D3032B0ED885420AD0721C2EB322B1014677
S32D00047220284616F0C1F9206800F01EFA256002B070BD01A92046FFF735FF6368216806465A1C73B14AB98D42D4
S32D0004724802D0084600F00CFA019B2660A36002B070BD16F0A5F92168F1E70B680360EEE70368A360DCE700BF5A
S32D00047270F0B51D46044602F180534068013B1B1A9D4283B045D823460F4653F8081B994218BFA368A5EB02060B
S32D00047298064408BF0323B34222D3D319C31A0ED0AA420CD001EB870C012B0CEB85000CEB820E1FD071461A4680
S32D000472C016F076F9216845B1012D01EB87001CD008992A4616F070F9216866600023204641F8263003B0F0BDD4
S32D000472E83946009500232046FFF722FF2168002DEFD0E5E75CF822304CF82530002DE8D0DEE7089B41F8273063
S32D00047310E3E70148EAF7AAFDA871060010B544688C4282B00B4607D304D902684360002142F8231002B010BDFE
S32D0004733800920B1B00222146FFF796FF02B010BD2DE9F04F154685B042680E9E1F4605F18053013B9B1A9E429E
S32D0004736000F2C3800346A6EB050B53F808AB9A4518BF836802EB0B0908BF03234B450446884643D36B18BA450F
S32D000473880AEB8101A2EB030302911FD963B1B5420AD00AEB8802012B02EB860002EB850156D01A4616F000F943
S32D000473B036B1012E30D002983246394616F0F4F82368C4F804900022204643F8292005B0BDE8F08F0AEB8202D9
S32D000473D89742DBD856B3B5421ED25BBB0AEB880303EB850207EB86018A424FEA86053DD3012E0DD0002EDFD0FA
S32D0004740002983246394616F0D3F8D9E700963B462A46FFF791FED3E73B684AF82830CFE7012E4ED0324639463B
S32D000474280AEB8800039316F0BFF8039B002BC3D0B542C1D00AEB8802012B02EB860002EB85010DD01A4616F0AA
S32D00047450AFF8B542C6D3B3E7134652F8252043F82620002EACD0A4E7134652F8252043F82620EEE7BA420AD87F
S32D00047478012E07EB8B012AD0002E9DD00298324616F08EF898E7A2EB070B4FEAAB02012A19D02AB102980392E0
S32D000474A0394616F085F8039A029BB21A012A03EB050103EB0B0013D0002A81D016F074F87EE73A684AF8282039
S32D000474C8002BC2D0B4E739684AF82810E8E757F82B304AF828306FE753F8262043F80B206AE70148EAF7BEFC8A
S32D000474F08C8E0600F0B54768044650F8086B864218BFA36807EB020508BF03239D4283B00ED832B1012A06EB6A
S32D00047518870012D016F044F8266865600023204646F8253003B0F0BD00920B46002239462046FFF7FDFD26685F
S32D00047540EFE70B6846F82730EBE700BF10B54468A3429C4616D8E41A944228BF144654B18646012CDEF800306B
S32D00047568084603EB8C0104D0224616F019F8204610BD53F82C300360204610BD0249034823466246EAF786FC5B
S32D000475907C7106004471060070B5044682B011B3521A96100C2A0D4601960BD8012E006811D12B680360019B96
S32D000475B86360002240F8232002B070BD002201A9FFF76CFD019B2060012EA360EDD0002EEDD03246294615F055
S32D000475E0E3FF2068E7E712B900680192E3E70148EAF724FC6073060000487047BC94060010B5034B0360044679
S32D0004760800F04AFB204610BDF094060010B5054B0360044600F040FB20460421D8F750FA204610BDF094060010
S32D0004763000487047FC94060010B5034B0360044600F02EFB204610BD2C95060010B5054B0360044600F024FBEF
S32D0004765820460421D8F734FA204610BD2C9506000DF026BDFFF7FCBF2DE9F04105680446174655E9020288B018
S32D000476801E460023CDE905332358251853F8040C10239042079322D103680095CDE9011405AA0392DD69062241
S32D000476A888463B463146A847059A10469AB19DF81A5005F00603062B0ED09DF819109DF818300B4003F00603CD
S32D000476D0062B05D001F00501042900D01DB1002008B0BDE8F081002E06DB1644B442F6D1104608B0BDE8F08188
S32D000476F8B31CF0D000943C684346246A31463846A04700F006000628E5D1059A1046ECE720494B6830B5A0F172
S32D0004772008046BB350F8085C04EB050E734527D821D05A6801F1040C32B90FE0516803F1040C21B313460A46DF
S32D000477489645F7D304BFDEE900215960DCF8003008BFAD181A6899188C4211D05B6840F8043CDCF8003040F81D
S32D00047770085C5C6030BD1A685B682A4440F8082C40F8043C4C6030BD2A441A6030BD5B681A6899188C42E5D15B
S32D00047798F6E700BFC02E0020154900F108034868082B38BF0823A0B1073323F00703043102E0011D4068C8B1B8
S32D000477C002689342F9D810B4D41A072C06D84368026010BC0B60083070477047C218D0F804C0C2F804C0C450E2
S32D000477E8086810BC036008300A607047704700BFC02E002010B500F1800420460DF050FC034630B1802200211D
S32D0004781018460EF007F9803010BD2046FFF7C0FF03460028F2D100F08DFD00BF064A93688038984205D9D268F0
S32D000478381344984201D2FFF76BBF0DF039BC00BFC02E002038B5084C4FF41E652846E5600DF026FCA06020B191
S32D000478600023C0E90053606038BDE060606038BDC02E00201EB400F08FF81EBC0BF058FFF0B50278472A83B0E7
S32D000478880C461D4619D00023264E0193336830469B68984778B1019B1B68019302272368314620461E6901AA73
S32D000478B00123B04718BB0746384603B0F0BD0127F1E743784E2BE2D18378552BDFD1C378432BDCD10379462B38
S32D000478D81BD00379432BD6D143792B2BD3D183792B2BD0D1C379012BCDD809D050F8206C58300190CAE7019B39
S32D000479002B60384603B0F0BD50F8200C50F8786CF3E743794F2BE0D18379522BDDD1C379002BDAD1024E01936E
S32D00047928B4E700BF649506005C95060010B5044600F0CAF9224612F82039472B04D0836823BB8260012010BD71
S32D0004795063784E2BF7D1A378552BF4D1E378432BF1D12379432BEED163792B2BEBD1A3792B2BE8D1E379012B94
S32D00047978E5D854F8043C0133012B44F8043CE1D1836844F8083C8260012010BD00F0D6FC08B500F099F98368DF
S32D000479A083B393F82020472A04D00022826003F1200008BD93F821204E2AF6D193F82220552AF2D193F82320AA
S32D000479C8432AEED193F82420432AEAD193F825202B2AE6D193F826202B2AE2D193F82720012ADED8DA69013A84
S32D000479F0DA61002ADBD19969816000229A6103F1200008BD00F09EFC08B50420FFF7F6FE024B034A03490360DD
S32D00047A1800F00AFD2C950600397604000C95060008B50420FFF7E6FE024B034A0349036000F0FAFCCCA10600C7
S32D00047A4019A304009CA106000378472B01D00020704743784E2BFAD18378552BF7D1C378432BF4D10379432BE2
S32D00047A68F1D143792B2BEED183792B2BEBD1C07901288CBF00200120704700BF10B530B1044600F07DF820462C
S32D00047A90FFF7DAFF08B900F055FC54F8140C00F03DFC00BF2DE9F04F85B00246FFF7CCFF38B152E90674D2E9B3
S32D00047AB80C85D2F828A0002605E0044607460126054680468246104600F05AF80EB100F043FC384600F03CFCAB
S32D00047AE000F052F80EB100F02DFC00F0EDF80768DFF888B097F82730012B0CBF3B6807F17803029328F0030369
S32D00047B08019320374FF00009CA4520DDD5F80080B8F1000F00D0A84402AB002241463846FFF7AAFE08B100F030
S32D00047B3099FCD8F80030039003AA40465946D3F810800123C047019B002818BF064609F101091D44DCE746B19D
S32D00047B580420FFF74FFE084B084A0649036000F063FC204600F0D6FB00F048F800F046F8FFF77CFE6C950600F2
S32D00047B80F0950600A57C040038B5044600F0A0F82246056812F82039472B03D085BB0260284638BD63784E2B8E
S32D00047BA8F8D1A378552BF5D1E378432BF2D12379432BEFD163792B2BECD1A3792B2BE9D1E379012BE6D854F87E
S32D00047BD00C3C002B11DB013344F80C3C4368013B4360954218BF44F8105C656A18BF026020460BF0DFF92846DD
S32D00047BF838BDC3F10103EBE700F0A0FB08B500F05FF803687BB393F82020472A07D00022026003F12000BDE864
S32D00047C2008400BF0C9B993F821204E2AF3D193F82220552AEFD193F82320432AEBD193F82420432AE7D193F8E3
S32D00047C4825202B2AE3D193F826202B2ADFD193F82720012ADBD85A69002A05DB013A08D0511C0ED05A6108BD8B
S32D00047C700132FBD119690160F8E71A69026003F12000BDE808400BF097B900F05BFB00BF08B500F01DF8406881
S32D00047C98003818BF012008BD704700BF704700BF0048704738950600004870474895060010B504210446D7F723
S32D00047CC003FF204610BD00BF00487047D02E002000487047D02E0020502870B51DD0844600F00F000C2855D8B0
S32D00047CE8DFE800F0074426071E545454542A22071E00104650F8046B4EB10CF07004102C08BF11460E441CF028
S32D00047D10800F18BF36681E6070BD033222F0030050F8046B1E6070BD104650F8086BE7E7104630F9026BE3E751
S32D00047D38104630F8026BDFE700261046344610F8015B05F07F0E0EFA04FE15F0800F46EA0E0604F10704F2D1E7
S32D00047D601F2CCDD86D06CBD54FF0FF3505FA04F42643C6E700261046344610F8015B05F07F0E0EFA04FE2D0655
S32D00047D8846EA0E0604F10704F3D4B5E70BF0C4FEFF2808B5034619D003F07002302A084616D005D8202A09D15B
S32D00047DB0BDE808400BF0AFBE402A09D1BDE808400BF096BE02D813F0600F03D00BF0A8FE502AFBD1002008BDE1
S32D00047DD8BDE808400BF098BEF8B50C461546064608B10BF081FE286014F8017BFF2F29D16860204610F8013BB8
S32D00047E002B75FF2B33D0102300242B75224610F8011B01F07F039340090644EA030402F10702F4D40444EC601E
S32D00047E2810F8013B6B750024224610F8011B01F07F0393401C430B0602F10702F5D404442C61F8BD314638465A
S32D00047E50FFF7A2FF224601462B1D3846FFF73CFF0446204610F8013B2B75FF2BCBD10023EB60D9E72DE9F04FE6
S32D00047E7800F0030493B00023012C08938846174613D0022C08D1394640460BF017FE40B9082013B0BDE8F08F81
S32D00047EA0002C00F094800BF03BFE092013B0BDE8F08F0DF1300A10F00804CDF800A000F09D8044F002020292BA
S32D00047EC80C910C22194638460BF09EF838460BF011FE83460028D6D0524601463846FFF77BFF394605469DF804
S32D00047EF04400FFF751FF0DF12C0900230E901946CDF800900F2238460BF05CF80B9B23F001035E1E109B9D426D
S32D00047F1837D29DF8454000212046FFF739FF2A46014609AB2046FFF7D3FE9DF84550044600212846FFF72CFFA3
S32D00047F40224601460AAB2846FFF7C6FE9DF84550044600212846FFF71FFF224601464B462846FFF7B9FE0024ED
S32D00047F680546224615F8011B01F07F0393401C430B0602F10702F5D40C9B099A1344B34219D9029BD80730D587
S32D00047F900024039400231946CDF8009038460D22089D0BF00FF8039BC8F830300B9BC8F82CB0C8E909540620A5
S32D00047FB8C8F820306DE70A9A1344B3426ED8109BAB42A6D8DDE702073FF55DAF012302930DF1300A0023CDF801
S32D00047FE000A00C2219463846CDF830800BF010F870E7029B1A0752D500F0A4F90D6A23460D22214638460AF095
S32D00048008DDFF0C9B9D4202D002230293E2E72346CDF800A021460C223846CDF830800AF0F3FFD8F83030039387
S32D00048030ABB3D8E90A4B0DF12C09002C4EDB032500231A461946CDF800903846CDF82C800AF0DEFF002319467B
S32D000480580122CDF8009038460B940AF0D5FF002319460F22CDF8009038460AF0A7FF0B9A0399CDF8009002F0E5
S32D0004808001020A4300230B9238460F2219460AF0BFFF022D1DD0072013B0BDE8F08F4046FFF7F0FC0B9B002B95
S32D000480A83FF4F1AE0D9A13440393002C38D1002B3FF4E9AE029BDD073FF5E5AE029B1B0740F1238100240225EF
S32D000480D0B6E74046FFF72EFC0720DEE66FF040431B1B1E46524659463846FFF779FE9DF844003946FFF750FE16
S32D000480F80E9005460F9850F8263000EB860033B10246002352F8041F01330029FAD1C8E90A350423C8F83400C8
S32D00048120C8F8303003258BE7109E039B013C2644002B3FF4ACAE029B002E00F0E28013F00803049300F0C980CD
S32D00048148472388F800304E2388F80130552388F80230432388F80330462388F804304F2388F80530522388F84D
S32D000481700630002388F807300023CDF818B005979B46CDF81CA00024224616F8011B01F07F039340080644EAE7
S32D00048198030402F10702F4D41F2A05D84B0603D5012393405B421C43002530462A4610F8011B01F07F03934033
S32D000481C00F0645EA030502F10702F4D41F2A05D8490603D5012393405B421D43002C37D039DCB8F1000F02D06A
S32D000481E8049B002B50D06FF0404A0F9BAAEB040A53F82A30BBB1002D75D02E44BFE7A3005B420F9A0E991A44BC
S32D000482104B46FFF761FD0B9949B1B8F1000FEED008AB00224046FFF72BFB0028E7D0029BDDF81CA0D907DDE919
S32D00048238057B3FF5ABAE049B002B3FF4FAAE002CBFF6F9AE00F088F84FF0010BD3E79DF84400FF2831D000F074
S32D000482600703042B3FF61FAE01A252F823F000BF07820400A77E04008B8204000782040085820400E3005B4213
S32D00048288BFE763005B42BCE76FF0404A0F9F089B0B93AAEB040A57F82A1007EB8A0719B90DE057F8041F51B1C1
S32D000482B039444B4600224046FFF7E2FA0028F4D09DE70023A1E7029BDA075646DDE9057BDDF81CA03FF55EAEC8
S32D000482D804E798F80730012B0CBF58F8203C08F15803089344E75B46059F002B3FF4CBAD029BDB073FF5C7ADC3
S32D00048300E4E6DE073FF5C3AD029B13F008047FF4DDAE022594E6FFF737FC6DE608B580470BF0FEFBFFF730FC97
S32D000483280BF0FAFB0C460546FFF768FC013402D12846FFF7B3FBFFF799FA00BF08B5034B1868BFF35B8FFFF7BD
S32D00048350E5FF00BFB00D002008B58047FFF7F2FF08B5034B1868BFF35B8FFFF7F5FF00BF240D0020024B186822
S32D00048378BFF35B8F704700BFB00D0020024B1868BFF35B8F704700BF240D0020012810B51AD8BFF35B8FA1F1A6
S32D000483A0280353E8002F013A43E800200028F8D1BFF35B8F5AB951F81C3C01F158040BB1204698472046BDE8F5
S32D000483C81040FFF72FBA10BD51F8140CFFF7A2FF38B5002540E91E1240F8805C0446FFF7CDFF44F8700CFFF74E
S32D000483F0C1FF43222B23472104F8552C04F8542C04F8533C04F8523C4E22552304F8581C04F8515C054904F827
S32D00048418572C04F8563C44F86C0C44F8501CA4F1800038BD9583040070B504460D461646FFF74AFC4368013366
S32D000484403246294643602046FFF7C6FF0446012344F8283B20460BF059F92046FFF794FBFFF770FF10B5FFF794
S32D0004846833FCD0E900420132426064B194F82020472A0AD000220260203420460BF066F92046FFF77DFBFFF755
S32D0004849059FF94F821204E2AF0D194F82220552AECD194F82320432AE8D194F82420432AE4D194F825202B2A45
S32D000484B8E0D194F826202B2ADCD194F82720012AD8D8626952426261D6E700BF0368DB0705D443782BB90123D8
S32D000484E04370184670470020704710B50420FFF785F9044600F026F8024A03492046FFF797FF00BF158504002F
S32D00048508FC95060001230360704700BF10B5034B03600446FFF7C0FB204610BD3496060010B5054B0360044677
S32D00048530FFF7B6FB20460421D7F7C6FA204610BD34960600014B0360704700BF34960600024B1868BFF35B8FF8
S32D00048558704700BFDC2E0020D7F7B4BA10B5034B03600446D7F74EFA204610BD7C96060010B5054B0360044632
S32D00048580D7F744FA20461821D7F79EFA204610BD7C9606002DE9F04F83B00546DDF830A0524591460F46984654
S32D000485A831D0E868461E10B305EBC005EC6814F0020F4346394606F1FF364FEA242212D014F0010404D0F81C85
S32D000485D00DD0D9F800008258A868D0F800C0CDF800A0DCF820B04A44D847032807D8741CA5F10805DED1012096
S32D000485F803B0BDE8F08F002CFAD040F00100C0B203B0BDE8F08F1946D7F716FB0028C8D00620EDE72DE9F04FBD
S32D0004862093B098461F9CDDF870B0A3680B90DB0644BF8368A3601E9B09929B45894600F08B810B984146D7F7E8
S32D00048648FBFA002840F06D81B9F1000FA9BF1E9B0790A3EB09030793002306930C9302230D9301230893099B9D
S32D0004867043F0010349460A93C1460B9BDE68771E002E00F08E8003EBC6064FF0000A0497F068A5681195C7074A
S32D00048698CDE90FAA48BFDBF80020079F58BF099A4FEA202344BFD3580A9A5B444FB19F42089F2CBF4FF0000C3C
S32D000486C04FF0010CBC4500F09380800704D48F1C00F08B8002F0FD02B0680591056800931E9B02930DF13C0C00
S32D000486E81D9B0193CDF80CC0ED694B46A84762799DF841309DF842501343062D637100F03881022D059900F0E2
S32D000487103481069A002A5FD12268002A00F09D80DDF83CC0944500F08C80BCF1000F00F0A380032B94F8068012
S32D000487383ED9DF0702D5A068800739D4B8F1010F38BF4FF00108012D38BF01255FFA88F8EDB285EA0803DBB2DD
S32D00048760032B40F29480032D40F2DB800F9A05F0020322609DF84020227100220692A571002B40F0AE80EB07BE
S32D0004878840F1AB806379042B5FD0049B013B04930133A6F108067FF477AF0C9B002B54D00D9B012B51D0012336
S32D000487B00D930023089360E7B8F1000F2AD1032D78D9EF0772D485F00103DBB2032B64D9624605F00203CCE7BC
S32D000487D82268002AA0D1DDF83CC0BCF1000FA4D1D1E7A807D1D071E701230C93CDE78F1C00F0E7801E9B009323
S32D00048800D9F800300591D3F820801D9B4846C04705998046002DA0D1B8F1030F67D918F0010F57D00B9B9B6812
S32D000488289D0760D488F00103DBB2032B31D918F0020F84F80680A5D04FE022799DF84000042B42EA00022271E6
S32D000488509FD1069813B0BDE8F08F0F9A9DF8405022602571002A00F08680EBB10B9A06909268D207EDD58AE71E
S32D0004887800287FF45AAF86E788F00603DBB2032B00F2AA80062505EA0805EDB2032D00F29C806379C4F800A029
S32D000488A00122A271069272E7069072E70B988068800788D500299EDB1E980A4490427DD0002D6DD085F001027A
S32D000488C8D2B2032AE6D94FF0010848E788F00103DBB2032BDDD984F8068000230693069813B0BDE8F08F00293E
S32D000488F00F9A0DDA881C0FD01E9B0093D9F8003005911D6A1D9B4846A8470599054624E71E9853189842B3D032
S32D0004891888F00103DBB2032BBBD908F00203454629E7099BC4F800B0B9F1000F23712BDB1E9BD9444B450CBF36
S32D000489404FF006094FF0010900230693069884F8069013B0BDE8F08F1D990B98D7F770F900283FF46EAE099B70
S32D00048968637100230693069813B0BDE8F08F069009E706900F9A9DF84030069822602371A57113B0BDE8F08F4D
S32D0004899019F1020FA5D10123A3710023069358E71E9A0CEB01039A427FF477AF9DF84020C4F800C0062322719C
S32D000489B8A37192E715B14FF00608CAE60623A3718BE7002D7FF47AAF63E702230022A37101232260069338E7C2
S32D000489E09DF84010226006232171A37179E700BF2DE9F04F8BB0CDE90410044691469A46D7F73EF8054600283E
S32D00048A085ED1DAF808300293DE0644BFA3680293059BDC68671E002C4DD003EBC404029B03F00103039300262F
S32D00048A300DF1180BE268029B0696CDE9083602F001030193039B8DF81C6002F0020853EA08032FD0B9F1000F57
S32D00048A583AD0019B121213B1D9F800309A584A44A06801685B468D690499A8470546E8B1099B082B2AD09DF8FF
S32D00048A801C30032B06D9B8F1000F03D123F002038DF81C30DAF80C1011B3DAF80030069A934240D15BB39AF81C
S32D00048AA804309DF81C2013438AF80430013F7D1CA4F10804BAD19AF80450003D18BF012528460BB0BDE8F08F19
S32D00048AD04A46C9E7019B002BD1D0A3680993CEE79BE80F008AE80F009AF80430032BEBD9980711D5059B9B687D
S32D00048AF8D907DBD4E4E70998082805D0082903D0D7F79AF80028CAD102238AF80430D7E7DA07D5D5059B9B685E
S32D00048B209B07C7D4D0E7002202232846CAF800208AF804300BB0BDE8F08F00BF70B53B4B1A7882B0002A41D199
S32D00048B4801241C7007F0CEFB002831D04468364D23782A2B08BF013400224FF0FF30114601AB0190204607F0C5
S32D00048B7049FB2B683022DB68064601212D480CF0E7F8019B93B12B682046D9680BF06AFA2B682948DB680222C5
S32D00048B9801210CF0D9F8019B13B930460CF088FAFFF75CFC2B683046D9680BF057FAEBE71D4B20481B682D2208
S32D00048BC0DB6821460CF0C4F80AF0AAFF184B1C481B681D22DB6801210CF0BAF80AF0A0FF01290C4619D1FEF7EE
S32D00048BE8CFFF03689B6898472B682146DB6804460B2212480CF0A8F82B682046D9680BF02DFA2B680A20D9683C
S32D00048C100BF0B8F9FEF7F6FFD6E7FEF7B5FFFEF7F1FFD1E7FEF7EEFFFEF724FEE02E0020B40D0020C096060035
S32D00048C38F4960600F8960600A0960600289706002DE9F0430F46002183B00546084690460CF08AF981460EF040
S32D00048C60EFFD461C3046FFF77BFC3246494604460CF0C2FD1B4900200CF07AF901A928460FF03AFE019B38602F
S32D00048C88AB42064601D01B7873B1002204233A60C8F80030214600200CF066F92046FEF7E1FC03B0BDE8F08341
S32D00048CB04FF0FF4109F0D4FD60B90B49304609F0CFFD0028EAD06FF4000204233A60C8F80030E3E7054AF8E7B1
S32D00048CD8013101D1FEF7E2FEFEF7C8FD8C730600000080FFFFFF7F7F2DE9F0470F46002182B0054608469246F1
S32D00048D000CF036F980460EF09BFD461C3046FFF727FC3246414604460CF06EFD214900200CF026F901A928465C
S32D00048D280FF0D8FD019B80468946AB42C7E900894FF0000201D01B787BB10023C7E900230423CAF800302146A7
S32D00048D5000200CF00DF92046FEF788FC02B0BDE8F087114B09F0FAF988B9104B40464946002209F0F3F90028FA
S32D00048D78E9D04FF0FF326FF48013C7E900230423CAF80030DFE7084B4FF0FF32F5E7013101D1FEF783FEFEF7EA
S32D00048DA069FD00BF8C7306000000F07F0000F0FFFFFFEF7F2DE9F8430C4600210746084690460CF0D5F88146E8
S32D00048DC80EF03AFD461C3046FFF7C6FB3246494605460CF00DFD204900200CF0C5F81F49224638460DF010FAC6
S32D00048DF00130012819D9D4E900671B4B00223046394609F0ABF900BB184B30463946002209F0A4F980B14FF08C
S32D00048E18FF326FF48013C4E900230423C8F8003006E000230022C4E900230423C8F80030294600200CF098F8ED
S32D00048E402846BDE8F843FEF711BC094B4FF0FF32E5E7013101D1FEF725FEFEF70BFD00BF8C73060034970600B2
S32D00048E680000F07F0000F0FFFFFFEF7F08B5002303600B78432B02D00348E9F73BF84B78002BF9D108BD00BF6E
S32D00048E903897060000230360704700BF0098039B0199026003201960704700BF009B03201A6070470098039B76
S32D00048EB80199026003201960704700BF012070470120704700989B1A984228BF18467047009B03201A607047B8
S32D00048EE0002070470A4B10B5044640F8083BFFF7D1FF084B23602046D7F7D8F8204610BD044B23602046D7F7D1
S32D00048F08D1F8FEF7B3FC00BFC4970600488606000A4B10B5044640F8083BFFF7B7FF084B23602046D7F7BEF88B
S32D00048F30204610BD044B23602046D7F7B7F8FEF799FC00BFF0970600409006000D4B10B5044640F8083BFFF7A3
S32D00048F589DFF0B4B23602046D7F7A4F82046FEF77FFB204610BD064B23602046D7F79AF82046FEF775FBFEF740
S32D00048F8079FCF9E7F0970600409006000D4B10B5044640F8083BFFF77DFF0B4B23602046D7F784F82046FEF7CF
S32D00048FA85FFB204610BD064B23602046D7F77AF82046FEF755FBFEF759FCF9E7C4970600488606000039094BF9
S32D00048FD018BF012110B5C0E900310446D7F77CF8A060204610BD044B23602046D7F75EF8FEF740FCC49706002A
S32D00048FF8488606000039094B18BF012110B5C0E900310446D7F764F8A060204610BD044B23602046D7F746F863
S32D00049020FEF728FCF0970600409006002DE9F04F8846D1E9000185B0DDE90F4A02AF1646994687E803000BF017
S32D000490488DFFA9EB06039A10A4EB0A0300FB0233002B32DDB14525D9A24523D9B3460DE0AB4243D30CF0C4FBA2
S32D0004907097E80300D94588E803002C445E4615D9A24513D9DBF800103A4601A813F0CCF90546B5F1FF3F5E463F
S32D0004909801A920462A46AAEB04030BF1040BDFD1022003E0B14594BF002001200E9B1E60119B1C6005B0BDE897
S32D000490C0F08FB145F2D9354607E097E80300A94588E803001C442E46E8D929683A46204613F0A2F9421C2E467D
S32D000490E8034605F10405ECD10220DFE70120DDE72DE9F0478846D1E9000182B0EA469A428AE803000B9EDDF87D
S32D00049110309015461F461DD24E4510D31AE0831C23D008B9306001249AE803002544AF4288E8030006F10406F3
S32D000491380CD9B1450AD97A1B2946304653460CF091FA421C0446E6D1022003E0AF4294BF002001200A9B1D60A2
S32D000491600D9B1E6002B0BDE8F0870120F6E700BF08B50BF0F7FEA0F10100B0FA80F0400908BD013101D1FEF7CC
S32D000491888DFCFEF773FB00BF08B50BF0E7FE08BD013101D1FEF782FCFEF768FB2DE9F0430E46D1E9000183B04E
S32D000491B0E9469A4289E803000A9D23D22DB314461F464FF000080DE0BCF1010F38BF4FF0010C99E80300644473
S32D000491D8A74286E80300E0440CD95DB121463A1B4B4600200CF03EFA10F1030F844605F1FF35E5D9404603B055
S32D00049200BDE8F0834FF00008F8E7A846F6E700BF08B5084611460DF0E1F9031E18BF012343EAA07008BD00BF5E
S32D00049228084611461A460FF05FBC00BF08B50846114613F01DF9031E18BF012343EAA07008BD00BF0846114639
S32D000492501A4614F0C7B800BF08B5084611460DF0BDF9031E18BF012343EAA07008BD00BF084611461A460FF054
S32D000492783BBC00BF08B50846114613F0F9F8031E18BF012343EAA07008BD00BF084611461A4614F0A3B800BFB8
S32D000492A010B5002282B041F202030621C0E90112C360044601A8D7F78BFD01A904F16C00D6F7A0FF01A8D6F70F
S32D000492C885FF02B010BD00BF10B4C468252320050B7049BF2B23481C881C4B70630504D50346232103F8011BDC
S32D000492F0184604F48271B1F5827F1CD003464FF02E0C03F802CB4FF02A0C80F801C0A2B9042916D0B1F5807F25
S32D000493181AD0B1F5827F22D014F4804F14BF4722672203F8012B00221A7010BC7047BAB10346042903F8012BA6
S32D00049340E8D1662203F8012B00221A7010BC704714F4804F14BF4522652203F8012B00221A7010BC7047184618
S32D0004936814F4804F034614BF4122612203F8012B00221A7010BC70472DE9F0415C1E4F1EA74228BF2746804673
S32D00049390D7B3134400F1FF3CDE1B01E075452CD1194613F8015D1CF801EF0239B342A1EB0204F3D1A5EB0E001D
S32D000493B8B0FA80F04009F4B1754526D1611C114418F8074001E0A04218D18B1E9A4211F8010DF8D1001BB0FACB
S32D000493E080F0400963B2002B05DD1378A3428CBF002000F00100BDE8F08120464CB918F80740EFE70020EDE712
S32D00049408002CDBD104780120E8E718F807400020E4E700BF126852F80C3CFFF7ADBF00BF70B582B000F108036D
S32D00049430079A0360D2E900650446E6B10F2D019509D8012D1CD1327802720022204665605A5502B070BD00221C
S32D0004945801A9F3F737FE019A20600346A2602A46184631460CF0C4F9019D2368E9E7002DE7D00348E8F7DEFCD4
S32D00049480002DE2D0EFE700BF6073060070B582B000F10803079A0360D2E90062044692001EB395100C2A0195DB
S32D000494A80DD8012D08D0ADB9019A62600021204643F8221002B070BD32681A60F4E7002201A9FDF7EBFD019ADF
S32D000494D02060012D0346A260E9D1F1E718462A46314614F061F82368E2E70AB90192DFE70148E8F7A3FC00BF47
S32D000494F86073060010B503990446DCF711FA204610BD00BF10B503990446DCF7B7FD204610BD00BF08B5D2E952
S32D000495200023FFF72DFF08BD013101D1FEF7BAFAFEF7A0F94068704710B543680C4A0D490446A3F10C0090429D
S32D0004954882B0216005D12046FEF7A6FB204602B010BD53F8042C511E002A43F8041CF2DC01A9DBF73BFFEEE7BF
S32D00049570542D0020349A060010B543680C4A0D490446A3F10C00904282B0216005D12046FEF786FB204602B0FF
S32D0004959810BD53F8042C511E002A43F8041CF2DC01A9DBF71BFFEEE7542D0020F899060010B543680E4A0F49D4
S32D000495C00446A3F10C00904282B0216008D12046FEF766FB2046FEF747F8204602B010BD53F8042C511E002AE2
S32D000495E843F8041CEFDC01A9DBF7F8FEEBE700BF542D0020349A060010B543680C4A0D490446A3F10C009042DB
S32D0004961082B0216005D12046FEF742FB204602B010BD53F8042C511E002A43F8041CF2DC01A9DBF7D7FEEEE7BF
S32D00049638542D0020F899060010B543680C4A0D490446A3F10C00904282B0216005D12046FEF722FB204602B0D7
S32D0004966010BD53F8042C511E002A43F8041CF2DC01A9DBF7B7FEEEE7542D0020F899060010B543680E4A0F4970
S32D000496880446A3F10C00904282B0216008D12046FEF702FB2046FDF7E3FF204602B010BD53F8042C511E002ADB
S32D000496B043F8041CEFDC01A9DBF794FEEBE700BF542D0020F899060010B543680E4A0F490446A3F10C009042AF
S32D000496D882B0216008D12046FEF7DEFA2046FDF7BFFF204602B010BD53F8042C511E002A43F8041CEFDC01A9C0
S32D00049700DBF770FEEBE700BF542D0020F899060010B543680E4A0F490446A3F10C00904282B0216008D1204660
S32D00049728FEF7BAFA2046FDF79BFF204602B010BD53F8042C511E002A43F8041CEFDC01A9DBF74CFEEBE700BFFC
S32D00049750542D0020F89906002DE9F0470E46002181460846174698460BF002FC82460EF067F8451C2846FEF7BB
S32D00049778F3FE2A46514604460CF03AF8D9F8101000200BF0F1FB089B4246394630460EF03FF821460546002030
S32D000497A00BF0E6FB2046FDF761FF05B93570BDE8F087013101D1FEF775F9FEF75BF800BF38B58368002B5AD0E7
S32D000497C84B4A4C484C4C4D494D4D1D62C3E90942C3E90200C3E906224A484B4A4B4C4C4DC3E90B024B4A4C484D
S32D000497F0C3E90D424B4A4C4CC3E90F024B4A4C48C3E911424B4A4C4CC3E913024B4A4C48C3E915424B4A4C4CF3
S32D00049818C3E917024B4A4C48C3E919424B4A4C4CC3E91B024B4A4C48DA67C3E904114B4A4B49C3E92002C3E965
S32D000498401D144A4A4A4C4B48C3E922424A4A4B4CC3E924024A484B4AC3E926404A484B4CC3E928214A4A4B497C
S32D00049868C3E92A504A48C3E92C424A4AC3F8C020C3E92E0138BD0446C820D6F723F946490022C0E90012C0E9CD
S32D000498900222C0E90422C0E90622C0E90822C0E90A22C0E90C22C0E90E22C0E91022C0E91222C0E91422C0E94A
S32D000498B81622C0E91822C0E91A22C0E91C22C0E91E220346C0E92022C0E92222C0E92422C0E92622C0E92822BA
S32D000498E0C0E92A22C0E92C22C0E92E22C0F8C02080F8C420A06067E7A88B0600AC730600449A0600C0730600B4
S32D00049908409A0600489A0600509A0600589A0600249B0600609A06006C9A0600789A0600809A06008C9A060048
S32D00049930909A0600949A0600989A06009C9A0600A09A0600A49A0600A89A0600B09A0600BC9A0600C49A060051
S32D00049958D09A0600D89A0600E09A0600E89A0600CC9A0600FC9A0600F49A0600089B0600149B0600189B06003A
S32D000499801C9B0600209B0600289B06002C9B0600309B0600389B0600349B06003C9B0600A48506002DE9F047C9
S32D000499A80E46002181460846174698460BF0DCFA82460DF041FF451C2846FEF7CDFD2A46514604460BF014FF05
S32D000499D0D9F8101000200BF0CBFA089B42463946304613F03BFC2146054600200BF0C0FA2046FDF73BFE05B962
S32D000499F83560BDE8F087013101D1FEF74FF8FDF735FF00BF38B58368002B5AD04B4A4C484C4C4D494D4D1D62C8
S32D00049A20C3E90942C3E90200C3E906224A484B4A4B4C4C4DC3E90B024B4A4C48C3E90D424B4A4C4CC3E90F027D
S32D00049A484B4A4C48C3E911424B4A4C4CC3E913024B4A4C48C3E915424B4A4C4CC3E917024B4A4C48C3E9194288
S32D00049A704B4A4C4CC3E91B024B4A4C48DA67C3E904114B4A4B49C3E92002C3E91D144A4A4A4C4B48C3E9224202
S32D00049A984A4A4B4CC3E924024A484B4AC3E926404A484B4CC3E928214A4A4B49C3E92A504A48C3E92C424A4ABA
S32D00049AC0C3F8C020C3E92E0138BD0446C820D5F7FDFF46490022C0E90012C0E90222C0E90422C0E90622C0E98D
S32D00049AE80822C0E90A22C0E90C22C0E90E22C0E91022C0E91222C0E91422C0E91622C0E91822C0E91A22C0E9B4
S32D00049B101C22C0E91E220346C0E92022C0E92222C0E92422C0E92622C0E92822C0E92A22C0E92C22C0E92E2223
S32D00049B38C0F8C02080F8C420A06067E728C80600409B0600949B0600649B0600889B0600A09B0600BC9B0600E1
S32D00049B60D89B06008C9E0600F89B0600209C0600449C0600609C0600849C0600949C0600A49C0600B49C0600EF
S32D00049B88C49C0600D49C0600E49C0600F49C0600149D0600389D0600509D0600789D06008C9D0600A09D0600A1
S32D00049BB0BC9D0600689D0600049E0600E49D0600289E06004C9E06005C9E06006C9E06007C9E06009C9E0600BE
S32D00049BD8AC9E0600BC9E0600DC9E0600CC9E0600EC9E06009C8F0600F0B51B4B036083B0044649B308460D4672
S32D00049C000DF01EFE0746A8B101AA0021DBF77EFB012F064600F10C0311D0184629463A460BF0EAFD03460F4A2E
S32D00049C2896420BD12046636003B0F0BD0C4B6360204603B0F0BD2A780273F0E70022B26037603E443273EDE739
S32D00049C500648E8F7F3F82046FEF722F8FDF70AFEF8990600542D0020602D00201072060010B50446FFF7BCFF2C
S32D00049C78014B2360204610BD0C9A060010B50446FFF7B2FF014B2360204610BD209A0600F0B51B4B036083B0F3
S32D00049CA0044649B308460D460DF0CAFD0746A8B101AA0021DBF72AFB012F064600F10C0311D0184629463A46D4
S32D00049CC80BF096FD03460F4A96420BD12046636003B0F0BD0C4B6360204603B0F0BD2A780273F0E70022B260FB
S32D00049CF037603E443273EDE70648E8F79FF82046FDF7CEFFFDF7B6FD349A0600542D0020602D00201072060074
S32D00049D1810B582B001AB0446DBF752FE204602B010BD00BF00487047FC9E060010B50B4C2378BFF35B8FDB0792
S32D00049D4001D5094810BD2046FEF7C4FB0028F8D0064A07490448D5F733FE2046FEF7D6FB014810BD5434002020
S32D00049D68A40D002000000020759D040010B5034B0360044600F0AEFA204610BDF89F060010B5054B03600446D8
S32D00049D9000F0A4FA2046FDF767FC204610BD00BFF89F0600FFF7C6BB10B5034B0360044600F02AFA204610BD49
S32D00049DB820A0060010B5054B0360044600F020FA2046FDF74DFC204610BD00BF20A0060010B5034B03600446CC
S32D00049DE0D5F79CFE204610BD34A0060010B5054B03600446D5F792FE2046FDF735FC204610BD00BF34A0060069
S32D00049E0870B5064608460D46144606F049FB18B123681033236070BD224629463046BDE87040D5F7CFBD00BF82
S32D00049E3010B5064B044640F8103B06F00DFB044B2360204600F0E0F9204610BD549F060020A0060010B5084B14
S32D00049E58044640F8103B06F0FBFA064B2360204600F0CEF92046FDF7FBFB204610BD00BF549F060020A006002E
S32D00049E8030B5002100F10805012AC0E9005183B00446017208D00D2300930A460A4BF3F75FFB204603B030BD0D
S32D00049EA80E2300930A46074BF3F756FB204603B030BD2068854201D0FDF7D2FBFDF7D6FC189F0600089F0600D0
S32D00049ED02DE9F04397B002AE86E806001146126899461369534A93420446029876D100220DF14808012810AD8D
S32D00049EF811928DF84820CDF8408063D00D23009311464B4B2846F3F727FB0223002200932846484B1146F3F7AA
S32D00049F201FFB05460CAF0A9755F8083BAB42844663D00A9383680C93DCF804300B93CCF800500025CCF80450B6
S32D00049F488CF8085048460DF077FC4B4600902A4629460AA8F3F700FB05460DF11809CDF8109055F8083BAB422A
S32D00049F7084463AD0049383680693DCF8043005930023CCF80050CCF804308CF8083004A9204600F08FF804981F
S32D00049F98484501D0FDF764FB0A98B84201D0FDF75FFB1098404501D0FDF75AFB234696E80300214A43F8082B21
S32D00049FC083E80300204617B0BDE8F0830E23009311461C4B2846F3F7C3FA9AE710AD0246284698470DF1480804
S32D00049FE893E780686968AA68EB68CE46AEE80F00BFE780686968AA68EB68BE46AEE80F0096E71098404501D00E
S32D0004A010FDF72AFBFDF72EFC0A98B842F5D0FDF723FBF2E7F1E704984845F5D0FDF71CFBF2E700BF819E04000F
S32D0004A038189F0600289F060074A10600089F060030B5054683B01820FDF7D4FB0446FFF76DFE0123CDE9003091
S32D0004A06002AB13E9060020462B46FFF731FF0D4B23602046FFF75EFA014604F1100006F0A1F9094A09492046AC
S32D0004A088FEF7D2F9084B2360204600F0B9F8FFE72046FDF7C7FBFDF7E9FB00BF549F0600319E0400409F0600BF
S32D0004A0B020A00600074B10B5D1E90012044640F8043BFFF729FE204610BD2046FDF7E8FDFDF7D0FB349A0600F2
S32D0004A0D80048704758A006000048704760A00600531E8D2B4CD8DFE803F047474747474747474747474747476B
S32D0004A1004B4747474747474747474747474747474747474747474B4B4B4B4B4B4B4B47474B4B4B4B4B4B4B4BD1
S32D0004A1284B4B4B4B4B474747474B4B4B474B4B4B474B4B4B4B4B474B4B4B4B4B4B4B4B4B4B474B4747474B4B79
S32D0004A150474B4B4B4B4B4B4B4B4747474747474B4747474747474B4747474747474B474747474B4B4B4B4B4785
S32D0004A1784B4B4B4747474747034BC0E900237047024BC0E900237047AC0D0020A80D0020C0E90021704700BFE2
S32D0004A1A010B5036882B014465B690A46014668469847019A63689A4202D0002002B010BD00982368C01AB0FA8F
S32D0004A1C880F0400902B010BD4B68834201D0002070470868801AB0FA80F04009704700BF704700BF704700BF3E
S32D0004A1F010B50446FDF738FA204610BD10B50446FDF732FA204610BD10B5034B03600446FFF792F9204610BDFF
S32D0004A21874A1060010B5054B03600446FFF788F92046FDF71DFA204610BD00BF74A1060010B50B6886B004468A
S32D0004A2401B6968469847DDE900122046FFF764FD009802AB984201D0FDF706FA204606B010BD009802AB98425A
S32D0004A26801D0FDF7FDF9FDF701FB00BFF0B5044683B010460CF0F6FB04F10806266020B307460DF0D9FA0F2845
S32D0004A290054601900CD8012807D13B782372002320466560735503B0F0BD0028F7D008E0002201A92046F2F72B
S32D0004A2B809FF019B20600646A3602A46304639460BF096FA019D2668E5E70148E7F7B2FD60730600704700BFF4
S32D0004A2E010B5064C064907482246D5F769FB224605490648BDE81040D5F762BB00000020EDA10400AC0D002092
S32D0004A308E9A10400A80D00200048704780A1060010B5034B03600446FDF76EF9204610BDCCA1060010B5054BC4
S32D0004A33003600446FDF764F920460421D5F7C4FB204610BDCCA1060070B54C1E84464F2C42D8DFE804F0282848
S32D0004A3582828414141413F3F283F3F3F3F3F3F3F3F3F3F3F3F412A2A2A2A2A2A2A2A283F3F3F3F3F413F2A291E
S32D0004A3802841282A2A3F2941413F3F3F28282828283F28283F2841413F3F3F4141413F3F3F282A282A2ABAB169
S32D0004A3A8B3B1DCE90540844212DADCF8105004EB840E05EB8E0001340026C0E90166CCF8144005F82E10C0E9C9
S32D0004A3D0032370BD002AE8D1002070BDF0B5C26811786E29864625D03039CBB2092B2BD80026164D00206FF003
S32D0004A3F8004402E0B0EBD30F15DC0132CEF80C201378303B5FFA83FC00EB800001EB4000BCF1090F1946A4EB62
S32D0004A4200303A5FB0373E9D906B14042F0BD4FF0FF30F0BD531CC36051783039CAB2092A02D81A460126D4E79C
S32D0004A4480020F0BDCDCCCCCC10B5044629B9C3681A786AB15A1CC260197868290CD0762906D12046FFF7B6FFFE
S32D0004A470E3681A785F2A01D0002010BD0133E3602046FFF7ABFFE3681A785F2AF4D10133E360012010BD00BFCA
S32D0004A49810B4C3680A46197852290DD04F2902D0104610BC7047C46A03342021C4620133C36010BC002343E70B
S32D0004A4C0C46A02341F21C462F5E700BF002965D070B506460C46A368012B38DCD6F81C51B5F5806F03F10103CD
S32D0004A4E831DC2278A360531E4F2B2CD8DFE803F03030304B2B2B2C2C3030303030303030303030303030302B6B
S32D0004A51030303030303030303030414130302B303030302830303030302B2C303030303030303030303030308D
S32D0004A5382B2B30282828282B3030303030303030E468002CC3D170BD2469002CBFD1FAE7E16801353046C6F80A
S32D0004A5601C51FFF7B3FF21693046FFF7AFFFD6F81C31013BC6F81C3170BDE1680B78052BEBD1D6F8383101335E
S32D0004A588C6F83831E5E7D6F84431E1680133C6F84431DEE7704700BFC3681A785F2A01D00120704710B55A1C56
S32D0004A5B0C2605A785F2A044604D0FFF70FFFC043C00F10BD0233C360FFF708FF002809DB092805DDE3681A78EA
S32D0004A5D85F2A03D10133E360012010BD002010BD28B909E0002908DD0069013940B103782F2BF7D000207047C3
S32D0004A6007047FBD1C0687047704700BFF0B514465268A5684B1C1344AB4283B00E46074611D8E5686DB96368E4
S32D0004A62820683246184439460BF0E2F8D4E9003233449D5463683344636003B0F0BDE268002AFAD155B16D00E2
S32D0004A650AB42FCD8206829460BF0BCFA38B12060A560DEE7022B4FF00205F0D8F2E7019020680AF021FD019B5B
S32D0004A6780122C4E90033C4E90232DEE70378722B07D0562B05D04B2B03D0442B03D000207047012070474078D0
S32D0004A6A000F0DF034F2BF8D0773801288CBF002001207047D0F80031FF2B70B504460D4606D05A1CC4F800214B
S32D0004A6C8E55484F8045170BD0026194680F8FF60D0E942329847D4F8283101221344C4F828313346C4F80021B7
S32D0004A6F0E55484F8045170BD0346D0F8100190B1CB684268002B10690BDB20B909E03BB10069013B30B1027889
S32D0004A7182F2AF8D000207047C068704770470122C3F81821704700BF002942D038B505460C4623784C2B32D813
S32D0004A740DFE803F02F31313131272F37373131313131313131313131313131312F31313131313131313131314D
S32D0004A7683131312F313131312F31313131312F37313131313131313131313131312F2F3131312F2F2F31312F23
S32D0004A7902F0021462846FFF7AFFF10B103782F2B00D0002038BDE1682846FFF7C1FF0028F8D12469002CC0D1CC
S32D0004A7B8F3E70020704700BF2DE9F041044608460D460DF039F840B3013DD4F800112F184FF0000809E00B46C9
S32D0004A7E0BD4201F10101C4F80011E65484F8046117D0FF2915F8016FF1D1D4E9423284F8FF8020469847D4F8E1
S32D0004A808283101210B44C4F828310023BD42C4F80011E65484F80461E7D1BDE8F08100BF38B5C3681A78542A80
S32D0004A83024D15A1CC2605A785F2A044620D06E2A1CD0FFF7CBFD421C18D4E36819785F2914D10133E360D4E9CB
S32D0004A85805318B420EDA216903EB830C01EB8C0001330025C0E901556361052301F82C30C26038BD002038BD9F
S32D0004A8800233C3600022E6E72DE9F04188B00A4604461A4901A80BF09BFC01A80CF0D0FF40B301ADD4F80011B6
S32D0004A8A82F184FF0000809E00B46AF4201F10101C4F80011E65484F8046117D0FF2915F8016BF1D1D4E942326E
S32D0004A8D084F8FF8020469847D4F8283101210B44C4F828310023AF42C4F80011E65484F80461E7D108B0BDE85A
S32D0004A8F8F08100BFD8A1060070B50446FFF76AFD051E46DDE66863689B1B9D423EDCA26873195207E36004D59A
S32D0004A920725D242A04BF0133E360092D22DD2A49082230460AF02CFF30B9337A2E2B2ED05F2B2CD0242B2AD085
S32D0004A948D4E90532934221DA206903EB830200EB820001330022C0E90122636100230370C0E90133C0E9036546
S32D0004A970A06270BDD4E9053293420BDA206903EB830200EB820001330022C0E901226361002EE7D10020A06281
S32D0004A99870BD002070BD737A4E2BD1D1E26A6369A1691632551B8B42E562EFDA226903EB8300810001336361DF
S32D0004A9C002EB80000023C0E901335354034A1523C0E90323DFE700BFDCA10600E8A106002DE9F041C3681A7862
S32D0004A9E8532A31D15A1CC2605A780446A2B39A1CC2605A785F2A44D0A2F13003D8B2092826D800210DE0303B76
S32D0004AA1099421DD8E06802781946451C1AB1E56002785F2A3BD0A2F13003D8B2092801EBC103A2F1410C02EBA6
S32D0004AA388303E8D9BCF1190F06D801EBC10302EB8303373B9942E1D900252846BDE8F081A2F141001928D4D95D
S32D0004AA60A36803F00803002B14BF0125002500D1B9B93F4B742103F1A80001E013F81C1F914215D08342F9D106
S32D0004AA88E2E70023226A9A42DED9E26952F823502846BDE8F0810133F4E7E3681B78433B012B98BF0D46E0E7FD
S32D0004AAB05E69002E54D0D4E905208242D3F8188053DA276902EB820C07EB8C014FF0000EC1E901EE01324FF043
S32D0004AAD8180E626107F82CE0C1E90368A162002D37D0D3E90371E36A90420B44E36236DD236902EB820003EB2D
S32D0004AB00800501320026C5E901666261182203F82020C5E90371E3681A78422A99D1A66A0133E3602046FFF740
S32D0004AB28EBFE2A4603464C212046FFF709FCE3681A78422A0546EFD0A662002884D0D4E90832934280DAE16944
S32D0004AB505A1C41F8230022627BE7D3E90171C6E7D4E90520BFE70025D5E70021BAE700BF54AA06002DE9F84301
S32D0004AB788F18B9424AD20C4605464FF000080CE0D5F80011FF2933D04B1CC5F800316E5485F804610134A742FD
S32D0004ABA038D93B1B032B2678EEDD5F2EECD163785F2BE9D1A378552BE6D1E21C9742E3D9002105E0A6F1370360
S32D0004ABC8BA4203EB011123D0914612F8016BA6F13003D8B20928A6F1410CF1D9BCF1050FA6F16103EAD9052B3D
S32D0004ABF014D8A6F15703E7E7D5E9423285F8FF8028469847D5F8282101231A44C5F828210021BEE7BDE8F88389
S32D0004AC185F26B5E74F45FBD95F2EF9D1FF29AFD8CEB2D5F80011FF2907D04B1CC5F800314C466E5485F8046193
S32D0004AC40ACE7D5E9423285F8FF8028469847D5F828310133C5F828310021EAE72DE9F043C26883B0044610462C
S32D0004AC68FFF70CFD00286ED11178A1F130034A2B64D8DFE813F0B800B800B800B800B800B800B800B800B80013
S32D0004AC90B8006300630063006300630063006300FD016300CD00430163003D01DF016300630063006300630043
S32D0004ACB83E02B800D101C3016300B5011901F300DB006300630063006300B80063006300630063006300630045
S32D0004ACE09800980098009800980098009800980098009800630098009800980098006300630063009800980036
S32D0004AD08ED01980098009800980098000123256B2363204601F010FC25630246002343212046FFF70DFB054690
S32D0004AD30019038B1E3681A7822B15A1CE2601B78452B5BD00025284603B0BDE8F083002201A9204601F050FE12
S32D0004AD5805460028F2D0E3681B78462B20461ED0FFF778FF28600028E8D003781F3B012B05D8019AC368C26056
S32D0004AD802A6801922B60019D002DDBD0D4E908329342D7DAE1695A1C284641F82350226203B0BDE8F08300F0E5
S32D0004ADA87FFC2860DFE7B1486369613901EB810100EB8101A069834280F28483206903EB8306571C013300EB9D
S32D0004ADD086050022C5E901226361272300F82630E960E36A4968E7600B44E362ABE7204600F02AFE0546019069
S32D0004ADF8002DA3D0D4E9083293429FDAE16941F82350019D5A1C2846226203B0BDE8F0830132E2602046FFF7AC
S32D0004AE201DFF0023024625212046FFF78DFA05460190E1E70132E2602046FFF761FDE36801901A78492A054651
S32D0004AE4800F0D0822046FFF705FF019B024621212046FFF775FA05460190C9E72046FFF7DFFCE66801903378F8
S32D0004AE70492B0546C0D1636B002B40F0DF8200283FF460AFD4E908218A42BFF65BAFE16941F82200013222629F
S32D0004AE983278493A012A05D80136E660204601F07BFE03462A461CE05378A3F13002092A05D95F2B03D0413BD6
S32D0004AEC0192B00F2AE8200212046FFF789FDE36801901A78492A05467FF435AF0133E360204601F05DFE2A46DB
S32D0004AEE8034604212046FFF72BFA054601907FE7204600F0D5FB0546019079E7531CE3605378002B3FF41AAF01
S32D0004AF10931CE3605378463B302B3FF613AF01A151F823F02BB1040045AD040045AD040045AD040045AD0400C9
S32D0004AF3845AD040045AD040045AD040045AD040045AD040045AD040045AD040045AD040045AD040015AD04007B
S32D0004AF6045AD040045AD040045AD040045AD040045AD040045AD040045AD040045AD040045AD040045AD040023
S32D0004AF8845AD040045AD0400CBB1040045AD04009FB1040087B2040057B2040027B2040045AD0400F7B1040018
S32D0004AFB0B9B3040045AD040045AD040045AD040045AD040089B3040045AD040071B3040045AD040045AD0400DD
S32D0004AFD841B3040015AD040011B30400B7B204000132E2602046FFF735FE0023024623212046FFF7A5F905465C
S32D0004B0000190F9E60132E2602046FFF727FE0023024622212046FFF797F905460190EBE60132E2602046FFF7A0
S32D0004B02819FE0023024624212046FFF789F905460190DDE60132E2602046FFF70BFE0023024626212046FFF7CA
S32D0004B0507BF905460190CFE60132E2602046FFF74FFC0023024628212046FFF76DF905460190C1E618AB0600EB
S32D0004B078511CE16053785F2B00F0B281303B092B00F2BD810B461D460133E3601A78303A092AF8D9D4E90520A4
S32D0004B0A08242A3EB010CBFF64DAED4F810E002EB82000EEB80068700002001328445C6E9010062617FF73EAE4D
S32D0004B0C8C6E901000EF80700C6E9031C6A7819465F2A7FF433AE0131E1602046FFF7BAFD324603462A212046B5
S32D0004B0F0FFF72AF9054601907EE60132E2602046FFF7ACFD054600283FF41CAE2046FFF7A5FD034600283FF449
S32D0004B11815AE2A462B212046FFF712F90546019066E6D4E905318B4280F2D081216903EB830001EB80050133D4
S32D0004B1400026C5E9016663612C23019501F820309378303BDBB2092B94BF012333462B8203D82046FFF73AF972
S32D0004B168019D2046FFF776FD019BE860DB68002B3FF4E4AD2046FFF72DF9E268137813B1531CE3601378019D3C
S32D0004B190A3F17303B3FA83F35B096B82D3E5D4E905329342BFF6CEAD2269BE4903EB8305A8000133636102EBC9
S32D0004B1B885050023C5E9013313540E23C5E90313BDE5D4E905329342BFF6B8AD2269B44903EB8305A80001331B
S32D0004B1E0636102EB85050023C5E9013313540423C5E90313A7E5D4E90532934280F26681226903EB830102EB13
S32D0004B208810501330020C5E901006361272302F82130E36AA34AEA600433E3628FE5D4E90532934280F24E81B4
S32D0004B230226903EB830102EB810501330020C5E901006361272302F82130E36A984AEA600933E36277E5D4E90D
S32D0004B2580532934280F23681226903EB830102EB810501330020C5E901006361272302F82130E36A8D4AEA6055
S32D0004B2800A33E3625FE5D4E90532934280F21E81226903EB830102EB810501330020C5E901006361272302F881
S32D0004B2A82130E36A824AEA600933E36247E593785F2B00F0E580D4E905329342BFF63EAD226903EB830102EBD6
S32D0004B2D0810501330020C5E901006361422302F821302046FFF77AF8E860E3681A785F2A7FF428AD0133E36014
S32D0004B2F82046FFF7AFFC2A4603462D212046FFF71FF80546019073E5D4E90532934280F2D980226903EB8301DE
S32D0004B32002EB810501330020C5E901006361272302F82130E36A614AEA600733E36202E5D4E90532934280F249
S32D0004B348C180226903EB830102EB810501330020C5E901006361272302F82130E36A564AEA600833E362EAE441
S32D0004B3702046FFF773FC002302464B212046FEF7E3FF0546019037E5D4E90532934280F29D80226903EB83017F
S32D0004B39802EB810501330020C5E901006361272302F82130E36A454AEA601133E362C6E4D4E90532934280F220
S32D0004B3C08580226903EB830102EB810501330020C5E901006361272302F82130E36A3A4AEA600833E362AEE45D
S32D0004B3E8002678E60133E360204601F0D5FB2A46034604212046FEF7A3FF019022E50123256B2363204601F00D
S32D0004B41097F82563064600283FF494ACE1680A785AE6204600F010FB0546019000283FF489AC0378182B7FF403
S32D0004B438E1AC84E4731CE3602046D4F81490D4F82080E76A01F0A8FBE3681B78492B07D0019DE660C4F8149087
S32D0004B460C4F82080E762C7E4019A002A3FF46AACD4E908139942BFF665ACE56945F8212001310346216230E504
S32D0004B48803320123256BE2602363204601F054F82563054600287FF424AF4FE408A2060000A206005CAD060063
S32D0004B4B020AD060048AD060034AD060070AD060084AD0600ACAD060098AD060000230193DB68FFDE00231B702C
S32D0004B4D8FFDE00BFF8B5C3681F78064677BB4FF0000E3D4D452100228B1A03EBD37302EB6303180105EB031C06
S32D0004B5002C582078B84206D094BF5A1C19468A42EED10020F8BD60787045F5D1D6E905329342F6DA326903EB2E
S32D0004B528830102EB810001330024C0E901447361322302F82130C0F80CC0F8BD5A1CC26093F801E01F78BEF1C2
S32D0004B550000F02D1762FC8D0C5E79A1CC260762F93F801E01FD1AEF13004E3B2092BBCD8FFF7C6F9D6E905314B
S32D0004B5788B420246C9DA376903EB830107EB810001330025C0E9015589007361002ABCD03323C0E901557B54D5
S32D0004B5A0C0E90342F8BD632F9FD1BEF1760F9CD1D0E90C34B3FA83F35B094363FFF74EFB736B024633B10023A1
S32D0004B5C835213046FEF7BCFE7463F8BD34213046FEF7B6FEF8E700BFC0AD060030B5C26883B000230193137841
S32D0004B5F023B3044601AD11E04F2B16D0FFF72EFB024600232E212046C2B1FEF79DFE2860A0B1E268137800F129
S32D0004B61810054BB1452B204606D02E2B04D0522BE6D15378452BE5D1019818B1036923B103B030BD002003B0DC
S32D0004B64030BDC26811782729F6D1D268117C0929F2D1E16A5268891AE162C360ECE700BF70B5C3681A784A2A6F
S32D0004B66805461AD081B12846FFF7F4FA044690B12846FFF7B3FF034668B1224628462921BDE87040FEF75CBE70
S32D0004B69028460C46FFF7A6FF03460028F1D1002070BD0133C360E2E710B50446806810F480200BD1A26BB2F562
S32D0004B6B8006F06D8511CE368A1631978462907D0A26310BDE3681A78462A01D0002010BD5A1CE2605A78592A96
S32D0004B6E004BF0233E36001212046FFF7B9FF01462046FEF7D1FEE3681A78452A04BF0133E360A36818BF0020CE
S32D0004B7085B03DED4A26B013ADAE700BFF8B5C3681A78A2F130010929044661D9A2F16101192914D86F2A04D1C2
S32D0004B7305A786E2A04BF0233C3602046FFF7CEFE054610B10378322B69D0E3681978422951D02846F8BDA2F1FF
S32D0004B7584301012940F28B804C2A79D0552A40F083805A786C2A00F0D580742A7CD15A1CC2605978742940F0D5
S32D0004B78098809A1CC2609A785F2A00F045816E2A6ED0FEF723FE0130E36800F1368119785F2977D10133E3606E
S32D0004B7A8D4E90532934280F22B81226903EB830602EB860501330021C5E901116361482302F82630D4E9082392
S32D0004B7D09A42E86080F22481E169E36841F82250013222621978B2E7FFF78AF8E368197842290546ADD1A66A53
S32D0004B7F80133E3602046FFF77FF82A4603464C212046FEF79DFDE368197842290546EFD0A6622846F8BDC26814
S32D0004B820E36A9168126807330B44E36213786C2B8BD15378692B88D19378002B85D12046FFF75EF82A4603463B
S32D0004B84837212046FEF77CFDE368054619787AE70133C360FFF750F8054628B12046FEF79BFE00287FF46DAFB6
S32D0004B87000252846F8BD806A80B1017861B90169E26A0A44E262197843290A4600F08680442905D000255AE77D
S32D0004B8981829F0D0432A7DD059783039052936D8DFE801F0062C2935322F134600254AE74FF0010ED4E90521C4
S32D0004B8C09F1C8A42E76080F2A380D4F810C002EB82010CEB810501320026C5E9016689006261002800F0948084
S32D0004B8E8C5E9016608220CF8012085F80CE0286199783B4627E74FF0030EDBE74FF0020ED8E74FF0050ED5E70A
S32D0004B9104FF0040ED2E71146002518E75A1CC26059786C29C5D10233C360FFF75BFEE3680646002869D01978BC
S32D0004B9384529ABD15A1CE2605A785F2A73D06E2A92D02046FEF746FD0130E36859D419785F299BD10133E36060
S32D0004B960D4E905218A425FDA216902EB820C01EB8C0501320027C5E901776261462201F82C20D4E908218A42A9
S32D0004B988C5E903604CDAE16941F82250013222621978D8E65A78492A22D0A2F1310104293FF662AF303A02334D
S32D0004B9B0D7B2E360D4E90532934225DA226903EB830102EB810501330026C5E9016689006361002833D0072350
S32D0004B9D8C5E901665354E3682F7328611978B2E6581CE0609A78A2F1310104291FD80333303AE3602046D7B261
S32D0004BA00FFF72CF9A06AD5E7E368197800259EE6997800253B469AE60333C3600020C3E6E3680D46197892E6AE
S32D0004BA28197800258FE60233E360002094E759780025034687E6E3680546197883E600BF2DE9F047C2681378B1
S32D0004BA504E3B84B004460C2B08D8DFE803F03107070707170713070707078500FFF752FEE3681A78492A0546EC
S32D0004BA7800F0C980284604B0BDE8F08704B0BDE8F04743E65378742B00F0CF800021FEF7A3FFE3681A78492ABB
S32D0004BAA00546EBD10133E360204601F079F803462A460421204604B0BDE8F047FEF744BC0132C26003A9012241
S32D0004BAC800F096FF0746002800F0E78000212046FEF7DEFCE2681678804636B3DFF8B8924FF0000A442E00F052
S32D0004BAF0DD80A6F13003DBB21C2B40F21B81A6F16103192B00F218812046FFF703FE0546BAF1000F06D0012137
S32D0004BB182B4652462046FEF713FC0546532E0DD1E268AA461678002EDCD100253D60A1E7FFF790F80546BAF17D
S32D0004BB40000FE8D1E2681678452E00F0BE80002DEFD0D4E908318B42EBDAE16941F8235001332362AA46E1E7B7
S32D0004BB68531CC3605378472B02D0542B40F0B780204600F0D1F90546002D00F08E80E3681A78452A40F0898009
S32D0004BB905A1CE2605A78732A00F00681642A00F0A7802046FFF750FF034620B30278462A21D0482A1FD04FF0FE
S32D0004BBB8FF3620460193FEF7EFFC019B00286CD0721C14D09C46D4E905239A4280F21781216902EB820001EB48
S32D0004BBE0800301320027C3E901776261472201F82020C3E903C62A78032A05D12A691178292904BF0021D16030
S32D0004BC082A46022152E7002847D0D4E908218A4243DAE16941F82200013222621A78493A012A7FF63BAF002312
S32D0004BC303EE7D0E9053102328B42C26080F2D180026903EB8305A9000133436102EB85050023C5E90133535463
S32D0004BC58524A0323C5E903232046FFF757FD2A46034601212046FEF76BFBE26AE3680332E2621A78492A054678
S32D0004BC807FF4FCAE68B1D4E908218A4209DAE16941F82200013222621A78493A012AC6D800E70025284604B05F
S32D0004BCA8BDE8F087537803F0DF03542B20463FF43FAFFFF72BFD0546BAF1000F7FF427AF3CE7152329FA03F3C8
S32D0004BCD0D90740D52046FFF71DFD15B1AA46054619E705462EE7002100F09CF8054647E79A1CE2609A785F2AC5
S32D0004BCF800F081806E2AD0D02046FEF76BFB461CCBD4E3681A785F2AC7D10133E3602046FFF796FE0346002859
S32D0004BD203FF454AF1A78462A3FF450AF482A3FF44DAF42E75546C9E7552E2FD0532E09D101212046FEF74CFECE
S32D0004BD480546BAF1000F7FF4E2AEE9E65546492E45D0542E55D0452E09D04D2E7FF4E5AE002D3FF4E2AE013234
S32D0004BD70E260AA46DAE63D60002D92D0B8F1000F04D0039BC8F80C30CDF80C80E3681A78452A86D10133039D95
S32D0004BD98E3606FE6554699E7FF03081028A206000233E3602046FEF7F7FB00283FF475AFD4E905239A4222DADB
S32D0004BDC0216902EB820398000132626101EB83030022C3E901220A5411490E22C3E9031209E700253CE7002D56
S32D0004BDE83FF4A3AE0132E260204600F0D5FEAA46042105468CE60333E360002687E70023F5E62046FEF70CFDC6
S32D0004BE10AA460546BAF1000F7FF47DAE92E600BF18A2060070B505460E46FFF70DFE002849D00446EEB1AB6874
S32D0004BE38DB071AD423784D2BA3F11C01A3F14F0235D032D8042932D9022B0CD12369002B35D01A784D2AA2F1B6
S32D0004BE601C00A2F14F012AD027D8042827D9204670BDEB681B78002BF9D0452BF7D021460B78042B32D026D8CF
S32D0004BE88022B22D109690029F6D12846FFF7E4FB0346A0B116B92278022A37D0224628460321BDE87040FEF749
S32D0004BEB04BBA012ADBD8E468C0E70129D7D8DB682361002BC9D10024204670BD1C3B042B08D90021DDE74D2BAA
S32D0004BED8A3F14F0202D0F5D9012AF6D8C9680029CAD1D2E7CB685BB11978082901F1FF3208D80629E9D8012AED
S32D0004BF0002D81B69002BF3D10121C2E7353918BF0121BEE70278292A08BFC660C2E700BF2DE9F041C16AC3682C
S32D0004BF2801F11402C2621A78542A044678D0472A28D15A1CC2605A7822B39A1CC2605A78562A22D8402A1DD9EC
S32D0004BF50413A152A1AD8DFE812F0260119001900190019001900190019001900190019001900190019001900C5
S32D0004BF781900190005011900EB001900E100E3680233E3600020BDE8F081722AFAD1FEF721FA0128F6DDE368AA
S32D0004BFA01A78002AF2D05E1CE6601B785F2BEDD10022451E17464FF041083378002BE5D0242B40F0E581737891
S32D0004BFC8532B00F006825F2B00F00182242BD9D11946D4E905039842D1DA266900EB800C06EB8C030130C3E94F
S32D0004BFF00177606106F82C80E668D9600236023DE660002A00F0E58140212046FEF79CF902460028BAD0002D00
S32D0004C018CFDC20460023BDE8F0413F21FEF790B95A1CC2605A78002AACD09A1CC2605B78413B352BA6D801A296
S32D0004C04052F823F0F3C104008DBF040007C204008DBF04008DBF040043C204008DBF0400BFC2040069C30400EE
S32D0004C06855C304008DBF04008DBF04008DBF04008DBF04008DBF04008DBF04008DBF04008DBF04007DC30400C6
S32D0004C090D3C204008DBF0400EBC2040003C304008DBF04008DBF04008DBF04008DBF04008DBF04008DBF04003A
S32D0004C0B88DBF04008DBF04008DBF04008DBF04008DBF040017C304008DBF04008DBF04008DBF04008DBF0400A8
S32D0004C0E057C204008DBF04008DBF04008DBF04008DBF04008DBF04008DBF04008DBF04008DBF04008DBF040041
S32D0004C1088DBF04008DBF04008DBF04008DBF04008BC20400FFF794FC0023024613212046BDE8F041FEF70CB959
S32D0004C1309A78002A00F05381DA1CC2609A78DB786E2A45D0472B02D0542B40F048812046FFF7E6FE0246204609
S32D0004C1580023BDE8F0414921FEF7F2B8FFF770FCD4E905129142064680F23F81226901EB810002EB800500239F
S32D0004C180C5E9013301314223616102F820302046FEF724F9E8602B46324620461621BDE8F041FEF7D1B89B785B
S32D0004C1A8472B01D0542B0AD12046FFF7B5FE024620460023BDE8F0411721FEF7C1B80021FFF72CFE0246F3E709
S32D0004C1D0472B00F01A81542B00F017810021FFF721FE024620460023BDE8F0414A21FEF7ABB800F0ABFC0023DF
S32D0004C1F8024630212046BDE8F041FEF7A1B8FEF729FD05462046FEF7E5F80028FFF6BAAEE3681A785F2A7FF4F6
S32D0004C220B5AE0133E3602046FEF718FDE16A0531E16202462B4620460B21BDE8F041FEF783B8FEF70BFD00236D
S32D0004C24802460E212046BDE8F041FEF779B86821FEF7FAF800283FF495AEE3681B78472B00F0C580542B00F0E9
S32D0004C270C28000212046FFF7D5FD024620460023BDE8F0410F21FEF75FB87621FEF7E0F800283FF47BAEE368F5
S32D0004C2981B78472B00F0B080542B00F0AD8000212046FFF7BBFD024620460023BDE8F0411021FEF745B8FFF7BE
S32D0004C2C0C3FB0023024614212046BDE8F041FEF73BB80A31C162FEF7C1FC002302460A212046BDE8F041FEF7F3
S32D0004C2E82FB80F31C162FEF7B5FC0023024609212046BDE8F041FEF723B8FFF7A1FB0023024615212046BDE855
S32D0004C310F041FEF719B80021FEF79AF800283FF435AE00212046FEF793F800283FF42EAEE3681B78472B6DD053
S32D0004C338542B6BD000212046FFF770FD024620460023BDE8F0411121FDF7FABFFEF782FC002302461221204632
S32D0004C360BDE8F041FDF7F0BFFEF778FC002302460C212046BDE8F041FDF7E6BFFEF76EFC002302460D212046FE
S32D0004C388BDE8F041FDF7DCBFB446002104E01CF8013F23B1242B02D00131A942F7DBD4E9053083421DDA2069B0
S32D0004C3B003EB830C0133636100EB8C03C3E9017700F82C70C3E90361E6680E446D1AE66017E61A461FE62E2186
S32D0004C3D8FFE52F21FDE500212046FFF71FFD0246B5E6E3680B44E360CCE50025CFE62046FFF792FD02463DE7E2
S32D0004C4002046FFF78DFD024652E72046FFF788FD0246E7E62046FFF783FD024693E700BFF8B5C26813784C2B77
S32D0004C42832D1531CC36051785F29044651D05A2913D15A1CE2605B78472B43D0542B41D000212046FFF7EAFC27
S32D0004C450E3681A780646452A1AD10133E3603046F8BDFEF7FBFB064690B10378272B12D0E26815786E2D23D009
S32D0004C4783D21452D59D0134603E0E3601D78452D2FD00133002DF8D100263046F8BDC3681A7C1AB1E26A596800
S32D0004C4A0521AE2622549186809F02EFF0028DFD1E2681578452D3ED06E2D01D03D21DEE7531CE36055783E210A
S32D0004C4C81A46D6E72046FFF727FDE36806461A78BDE7931CC36092785A2A18BF0026B6D1A7E79D1AD4E90503EA
S32D0004C4F098421CDAD4F810E000EB80070EEB87034FEA870C00270130BD42C3E9017760610DDDC3E901770EF87D
S32D0004C5180C70C3E9032532462046FDF711FFE36806461A7893E70023F5E70025DAE70132E260AAE72CA206005D
S32D0004C540C26813784C2B00F0A480542B00F0A280732B2DE9F041044665D0662B33D0A3F1300109290ED82046BD
S32D0004C568FFF7D4F80546002800F08B80E3681A78492A00F08D802846BDE8F0816F2B5FD0692B40F09280537836
S32D0004C5906C2B00F0B1802046FEF7A0FF0546002873D00378322B55D0342B00F0A9816CD8332B6AD1C368032B65
S32D0004C5B867D8DFE813F0E600EE00660066005378702BE4D1931CC3609378542B00F03A815F2B00F0B6806E2B3D
S32D0004C5E053D0FDF7FBFE411C4FD4E3681A785F2A4BD16FF0004201339142E36045D00230D4E90532934240DA02
S32D0004C608226903EB830102EB810501330026C5E901666361062302F82130E860ABE75378722B50D0702BB2D169
S32D0004C6300232C260FFF784FF002302464B212046BDE8F041FDF780BE53786E2BA3D10232C26088E7C168E36AB1
S32D0004C6588A680E68023A1344E3623378732B5CD17278742A59D1B278002A56D12046FEF7F1FA03462A46204668
S32D0004C6803721BDE8F041FDF75FBE00252846BDE8F081C5E6FEF7C8B80133E360204600F07FFA2A46034604215C
S32D0004C6A82046BDE8F041FDF74BBE742B7FF46FAF53786C2B7FF46BAF0232E260FEF7CAFAE268054617E0023219
S32D0004C6D0C260FEF7C3FA05462046FFF71BF8E3681A78492A064623D003462A4620460121BDE8F041FDF728BE2A
S32D0004C6F80232E260002511780029C2D05378002BBFD04521204600F039F92A46034631212046BDE8F041FDF783
S32D0004C72013BECF68032FB0D8DFE807F02F13663C0133E360204600F033FA3246034604212046FDF701FE034601
S32D0004C748CFE70332C260012056E73278702A00F082806D2A7FD00027732B77D17378502B74D1B378002B71D1E8
S32D0004C770204600F015FA0346002F3FF47FAF1A4639212046FDF7E0FD77E72A4620460023BDE8F0413621FDF7F0
S32D0004C798D7BD2046FFF7D0FE03466BE7712B68D17378752B65D1B378002B62D12046FFF7C3FE06462046FFF732
S32D0004C7C0BFFE07462046FFF7BBFE034600283FF45CAF3A463C212046FDF7B6FD324603463B212046FDF7B0FD6B
S32D0004C7E82A4603463A212046BDE8F041FDF7A8BDEB681B685A78632A00F092803378662B00F09C802046FFF79B
S32D0004C81097FE07463378632B56D172786C2A53D1B278002A50D14521204600F0ABF8064633463A463921204637
S32D0004C838FDF786FD2A46034638212046BDE8F041FDF77EBD0332C2600020D5E62046FFF773FE03468CE7717836
S32D0004C86091427FF47CAFE26811785F297FF478AF0132E2603378002772E73378662B6DD06E2B7FF402AF73787F
S32D0004C888772B02D0612B7FF4FCAE5F21204600F075F806462046FEF7DDF9E3681A78452A074667D0702A59D00E
S32D0004C8B0692A7FF4EAAE5B786C2B7FF4E6AE2046FFF73EFE034684E7642B26D17278742A23D1B2780ABB2046A4
S32D0004C8D8FEF71CFFE3681A78492A0646A4D10133E360204600F058F93246034604212046FDF726FD064697E7C2
S32D0004C900E3681A785F2A7FF448AF0133E3604521204600F037F80346B0E6702B17D02046FFF70EFE064683E754
S32D0004C9281B78A3F16302012A03D9723B012B3FF665AF2046FEF78EF9074667E72046FEF7C9FD074662E7737809
S32D0004C950742BE4D1B378002BBDD0E0E72046FEF7BDFD2AE75A78692A7FF48FAE0233E3604521204600F006F84A
S32D0004C97803462AE70133E360002326E72DE9F041C2680E46117882B00023B1420446019324D001AD012709E065
S32D0004C9A0FDF7D2FC286000F1100588B1E3681A78B24211D0D4F8308027632046FFF7C0FD024600232E212046EB
S32D0004C9C8C4F83080002AE7D1002002B0BDE8F08101980133E36002B0BDE8F0810132C2602E211A4602B0BDE8D4
S32D0004C9F0F041FDF7A9BC00BF2DE9F04F0F46C168B2F1000983B00A78044615BF4FF01E0A4FF01B0A4FF01D084B
S32D0004CA184FF01A0814BF1C2619263D464FF0010B1BE0562A33D04B2A37D04B7853B38B1CE3604978782950D03A
S32D0004CA406F2934D1E36A0933E3624F21002300222046FDF779FC2860C0B1E1680A7800F10C050846FDF70EFEC1
S32D0004CA68002840D04B1C722AE360DAD1E36A0933E3623146002300222046FDF761FC28600028E6D10025284638
S32D0004CA9003B0BDE8F08FE36A0933E36241460023D5E7E36A0633E36251460023CFE74F2939D1E36A0191093391
S32D0004CAB8E3622046236BC4F830B00093FFF73CFD009B2363019903460028DBD0E26810784528D7D10132E26082
S32D0004CAE0B5E7E36A1133E3624D210023AFE7B9F1000FCCD1462ACAD1BD42C8D01D201E211C2204E0192B0CD0D5
S32D0004CB080C37BD42BFD03F683B781A2B03D01B2BF4D13970F4E73870F2E73A70F0E77729B0D1E36A0633E3623B
S32D0004CB302046FEF757FD03460028A7D0E26811784529A3D10132E260502180E738B5C26813784C2B1FD00446E8
S32D0004CB5807D8493B012B15D80132BDE83840C2601AE0582B0ED101320123056BC2600363FFF7E2FCE36825636B
S32D0004CB801A78452A0AD10133E36038BD2046BDE83840FEF763B8BDE8384041E4002038BD70B5C368866A1A787F
S32D0004CBA8452A82B004461FD00023019301AD09E0FDF7C6FB286000F1100560B1E3681A78452A0BD02046FFF75C
S32D0004CBD0BDFF024600232F212046002AECD1002002B070BD0198A6620133E36002B070BD5A1C0023C2602F216E
S32D0004CBF81A4602B0BDE87040FDF7A2BB2DE9F04F044693B0002A5CD0D0F81851002D5BD113781646502B54D803
S32D0004CC20DFE813F0BC091201120155056C084008E7078C008000CD08A608F408E70595066E0635060E065A02F8
S32D0004CC4833020C02E50142091B0969095B078E008E008E005900590059005900590059005900BA00BA00590068
S32D0004CC705900900978001A08FF06A400BC06A400DD00DD00B3048E0453042C0453000504FD03CF03860753005F
S32D0004CC98B305530053003D013D01E004DA04AD017D012E050705A803810353005A0333030C03BE0281025900A3
S32D0004CCC0BA0159005900C4F814310123C4F8183113B0BDE8F08F0022D4F814310293D4F81031059302ABC4F8EE
S32D0004CCE81431002303960493002A72D01121204602F01CF8049B002B01F02B83029BC4F81431002DE0D0C4F8D8
S32D0004CD101071DDE7F2681121204613B0BDE8F04F02F008B8D0F80011FF2901F090854A1C7E23C4F800216354BF
S32D0004CD3884F804313269EAE7D0F814E1BEF1000F3CD07246916849B950680078A0F1190CBCF1020F01F229852D
S32D0004CD608342D7D01268002AF0D12BE0D0E9443102AAC0F814210022CDE90216049211213269059301F0D6FF4D
S32D0004CD88049B002B01F0F384029BC4F814319BE7F168D0F820510B78002D41F05483052B01F0FE85232B01F0FA
S32D0004CDB02B8332789A4201F02783242B01F04686D4F814E1CDF808E002ABC4F814310023CDE90363D4F810310E
S32D0004CDD80593F2688AE7F26812B1112101F0A6FF3369002B3FF470AFD4F80051FD2D01F2DF84DFF844832C273A
S32D0004CE0008F1010A4FF0000929460BE00B460131D045C4F80011E75484F8047101F0A48218F8017FFF29F1D138
S32D0004CE28D4F80831D4F80C2184F8FF9020469847D4F828310133C4F8283101210023E3E7BE4DF268112101F085
S32D0004CE5071FF05F10108D4F800113A274FF000090BE00B460131A845C4F80011E75484F8047101F0E78015F802
S32D0004CE78017FFF29F1D1D4F80831D4F80C2184F8FF9020469847D4F828310133C4F8283101210023E3E7F268F9
S32D0004CEA01178272941F0A483D1680D7C062D01F2B082002D41F05685D4F80011FF2901F019854B1CC4F80031F4
S32D0004CEC8282363542046112184F8043101F02EFFD4F80011FF2901F0F9844B1CC4F800312923635484F8043154
S32D0004CEF033783E2B01F0E884082D7FF41FAF5B212046FDF7D7FB11213269204601F012FF5D21204613B0BDE800
S32D0004CF18F04FFDF7CBBBF268894902A809F054F902A80AF089FC00283FF4CEAE02ADD4F800112F184FF00008F8
S32D0004CF4009E00B460131AF42C4F80011E65484F804613FF4BDAEFF2915F8016BF1D1D4F80831D4F80C2184F8FF
S32D0004CF68FF8020469847D4F828310133C4F8283101210023E3E7D0F80011357BFF2901F028844B1CC4F80031B4
S32D0004CF90655484F804519BE66C4FF268112101F0C9FE07F10709D4F8001120254FF000080BE00B460131B94588
S32D0004CFB8C4F80011E55484F8045101F0258017F8015FFF29F1D1D4F80831D4F80C2184F8FF8020469847D4F877
S32D0004CFE028310133C4F8283101210023E3E7584FD0F8001107F1150954254FF000080BE00B4601314F45C4F85A
S32D0004D0080011E55484F804513FF480AE17F8015FFF29F1D1D4F80831D4F80C2184F8FF8020469847D4F82831BE
S32D0004D0300133C4F8283101210023E3E7454FD0F8001107F1120967254FF000080BE00B4601314F45C4F8001154
S32D0004D058E55484F804513FF459AE17F8015FFF29F1D1D4F80831D4F80C2184F8FF8020469847D4F82831013372
S32D0004D080C4F8283101210023E3E7334FD0F8001107F10E096A254FF000080BE00B460131B945C4F80011E554A8
S32D0004D0A884F804513FF432AE17F8015FFF29F1D1D4F80831D4F80C2184F8FF8020469847D4F828310133C4F8C6
S32D0004D0D0283101210023E3E7204FD0F8001107F1190963254FF000080BE00B4601314F45C4F80011E55484F811
S32D0004D0F804513FF40BAE17F8015FFF29F1D1D4F80831D4F80C2184F8FF8020469847D4F828310133C4F82831C0
S32D0004D12001210023E3E70E4FF268112101F002FE07F10409D4F800115B254FF000081DE0E8A3060048A20600CD
S32D0004D148D8A10600B4A4060054A3060040A3060030A3060014A3060040A206000B460131B945C4F80011E554ED
S32D0004D17084F8045100F04C8717F8015FFF29F1D1D4F80831D4F80C2184F8FF8020469847D4F828310133C4F84D
S32D0004D198283101210023E3E7F168FDF7C5FA4FF0000810B901F0CCBC904603782F2B08F1010241F01781C368CD
S32D0004D1C0002B01F0138100690028F1D1C246D6F80C90904603E001354545BFF679ADC4F824514A46112120461B
S32D0004D1E801F0A4FDAA45F2DDCB4FD4F8001107F1010B2C260AE00B460131BB45C4F80011E65484F80461E2D071
S32D0004D21017F8016FFF29F2D14FF00002D4F8083184F8FF202046D4F80C219847D4F828310133C4F828310121D3
S32D0004D2380023E2E7B94FD0F8001107F119096E254FF000080BE00B460131B945C4F80011E55484F804513FF48D
S32D0004D26059AD17F8015FFF29F1D1D4F80831D4F80C2184F8FF8020469847D4F828310133C4F82831012100234C
S32D0004D288E3E7A74FD0F8001107F1150974254FF000080BE00B460131B945C4F80011E55484F804513FF432AD90
S32D0004D2B017F8015FFF29F1D1D4F80831D4F80C2184F8FF8020469847D4F828310133C4F8283101210023E3E738
S32D0004D2D8944FD0F8001107F10D097B254FF000080BE00B4601314F45C4F80011E55484F8045100F0388717F8DC
S32D0004D300015FFF29F1D1D4F80831D4F80C2184F8FF8020469847D4F828310133C4F8283101210023E3E7824F25
S32D0004D328D0F8001107F107097B254FF000080BE00B460131B945C4F80011E55484F8045100F0548717F8015F8E
S32D0004D350FF29F1D1D4F80831D4F80C2184F8FF8020469847D4F828310133C4F8283101210023E3E76F4FD0F880
S32D0004D378001107F11B0967254FF000080BE00B460131B945C4F80011E55484F804513FF4BDAC17F8015FFF290D
S32D0004D3A0F1D1D4F80831D4F80C2184F8FF8020469847D4F828310133C4F8283101210023E3E7D6E903753B78F4
S32D0004D3C8322B01F02781342B41F0A084D0F80011FF2901F02F844B1CC4F800312823635484F804311121FA6849
S32D0004D3F0204601F09FFCD4F80011FF2901F00D8429234A1CC4F80021635484F804312A461121204613B0BDE82B
S32D0004D418F04F02F05BBDF2681121204613B0BDE8F04F02F06DBB424FD0F8001107F108096F254FF000080BE0AD
S32D0004D4400B4601314F45C4F80011E55484F8045100F0058717F8015FFF29F1D1D4F80831D4F80C2184F8FF80FE
S32D0004D46820469847D4F828310133C4F8283101210023E3E72E4FD0F8001107F108096F254FF000080BE00B465A
S32D0004D49001314F45C4F80011E55484F804513FF44DAC17F8015FFF29F1D1D4F80831D4F80C2184F8FF802046E9
S32D0004D4B89847D4F828310133C4F8283101210023E3E7F7681B4ED7F80880D0F8001106F1070A6F254FF000090A
S32D0004D4E00BE00B460131B245C4F80011E55484F8045100F0EB8616F8015FFF29F1D1D4F80831D4F80C2184F8AB
S32D0004D508FF9020469847D4F828310133C4F8283101210023E3E700BFE8A30600B4A30600B8A30600A4A4060044
S32D0004D53094A4060074A40600F8A30600ECA30600D6E9032512B1112101F0F4FBD4F80011FF2901F062814A1C3C
S32D0004D5587B23C4F80021204663542A46112184F8043101F0E3FBD4F80011FF2900F02E864A1C7D23C4F800215B
S32D0004D580635484F80431FFF7A3BBC54FD0F8001107F11D0974254FF000080BE00B460131B945C4F80011E55460
S32D0004D5A884F804513FF4B2AB17F8015FFF29F1D1D4F80831D4F80C2184F8FF8020469847D4F828310133C4F844
S32D0004D5D0283101210023E3E7F268112101F0AAFBFFF7ACBBAF4FD0F8001107F10D096A254FF000080BE00B464B
S32D0004D5F80131B945C4F80011E55484F804513FF485AB17F8015FFF29F1D1D4F80831D4F80C2184F8FF802046DF
S32D0004D6209847D4F828310133C4F8283101210023E3E79D4FD0F8001107F11C0967254FF000080BE00B46013159
S32D0004D648B945C4F80011E55484F804513FF45EAB17F8015FFF29F1D1D4F80831D4F80C2184F8FF802046984708
S32D0004D670D4F828310133C4F8283101210023E3E78A4FD0F8001107F1090964254FF000080BE00B460131B94513
S32D0004D698C4F80011E55484F8045100F0478617F8015FFF29F1D1D4F80831D4F80C2184F8FF8020469847D4F869
S32D0004D6C028310133C4F8283101210023E3E7F768D0F814910022C0F81421002F3FF4F5AA0DF10808D0F810C104
S32D0004D6E8434611469646C3E90027C3E902EC3A784D2A9A46A2F11C0BA2F14F0001F1010500F0638600F2938468
S32D0004D710BBF1040F40F25D86022AC4F8143114D13F693A78472A01F04D8208EB01114FF0000A4D2AA2F14F03CC
S32D0004D738A2F11C0001F0018000F2FC87042840F2FC87042A04BFCDE900C7C4F810D132691121204601F0EAFA35
S32D0004D7603B78042B02D1009BC4F8103108EB0515202755F8086C002E00F01886103D4545F7D1C4F81491FFF783
S32D0004D788A3BA33691A783B2A7FF49BAA1B691B783C2B7FF496AA3246112102F005FC00287FF492AAD6E90383DD
S32D0004D7B0D3E90363D8F80C203D491068D3E9037508F0A2FD002841F0048232462046112102F080FB4246204616
S32D0004D7D8112102F095F920463A46112102F076FB32492046FCF7E8FF0DE6314FD0F8001107F10C0974254FF006
S32D0004D80000080BE00B460131B945C4F80011E55484F804513FF47EAA17F8015FFF29F1D1D4F80831D4F80C21F9
S32D0004D82884F8FF8020469847D4F828310133C4F8283101210023E3E71E4FD0F8001107F1100976254FF00008D8
S32D0004D8500BE00B460131B945C4F80011E55484F804513FF457AA17F8015FFF29F1D1D4F80831D4F80C2184F85C
S32D0004D878FF8020469847D4F828310133C4F8283101210023E3E70C4FD0F8001107F114096E254FF000081DE01D
S32D0004D8A068A2060024A4060054A4060034A4060008A406000CA40600C4A2060000A30600FCA206000B460131F8
S32D0004D8C84F45C4F80011E55484F804513FF41EAA17F8015FFF29F1D1D4F80831D4F80C2184F8FF802046984731
S32D0004D8F0D4F828310133C4F8283101210023E3E7C14FD0F8001107F10F0974254FF000080BE00B460131B94544
S32D0004D918C4F80011E55484F804513FF4F7A917F8015FFF29F1D1D4F80831D4F80C2184F8FF8020469847D4F8D0
S32D0004D94028310133C4F8283101210023E3E7AF4FD0F8001107F1110974254FF000080BE00B460131B945C4F813
S32D0004D9680011E55484F804513FF4D0A917F8015FFF29F1D1D4F80831D4F80C2184F8FF8020469847D4F828310A
S32D0004D9900133C4F8283101210023E3E7B6F91230002B40F0EF86F268994BD168994200F022861121204601F0D9
S32D0004D9B8BDF9D4F80031FF2B01F0A2802022591CC4F80011E25484F80421B6F91080B8F1000F40F0E5858D4E86
S32D0004D9E05F25771D0BE00B460131B742C4F80011E55484F804513FF46BA916F8015FFF29F1D1D4F80831D4F84F
S32D0004DA080C2184F8FF8020469847D4F828310133C4F8283101210023E3E7D0F814C1D0F8103105930DF10808B6
S32D0004DA300023E146CDF808C0C0F8148103960493BCF1000F01F01E8101276546BE46B446464618E0AB68A3B960
S32D0004DA58032F3FF636A912AB03EB071B95E80F00ABF1400A8AE80F004BF8406C08EB0716C4F814610137C5F871
S32D0004DA8008E02D6825B16B681B78193B022BE1D9DCF8102011212046664601F04BF9049BC4F81491002B7FF465
S32D0004DAA813A9012F0CD008EB071858F80C2C013F1121204601F068F9012FA8F11008F4D1D4F81431324611215F
S32D0004DAD0204601F08BFEFFF7FBB8D6E90353002B3FF4F6A82B44D0F80011013D5F1E4FF0000809E00B460131D4
S32D0004DAF8AF42C4F80011E65484F804613FF4E4A8FF2915F8016FF1D1D4F80831D4F80C2184F8FF8020469847BF
S32D0004DB20D4F828310133C4F8283101210023E3E733691B78392B7FF4C8A8F268D3681B685978632900F0EA860B
S32D0004DB4832461121204602F02FFA00287FF4BCA8F3681A78322A00F0FA87DB681B681A78632A40F0D4865A7886
S32D0004DB706C2A40F0D0869B78002B40F0CC863369DA681178032901F06780DA681121204602F0A0F9F268D36842
S32D0004DB981B681978692940F046875878782840F042879878002840F03E8720465B21FCF77DFD3369204611219F
S32D0004DBC01A6901F0B7F85D212046FCF773FDF3681A78322A7FF47CA8DB689A68012A7FF477A85B681B783E2B28
S32D0004DBE87FF472A82921FFF790B9F768002F40F07684074ED0F8001106F10308742515E0E8A20600D4A2060073
S32D0004DC10B8AB0600D8A3060044A406000B460131B045C4F80011E55484F804513FF450A816F8015FFF29F1D138
S32D0004DC38D4F80831D4F80C2184F8FF7020469847D4F828310133C4F8283101210023E3E7F268CAB1D0F814114D
S32D0004DC6002ABC0F814310023CDE9021604931121D0F81031059301F05DF8049B029AC4F81421002B7FF424A8B1
S32D0004DC8820212046FCF712FDD4F8143132461121204613B0BDE8F04F01F08EBBD0F82031002B00F0D383D14F15
S32D0004DCB0D0F8001107F1040961254FF000080BE00B460131B945C4F80011E55484F8045100F0D88317F8015F9A
S32D0004DCD8FF29F1D1D4F80831D4F80C2184F8FF8020469847D4F828310133C4F8283101210023E3E70023D0F88A
S32D0004DD004871D0F81481F268C0F81431C0F84861112101F00FF894F804313C2B00F0CE85D4F80011FF2900F099
S32D0004DD28B9854B1CC4F800313C23635484F8043132691121204600F0F9FF94F804313E2B00F0A285D4F8001137
S32D0004DD50FF2900F08D854B1CC4F800313E23635484F80431C4F81481C4F84871FEF7B0BFA14FD0F8001107F16F
S32D0004DD78070956254FF000080BE00B460131B945C4F80011E55484F804513EF4BFAF17F8015FFF29F1D1D4F89F
S32D0004DDA00831D4F80C2184F8FF8020469847D4F828310133C4F8283101210023E3E78F4FD0F8001107F10A09A0
S32D0004DDC876254FF000080BE00B460131B945C4F80011E55484F804513EF498AF17F8015FFF29F1D1D4F808312D
S32D0004DDF0D4F80C2184F8FF8020469847D4F828310133C4F8283101210023E3E77C4FD0F8001107F11709632507
S32D0004DE184FF000080BE00B460131B945C4F80011E55484F8045100F0728117F8015FFF29F1D1D4F80831D4F841
S32D0004DE400C2184F8FF8020469847D4F828310133C4F8283101210023E3E76A4FD0F8001107F1140972254FF049
S32D0004DE6800080BE00B460131B945C4F80011E55484F8045100F01F8117F8015FFF29F1D1D4F80831D4F80C2156
S32D0004DE9084F8FF8020469847D4F828310133C4F8283101210023E3E7574FD0F8001107F1180954254FF000084B
S32D0004DEB80BE00B460131B945C4F80011E55484F804513EF423AF17F8015FFF29F1D1D4F80831D4F80C2184F81E
S32D0004DEE0FF8020469847D4F828310133C4F8283101210023E3E7454FD0F8001107F1100968254FF000080BE092
S32D0004DF080B460131B945C4F80011E55484F804513EF4FCAE17F8015FFF29F1D1D4F80831D4F80C2184F8FF8061
S32D0004DF3020469847D4F828310133C4F8283101210023E3E7F268D2E90053002B3EF4C0AE2B44D0F80011013D44
S32D0004DF585F1E4FF0000809E00B460131AF42C4F80011E65484F804613EF4AEAEFF2915F8016FF1D1D4F8083194
S32D0004DF80D4F80C2184F8FF8020469847D4F828310133C4F8283101210023E3E7D6E90353002B3EF495AE2B4495
S32D0004DFA8D0F80011013D5F1E4FF0000809E00B460131AF42C4F80011E65484F804613EF483AEFF2915F8016F1F
S32D0004DFD0F1D1D4F80831D4F80C2184F8FF8020469847D4F828310133C4F8283101210023E3E700BF60A20600DB
S32D0004DFF894A2060088A20600A0A2060088A306006CA30600A0A3060011213269204600F08DFED4F80011FF2901
S32D0004E02000F0ED824A1C5D23C4F80021635484F80431FEF74DBE012840F2CB81C4F81431FFF789BB37693B780F
S32D0004E048472B02D03A46FEF762BED1492046FCF7B3FB3A69CF49013202A808F0B5F802A809F0EAFB81460028F8
S32D0004E07000F0E58302ADD4F80011A9444FF0000809E00B460131A945C4F80011E65484F8046100F0D483FF29B5
S32D0004E09815F8016BF1D1D4F80831D4F80C2184F8FF8020469847D4F828310133C4F8283101210023E3E7B84F59
S32D0004E0C032691121204600F035FE07F10409D4F8001120254FF000080BE00B4601314F45C4F80011E55484F8E6
S32D0004E0E804513EF413AE17F8015FFF29F1D1D4F80831D4F80C2184F8FF8020469847D4F828310133C4F82831B9
S32D0004E11001210023E3E7A34FF2681121204600F009FE07F10309D4F800112D254FF000080BE00B4601314F4577
S32D0004E138C4F80011E55484F804513EF4FBAD17F8015FFF29F1D1D4F80831D4F80C2184F8FF8020469847D4F8A1
S32D0004E16028310133C4F8283101210023E3E7F2688A49013202A808F02BF802A809F060FB18B302ADD4F8001162
S32D0004E1882F184FF0000808E00B460131AF42C4F80011E65484F8046115D0FF2915F8016BF2D1D4F80831D4F879
S32D0004E1B00C2184F8FF8020469847D4F828310133C4F8283101210023E4E7D4F80011FF297FF4D2A90025D4E97D
S32D0004E1D8423284F8FF5020469847D4F8283101221344C4F828312946FFF7C3B9D4F82031F2686B4F0133C4F8DB
S32D0004E20020311121204600F095FDD4F82031D4F80011013BC4F8203107F1010929254FF000080AE00B4601313A
S32D0004E228B945C4F80011E55484F804511BD017F8015FFF29F2D1D4F80831D4F80C2184F8FF8020469847D4F8A0
S32D0004E25028310133C4F8283101210023E4E732461121204613B0BDE8F04F01F0A3BB32694A49013202A807F0E2
S32D0004E278ABFF02A809F0E0FA0028A2D002ADD4F800112F184FF0000808E00B460131AF42C4F80011E65484F8BA
S32D0004E2A0046194D0FF2915F8016BF2D1D4F80831D4F80C2184F8FF8020469847D4F828310133C4F82831012151
S32D0004E2C80023E4E77D682B78613B192B40F25B8208F1FF37EB5D202B18BF4746002F3EF4F3AC013DD4F800117E
S32D0004E2F02F444FF0000809E00B460131AF42C4F80011E65484F804613EF4E2ACFF2915F8016FF1D1D4F80831D1
S32D0004E318D4F80C2184F8FF8020469847D4F828310133C4F8283101210023E3E71121F268204600F0FBFCD4F878
S32D0004E3400011FF2900F05A824A1C2923C4F80021635484F80431FEF7BBBC32461121204600F016FDFEF7CEBCB1
S32D0004E3683269D4F828610D462046112100F0DEFCD4F82831B3427EF4A7ACD4F80031AB427EF4A2AC023DC4F85A
S32D0004E3900051FEF79DBC00BF4CA20600D8A1060080A30600BCA20600A0A40600D4F80031FF2B00F04E83581C57
S32D0004E3B8C4F8000155F80C2CE754112184F80471204600F0E1FCFFF7D5B9FF685246002F3EF475AC042D03F136
S32D0004E3E0100300F0DF812946FFF781B9D6F80C90B8F1000F3EF46CAC08F1FF3AFEF7EFBE33782F2B7EF4DCACCA
S32D0004E408D4F814E10E46FEF7D9BC072D7EF450AD3169087800287EF44BAD086901287EF447AD3D2B7EF444AD29
S32D0004E430CB681B78302B00F07384312B7EF43CADBA49204613B0BDE8F04FFCF7B9B90025FEF7ACBC3146FCF79A
S32D0004E4584FF9024600283EF434AC03782F2B00F00383D4F810512B68C4F810311121204600F05CFCC4F81051C3
S32D0004E480FEF726BCF268AA49013202A807F0A0FE02A809F0D5F900283EF41AAC02ADD4F800112F184FF0000829
S32D0004E4A809E00B460131BD42C4F80011E65484F804613EF409ACFF2915F8016BF1D1D4F80831D4F80C2184F82B
S32D0004E4D0FF8020469847D4F828310133C4F8283101210023E3E7934ED0F8001106F105097B254FF000080AE049
S32D0004E4F80B460131B145C4F80011E55484F8045113D016F8015FFF29F2D1D4F80831D4F80C2184F8FF80204607
S32D0004E5209847D4F828310133C4F8283101210023E4E77F493A4602A807F04AFE02A809F07FF918B302ADD4F8DA
S32D0004E54800112F184FF0000808E00B460131AF42C4F80011E65484F8046115D0FF2915F8016BF2D1D4F8083170
S32D0004E570D4F80C2184F8FF8020469847D4F828310133C4F8283101210023E4E7D4F80011FF2900F0CB827D23E0
S32D0004E5984A1CC4F80021635484F80431FEF794BB634D5F266F1D4FF000080BE00B460131AF42C4F80011E654F4
S32D0004E5C084F804613EF484AB15F8016FFF29F1D1D4F80831D4F80C2184F8FF8020469847D4F828310133C4F82D
S32D0004E5E8283101210023E3E70025FEF761BCD4F80011FFF7EAB90025D4E9423284F8FF5020469847D4F8283161
S32D0004E61001221344C4F82831294604E5FB681E683378612B40F0C3807278642A40F0BF80B278002A40F0BB80B8
S32D0004E6382A78032A00F0E282392A00F01783732B1DD172785A2A41D196F80280B8F1000F3CD129462046FCF7F7
S32D0004E66067F830B908E0C36833B1006908F1010810B103782F2BF6D04146204613B0BDE8F04FFCF701B93A46C1
S32D0004E6881121204601F03CFA3378672B07D17278732A04D1B27812B92A46FEF738BB732B7EF4B1AE7378742BEA
S32D0004E6B07EF4ADAEB378002B7EF4A9AE28212046FBF7F8FF11212A46204600F033FB2921FEF71FBC732BD6D12F
S32D0004E6D87378502BD3D1B378002BD0D11E4604E001362D69002D00F0CC812B782F2B40F0C881EB68002B00F0AC
S32D0004E700C4811A784B2AEFD1D9682046FCF710F8024648B1002204E0C16829B10069013210B101782F29F7D0FA
S32D0004E7281644DEE754650600D8A106004CA40600E0A30600012B3FF60AA8042D3EF4C1AA8E4601F1100B0FC949
S32D0004E7508BE80F00CEE9017AFF68CEF810E00135CEF80CC05946C4F814B1002F3EF4ADAA3A78FEF7DEBF32466A
S32D0004E7781121204600F008FBFEF706BBCA49FCF71BF8FFF70CB9FF2900F009824B1CC4F800312023635484F8ED
S32D0004E7A0043199E50123C4E945A3FEF791BA2A7846E70D46FEF706BB002767552946D4E9423220469847D4F82F
S32D0004E7C82831C4F800710133C4F828313D46FEF710BB0026D0F80831D0F80C2180F8FF609847D4F82821012302
S32D0004E7F01A44C4F828213146FEF7C8BB0025D4E9423284F8FF5020469847D4F8283101221344C4F8283129461C
S32D0004E81897E50026D4F80831D4F80C2184F8FF6020469847D4F8283101221344C4F828313146FEF78DBE9D49BD
S32D0004E8402046FBF7BDFFFF683A46FEF764BA0025D0F80831D0F80C2180F8FF509847D4F8283101221344C4F87C
S32D0004E86828312946FEF760BA0025D4E9423284F8FF5020469847D4F828310133C4F8283129460123FFF764BA2C
S32D0004E89020212046FBF70EFFFFF758BA0025D4E9423284F8FF5020469847D4F828310133C4F828312946012341
S32D0004E8B8FFF738BA20212046FBF7F8FEFFF72CBA2D212046FBF7F2FEFEF712BB0027D4E9423284F8FF702046DA
S32D0004E8E09847D4F828310133C4F8283139460123FEF7F8BA0027D4E9423284F8FF7020469847D4F82831F26868
S32D0004E9080133C4F8283139460123FEF7D7BA3369FFF737B91B78A3F16301012903D9723B012B3FF60DA9112162
S32D0004E930204601F0E9F83C212046FBF7BBFE33691121DA68204600F0F5F95B492046FBF737FF336911211A6938
S32D0004E958204600F0EBF92921FEF7D7BA3169097800297EF4A5AA3E2B00F0C281326911212046023D00F0DAF9AD
S32D0004E980042D3EF6A5A9DFE805F00C09070503004A4956E54A4954E54A4952E56C21FEF7B8BA7521FEF7B5BA80
S32D0004E9A8D0F834C1BCF1000F40F37481D0F830E12B46704604E0634500F1080000F06A815EF83320914203F1CC
S32D0004E9D00103F4D1D4F82CC16346BCF1000F04D1CAE05B68002B00F0C7801A688A4203D0B242F6D19C45F4D009
S32D0004E9F82046FBF77DFE014600283EF462A90B782F2B7EF4CFA9D4F82431002BFFF6F4AC08461946FBF7E4FD46
S32D0004EA200146002800F06C810378FEF7BFB9632900F0B0801121204601F066F8336911211A69204601F046FA15
S32D0004EA48FFF7C1B8CA68FEF743B919462046D4E9423284F8FF609847D4F8282101323346C4F828210120A3E4EC
S32D0004EA70D4F824110029FFF6F8ACFBF7B5FD024600287FF4F2ACFEF720B90F49324602A807F09EFB02A808F012
S32D0004EA98D3FE074600283EF417A902ADD4F800112F444FF0000817E0D0A306005CA2060004A4060020A40600E2
S32D0004EAC01CA4060018A40600D8A106000B460131AF42C4F80011E65484F804613EF4F8A8FF2915F8016BF1D18C
S32D0004EAE8D4F80831D4F80C2184F8FF8020469847D4F828310133C4F8283101210023E3E70025D4F80C2184F8A7
S32D0004EB10FF5019462046D4F808319847D4F8282101322B46C4F82821FEF74CBF0025D4E9423284F8FF50204696
S32D0004EB389847D4F8283101332946C4F8283126E51121F268204601F0C1F9754975E4DA68916801297FF401A8AF
S32D0004EB60526812783E2A7EF4FCAF28212046FBF7A1FDF368FEF7F5BF4368D4F81071C4F810312046FBF7B8FD75
S32D0004EB880146002800F0BB80012538E759786C297FF44CAF9B78002B3FF44CAF46E70026D4E9423284F8FF60DD
S32D0004EBB020469847D4F828317D680133C4F828313146E7E5FF68002F3EF47FA83A78FEF7ACBD56492046FBF762
S32D0004EBD8F3FDF36843B111212046324601F076F920212046FBF762FD3A461121204600F09DF8002D7EF407AC75
S32D0004EC00FEF766B8EA68117801297FF41CAD29690978292908BF154615E50026D4F80831D4F80C2184F8FF600E
S32D0004EC2820469847D4F8283101333146C4F82831FEF7E2BB0026D0E9423280F8FF609847D4F828310133314625
S32D0004EC50C4F82831FEF7C3BB1369D2681B78292B1CBF0123C4F818311121204601F032F9FEF790BFEA681121ED
S32D0004EC78204601F02BF93A46FEF7CEBB3269112100F054F8049BC4F81491002B3EF418AFFEF71AB8D4F83831C8
S32D0004ECA063457EF712A8D4F83021D4F810E102EBCC030CF10100C4F83401043342F83C10BEF1000F23D0D4E9BB
S32D0004ECC8502C11E0D4F83C01DEF8048000EBC2000132C4F84021C0F804801860DEF800E00346BEF1000F0ED0FE
S32D0004ECF06245EBDBFDF7E9BF2D21FBF7DBFC39E6002D3DF4E2AFC4F81071FDF7DEBF00221A6071E63A46112151
S32D0004ED1800F0F6FEFEF777BB0349FFF78EBB00BF40A4060010A406005C65060030B5054683B01AB35368012BF2
S32D0004ED4014461FDCD0F81C11B1F5806F1ADC013353600131D0F82C31C0F81C11C0F82CD11121CDE90023FDF7F5
S32D0004ED684DFF6268D5F81C310199C5F82C11013A013B6260C5F81C3103B030BD0123C5F8183103B030BD00BF49
S32D0004ED902DE9F8431378033B154604464D2B4FD8DFE813F019014E004E004E004E004E004E004E004E004E0051
S32D0004EDB84E004E004E004E004E004E004E004E004E004E004E004E0053007A00A10053007A00A100ED00FA00BE
S32D0004EDE0070183021E012C01510177014E004E004E004E009D014E00CD014E004E004E004E004E004E004E004A
S32D0004EE084E004E004E004E004E004E004E004E004E004E004E004E004E004E004E004E004E004E004E004E00C0
S32D0004EE304E004E004E004E00F4014E003002C6002A461121BDE8F84374E7D54ED0F8001106F1080720254FF0DA
S32D0004EE5800080BE00B460131B742C4F80011E55484F8045100F0C48016F8015FFF29F1D1D4F80831D4F80C21B8
S32D0004EE8084F8FF8020469847D4F828310133C4F8283101210023E3E7C24ED0F8001106F1080720254FF0000828
S32D0004EEA80BE00B460131B742C4F80011E55484F8045100F09D8016F8015FFF29F1D1D4F80831D4F80C2184F81B
S32D0004EED0FF8020469847D4F828310133C4F8283101210023E3E7B04ED0F80011771D20254FF000080AE00B469D
S32D0004EEF80131BE42C4F80011E55484F8045177D016F8015FFF29F2D1D4F80831D4F80C2184F8FF802046984701
S32D0004EF20D4F828310133C4F8283101210023E4E79E4FD0F8001107F1050920264FF000080BE00B460131B9457C
S32D0004EF48C4F80011E65484F8046100F07D8117F8016FFF29F1D1D4F80831D4F80C2184F8FF8020469847D4F84E
S32D0004EF7028310133C4F8283101210023E3E7D0F80031FF2B00F0CE812022591CC0F80011C25480F8042125E024
S32D0004EF98D0F80031FF2B00F0B281591C2022C4F80011E25484F8042126E0D0F80011FF2900F095814A1C2023F0
S32D0004EFC0C4F80021635484F804312A6920461121BDE8F843AEE6EA681121BDE8F843A9E6D0F80011FF2900F057
S32D0004EFE8BC814A1C2623C4F80021635484F80431BDE8F883D0F800116B4D26266F1C4FF000080AE00B4601318A
S32D0004F010BD42C4F80011E65484F80461ECD015F8016FFF29F2D1D4F80831D4F80C2184F8FF8020469847D4F8B9
S32D0004F03828310133C4F8283101210023E4E75B4ED0F8001106F1080720254FF000080AE00B460131BE42C4F8B7
S32D0004F0600011E55484F80451C6D016F8015FFF29F2D1D4F80831D4F80C2184F8FF8020469847D4F828310133DD
S32D0004F088C4F8283101210023E4E7494ED0F8001106F10A0720254FF000080AE00B460131BE42C4F80011E554BA
S32D0004F0B084F80451A0D016F8015FFF29F2D1D4F80831D4F80C2184F8FF8020469847D4F828310133C4F82831E8
S32D0004F0D801210023E4E790F80431282B40F0D580344EEA6811212046FFF720FEB71CD4F800113A254FF000088B
S32D0004F1000BE00B460131B742C4F80011E55484F804513FF471AF16F8015FFF29F1D1D4F80831D4F80C2184F87A
S32D0004F128FF8020469847D4F828310133C4F8283101210023E3E7204FD0F8001107F1090920264FF000080BE0AA
S32D0004F1500B460131B945C4F80011E65484F8046100F0858017F8016FFF29F1D1D4F80831D4F80C2184F8FF80CD
S32D0004F17820469847D4F828310133C4F8283101210023E3E70D4ED0F8001106F1100720254FF0000820E000BF16
S32D0004F1A0C0A40600CCA40600D8A4060000A5060008A506000CA5060018A5060024A5060028A50600E0A40600D7
S32D0004F1C80B460131B742C4F80011E55484F804513FF40EAF16F8015FFF29F1D1D4F80831D4F80C2184F8FF8081
S32D0004F1F020469847D4F828310133C4F8283101210023E3E76D4FD0F8001107F1080920264FF000080AE00B46C5
S32D0004F21801314F45C4F80011E65484F8046113D017F8016FFF29F2D1D4F80831D4F80C2184F8FF80204698478B
S32D0004F240D4F828310133C4F8283101210023E4E72A69002A3FF4D0AEFF2932D0481C2823C4F800016354112131
S32D0004F26884F8043101E0EA6811212046FFF75EFDD4F80011FF2961D04A1C2923C4F80021635484F80431BDE8D5
S32D0004F290F883D0F80011FF2972D04A1C2023C4F80021635484F804311EE7D0F80011FF2976D04A1C2A23C4F8E5
S32D0004F2B80021635484F804319AE60026D4F80831D4F80C2184F8FF6020469847D4F828312A690133C4F82831D6
S32D0004F2E001203146BBE70026D0F80831D0F80C2180F8FF609847D4F8283101221344C4F8283131465BE600255F
S32D0004F308194680F8FF50D0E942329847D4F8283101210B44C4F828312B463FE60021D0E9425280F8FF1019460C
S32D0004F330A847D4F8283120220133C4F828312270012152E60025D4E9423284F8FF5020469847D4F82831012272
S32D0004F3581344C4F8283129468FE70025D4E9423284F8FF5020469847D4F8283101221344C4F82831294635E68E
S32D0004F3800026D0F80831D0F80C2180F8FF609847D4F8283101221344C4F8283131467DE70025D0E9423280F830
S32D0004F3A8FF509847D4F8283101221344C4F8283129467BE7F4A406002DE9F843044616461D46002B64D09A6827
S32D0004F3D0002A61D15A6811781939122959D8DFE801F00A0A0A58585858580A8080800A0A585858580A0094F884
S32D0004F3F80431202B79D1D4F80011FF2900F083804B1C4FF02808C4F8003104F801804FF00009D4F8147184F8CC
S32D0004F42004812A46C4F814914B461121204600F0B9F8D4F80021FF2A00F08880511C2923FF29C4F80011A354E7
S32D0004F44884F8043132D028224B1CC4F80031625484F8042132692AB111212046FFF766FCD4F80031FF2B5DD030
S32D0004F4705A1CC4F800212922E254112184F8042101232A46204600F08DF8C4F81471BDE8F8831B68002B9AD1DA
S32D0004F4980023D4F81471C4F8143111212A46204600F07CF8D4F80011FF29CCD1002384F8FF302046D4E942325A
S32D0004F4C098472822D4F82831227084F8042101333269C4F828310123C4F80031002ABFD1C6E794F8043103F089
S32D0004F4E8FD02282A87D0202B85D0D4F80031FF2B41D0591C2022FF29C4F80011E25484F804217FF47DAF002729
S32D0004F510D4E9423284F8FF7020469847D4F828310133C4F82831394601236EE70026194684F8FF60D4E9423271
S32D0004F53820469847D4F828210132C4F828213346012292E7114684F8FF90D4E942322046984742F6290323801B
S32D0004F560D4F8283184F8048132690133C4F828310223C4F80031002A7FF472AF78E70022194684F8FF20D4F858
S32D0004F5880871D4F80C212046B847D4F8283120220133C4F828312270012131E7002A00F0C2802DE9F04705460A
S32D0004F5B088B01E4614460127D5F81821CAB9A2680ABB62681178BEB1E368D5F81081A7602929C5F8103124D0FD
S32D0004F5D82A292CD0022934D011212846FFF7D4FB2468C5F81081002CE2D108B0BDE8F0874D2904D007D8A1F1D6
S32D0004F6001C03042BE0D82468002CD5D1F1E74F390129F8D9E368D5F81081A760C5F81031DEE72368112128467B
S32D0004F628FFF7CAFEC5F8108108B0BDE8F08723681121284600F0D6F8C5F8108108B0BDE8F087644ED5F81471C1
S32D0004F650D2684FF000091121C5F814912846FFF769FB06F1010AC5F81471D5F800113A270AE00B46013156451F
S32D0004F678C5F80011EF5485F8047113D016F8017FFF29F2D1D5F80831D5F80C2185F8FF9028469847D5F8283182
S32D0004F6A00133C5F8283101210023E4E763681C692378472B17D04D2BA3F14F02A3F11C010ED00BD804290BD9BA
S32D0004F6C8224611212846FFF731FBC5F8108108B0BDE8F087012AF3D8E4682378E7E73E4F7B2607F10C0A4FF09E
S32D0004F6F000090AE00B4601315745C5F80011EE5485F8046114D017F8016FFF29F2D1D5F80831D5F80C2185F819
S32D0004F718FF9028469847D5F828310133C5F8283101210023E4E7704722692C49013201A806F04AFD01A808F0F2
S32D0004F7407FF8824618B301AED5F80011B2444FF0000908E00B4601315645C5F80011EF5485F8047115D0FF29AC
S32D0004F76816F8017BF2D1D5F80831D5F80C2185F8FF9028469847D5F828310133C5F8283101210023E4E7D5F87C
S32D0004F7900011154F7D2607F1020A4FF000090AE00B460131BA45C5F80011EE5485F8046196D017F8016FFF2978
S32D0004F7B8F2D1D5F80831D5F80C2185F8FF9028469847D5F828310133C5F8283101210023E4E700BF48A20600D4
S32D0004F7E04CA20600D8A106005CA206002DE9F0470446174653B11E469D687DB31B68002BFAD132461121204666
S32D0004F808FFF7CCFED4F80031FF2B00F09D80591C2022FF29C4F80011E25484F8042127D05B224B1CC4F800318F
S32D0004F830625484F80421FA682AB111212046FFF779FAD4F80031FF2B2FD0591C5D22C4F80011E25484F8042153
S32D0004F858BDE8F0875B681B782A2B32D111212B4632462046FFF79AFED4F80011FF29D7D10022D4F8083184F855
S32D0004F880FF202046D4F80C2198475B22D4F82831227084F80421FA68591C0123C4F82811C4F80031002AC8D184
S32D0004F8A8CFE70025194684F8FF50D4E9423220469847D4F8283101210B44C4F828312B46C0E7DFF8E480D4F8E9
S32D0004F8D000114FF0200908F1010A0CE00B46D04501F10101C4F8001104F8039084F804911AD018F8019FFF2914
S32D0004F8F8F0D1D4F80831D4F80C2184F8FF5020469847D4F828310133C4F8283100230121D045C4F8001104F87E
S32D0004F920039084F80491E4D11121002332462046FFF738FED4F80011FF2926D04B1C2922FF2BC4F80031625483
S32D0004F94884F804217FF463AF0022194684F8FF20D4F80851D4F80C212046A847D4F828315B2245F62031218009
S32D0004F97084F80421FA680133C4F828310223C4F80031002A7FF459AF5FE70022D4F8083184F8FF202046D4F828
S32D0004F9980C219847D4F8283129220133C4F828312270012333E700BF3CA4060070B5D0F8483182B004461546C6
S32D0004F9C02BB1D0F810210092C0F810D10193EA681378042B0BD011212046FFF7ABF9D4F8483113B1009BC4F808
S32D0004F9E8103102B070BDD26811212046FFF79EF9D4F8483113B1009BC4F8103194F804313C2B21D0D4F80011D7
S32D0004FA10FF2944D04A1C3C23C4F80021635484F80431EB6811211A692046FFF783F994F804313E2B27D0D4F8B1
S32D0004FA380011FF2914D04A1C3E23C4F80021635484F8043102B070BDD4F80031FF2B33D02022591CC4F80011E6
S32D0004FA60E25484F80421D3E70025D4E9423284F8FF5020469847D4F8283101221344C4F828312946DCE7D4F8CB
S32D0004FA880031FF2B2BD02022591CC4F80011E25484F80421CDE70026D4F80831D4F80C2184F8FF6020469847A3
S32D0004FAB0D4F8283101221344C4F828313146AAE70022194684F8FF20D4F80861D4F80C212046B047D4F828319C
S32D0004FAD820220133C4F828312270012196E70021D4E9425284F8FF1020461946A847D4F8283120220133C4F838
S32D0004FB002831227001219AE71178322902D01121FFF710B9D3682DE9F041D3E9015767B32F44D0F80011044658
S32D0004FB28013D013F4FF0000809E00B46BD4201F10101C4F80011E65484F8046119D0FF2915F8016FF1D1D4F8B5
S32D0004FB500831D4F80C2184F8FF8020469847D4F828310133C4F8283100230121BD42C4F80011E65484F8046177
S32D0004FB78E5D1BDE8F08100BF2DE9F047E4B090F80090B9F15F0F00AF04460E46904600F0F680C049082220469D
S32D0004FBA007F0BCFE48B9237A2E2B00F0DB805F2B00F0D880242B00F0D5804FF0000A204607F03EFE23184FEA84
S32D0004FBC8400C0021FB60BCF5006F4FF01103C7E90C11C7E90E11BC607C61F862F961B96239643B61C7F820C094
S32D0004FBF000F2B280820000EB80036D46D01DA5EBC3039D4620F007006A46BAF1010FADEB000DBA61C7F824D001
S32D0004FC1800F0BC80AAF10203012B00F2BD80E37ABAF1020F08BF4FF0440904F10B0A18BF4FF045095F2BC7F870
S32D0004FC4014A003D1237B5A2B00F02A81BCF1000F40F3AE8050467A6007F0F2FD7A6800230121C2E90133F96179
S32D0004FC68002800F0A180C2E903A013704946002307F10800FAF764FB7C698146204607F0DBFD23187B61235CE7
S32D0004FC90002B40F08280B9F1000F7ED007F1440449462046C4E94433C4E94933C4E94633C4E94B33C4E94D33DE
S32D0004FCB8C4E94F337B60C4F8003184F80431C4F82031C4F84431C4F80861C4F80C81FAF7F9FBD4F81C21D4F80C
S32D0004FCE03811B2F5006FBCBF7B68C4F81C31D4F84431012901FB03F3E846B8BF0121A8EBC101012B8D46C4F8F8
S32D0004FD0844316846B8BF0123A0EBC3039D4600264A46C4F8301120461121C4F83CD1C4F84861FFF703F8D4F8A1
S32D0004FD300011D4F808316654C5462046D4F80C219847D4F81801B0FA80F04009AD4607F5C877BD46BDE8F087F3
S32D0004FD58084607F5C877BD46BDE8F087637A442B02D0492B7FF425AFA27A5F2A7FF421AF492B0CBF4FF0020A86
S32D0004FD804FF0030A1BE743785A2B7FF406AF4FF0010A14E7B9F15F0F0CD00020AD46D6E707F10800FAF75AFF48
S32D0004FDA87B6981461B786FE700225FE763785A2BEFD1A3780234472B7C6100F08180542B7ED0514607F1080018
S32D0004FDD0FCF728F881463B69DB0772D579690B782E2B7FF455AF00244B78A3F16102192A48D95F2B46D0303BD8
S32D0004FDF8092B62D808780B462E2818D193F801C0ACF1300CBCF1090F11D893F802C0ACF13002092A03F1020340
S32D0004FE2006D813F801CFACF1300EBEF1090FF8D9BCF12E0FE6D0D7E9072082427B61A3EB010C1DDAB86902EBBD
S32D0004FE48820E00EB8E030132BCF1000FC3E90144FA6111DDC3E9014400F82E40C3E9031C4A464E2107F1080032
S32D0004FE70FAF76AFA79690B782E2B8146B4D007E70023F1E78A1C134612F8010BA0F1610CBCF1190FF7D95F28DA
S32D0004FE98F5D0B1E7DCA10600637B0D34472B7C6107F1080005D0542B03D0FBF7B7FF0246DCE6FCF731F80246AD
S32D0004FEC0D8E67B691B78E3E607F10800FCF728F8814680E770B51378012B82B01546044603D9312B01D0062BE4
S32D0004FEE838D101266B68012B22DCD4F81C21B2F5806F1DDC013301326B601121D4F82C31C4F81C21C4F82CD1E4
S32D0004FF102A46204601930095FCF774FE6A68D4F81C310199C4F82C11013A013B6A60C4F81C3136B102B070BDCD
S32D0004FF380123C4F81831002EF8D1D4F80011FF2915D04A1C2923C4F80021635484F8043102B070BDD0F80011DE
S32D0004FF60FF2916D04A1C2823C4F800210026635484F80431BAE7D4E9423284F8FF6020469847D4F8283101220B
S32D0004FF881344C4F828313146DCE70026D0E9423280F8FF609847D4F8283101221344C4F828313146DBE700BFEC
S32D0004FFB02DE9F84FD368DB681B681978662978D11269D0F82471D2E9038A9AF800203C2A4FF0FF3208BFDAE926
S32D0004FFD803A9C0F824215B7818BF4FF000096C2B044600F0A28063D84C2B01D0522B57D1D4F80011FF2900F04C
S32D00050000EB804B1CC4F8003128236354524684F8043111212046784EFFF75CFF112142462046FFF771FD06F199
S32D00050028020BD4F800112E254FF0000A0BE00B46B34501F10101C4F80011E55484F8045119D016F8015FFF29A1
S32D00050050F1D1D4F80831D4F80C2184F8FFA020469847D4F828310133C4F8283100230121B345C4F80011E554AC
S32D0005007884F80451E5D1424611212046FFF740FD4A4611212046FFF721FFD4F80011FF297FD04A1C2923C4F87B
S32D000500A00021635484F80431C4F824710120BDE8F88F0020BDE8F88F722BF5D1D0F80011FF297BD04B1CC4F8E8
S32D000500C8003128236354524684F8043111212046484EFFF7FBFE424611212046FFF710FD06F10309D4F8001169
S32D000500F02E254FF000080AE00B4601314E45C4F80011E55484F80451CED016F8015FFF29F2D1D4F80831D4F8A4
S32D000501180C2184F8FF8020469847D4F828310133C4F8283101210023E4E7334DD0F80011282605F1030B4FF0DF
S32D0005014000090BE00B46AB4501F10101C4F80011E65484F8046119D015F8016FFF29F1D1D4F80831D4F80C212D
S32D0005016884F8FF9020469847D4F828310133C4F8283100230121AB45C4F80011E65484F80461E5D14246112119
S32D000501902046FFF7B9FC524677E70025D4F80831D4F80C2184F8FF5020469847D4F8283101221344C4F828314E
S32D000501B829466FE70025D0E9423280F8FF509847D4F828310133C4F828312946012376E70025D4E9423284F827
S32D000501E0FF5020469847D4F828310133C4F828312946012306E700BF40A406003CA5060034A506002DE9F041B4
S32D000502081E4684B0002840D00C46154609B1002A3BD0002329496A46CDE90033CDE90233FFF7AAFC002839D071
S32D00050230039B009FD3B9DDF80880002F3CD02CB3384607F0FDFA2B68984219D23946421C204605F0D1FA384616
S32D0005025804F02EFF27460EB100233360384604B0BDE8F0814FF00108002FE4D18EB14FF0FF3333600027F1E7BA
S32D00050280204604F019FFC5F80080E8E7002DFAD1E5E716B16FF0020333600027384604B0BDE8F081009804F050
S32D000502A807FF002EF5D06FF0010333600027D5E7002EEED0B8F1010FD9D0F4E70DA6040060B108B539B1FFF7C3
S32D000502D057FC002814BF00206FF0010008BD6FF0020008BD6FF00200704700BF08B5F7F7EFFC006830B190F804
S32D000502F82730012B04BF00687838006808BD00BF4068704710B543680C4A0D490446A3F10C00904282B021609F
S32D0005032005D12046F7F7BCFC204602B010BD53F8042C511E002A43F8041CF2DC01A9D5F751F8EEE7542D002071
S32D000503484CB2060010B543680E4A0F490446A3F10C00904282B0216008D12046F7F79CFC2046F7F77DF92046FA
S32D0005037002B010BD53F8042C511E002A43F8041CEFDC01A9D5F72EF8EBE700BF542D00204CB2060038B50A4B8D
S32D00050398044640F8043BD5F7C3FA204638BD03460D4620461C46F7F777FC013502D12046F7F774FBF7F75AFABA
S32D000503C04CB20600F0B585B000293CD0064608460C4607F035FA0546E8B101AA0021D4F795FF012D074600F16A
S32D000503E80C0318D0184621462A4605F001FA0346144CA7421DD103A930460393FFF7C6FF039BA3F10C00A042B3
S32D0005041008D105B0F0BD0E4BA3F10C04EFE722780273E9E753F8042C511E002A43F8041CEFDC02A9D4F7D6FF47
S32D00050438EBE73D603D440022BA602A73DBE70348E1F7F8FC542D0020602D0020107206000368104A1B689342FC
S32D0005046010D110B543680E4A0E490446A3F10C00904282B0216006D1204602B0BDE81040F7F70EBC184753F8B4
S32D00050488042C511E002A43F8041CF1DC01A9D4F7A5FFEDE70D030500542D00204CB206000149CFF7C9BB00BF56
S32D000504B020B20600174A20F0004393421ADD00B5B3F1FF4F83B005DB014601F02BFF03B05DF804FB694600F0FF
S32D000504D8EBF900F00302012A0199009809D0022A0FD05AB1012200F0E1FFECE7002100F0A7BB00F0DBFF00F1D8
S32D000505000040E4E700F0A0FBE1E700F09DFB00F10040DCE7D80F493F1A4A20F0004393421BDD00B5B3F1FF4F54
S32D0005052883B005DB014601F0F9FE03B05DF804FB694600F0B9F900F00300012801990CD0022813D068B10098B6
S32D0005055000F07AFB00F10040EBE70021002200F0A9BF009800F070FBE3E70098012200F0A1FFDEE700980122ED
S32D0005057800F09CFF00F10040D7E700BFD80F493FF8B504460D4600F041F8224606460F462B462046294601F0F5
S32D000505A00FFE30B9204629460022002301F0E0FD10B930463946F8BD03F0E8FA00220023212101601046194665
S32D000505C801F08AFC06460F4630463946F8BD00BF00F0E2B838B5044600F0DAFA21460546204602F06BF920B9B3
S32D000505F00021204602F03EF908B9284638BD03F0C5FA002121230360084602F049F80546284638BD614A8A43E3
S32D000506182DE9F84305460C4600F09E8000290B46844654DD091562D0C3F31303C807A1F2FF3743F4801304D4E8
S32D000506405B0003EBDC734FEA4C0C4FEADC72002602EB43037F104FEA4C0C4FF0160E34464FF40012A118994298
S32D0005066802DC5B1A8C1816445B00BEF1010E03EBDC734FEA52024FEA4C0CEFD1754620204FF000420AE043D061
S32D000506904FEADC71013801EB43034FEA4C0C4FEA520242D0A34202EB0E01F0DD002901EB020E0ADBA0461B1B42
S32D000506B8614588BF03F1FF33ACEB010C15444446E2E7BEF1000FF1DB04F10108EFE721F00042024336D0002987
S32D000506E04CD14FEADC22153913464FEA4C5C002AF7D0D6024CD400205B00DD02044600F10100F9D51A466346B5
S32D000507080CFA00FCC0F12000C340091B13438BE76145B9D8002901EB020ED2DB98460023CAE753EA0C0311D113
S32D000507306808731003F17F5303F50013F20748BF40F0004003EB075905464C4628462146BDE8F883691C16BFE8
S32D00050758681C01364008E8E702460B4601F092FA2A46234601F0D8F805460C4628462146BDE8F883024601F021
S32D00050780CDF802460B4601F0ABFB05460C46DDE7634620204FF0FF34BAE700BF0000F07F70B521F00045B5F1A5
S32D000507A8FF4F0A4603462CDC20F00046B6F1FF4F844626DCB1F17E5F35D08C1704F0020444EAD07416B33DB3CC
S32D000507D0B5F1FF4F33D0B6F1FF4F21D0751BB5F1F45F4FEAE55028DA002933DA3C3031DA0020012C3FD0022CE9
S32D000507F835D02CB1244901F093FD244901F08EFD70BD1946104601F08BFD70BD022C08D0032CF5D11E4870BDFF
S32D00050820BCF1000F07DB1D4870BD1A4870BDBDE8704000F0B5BE1A4870BD1848D9E7B6F1FF4F04F1FF3419D079
S32D00050848022C1DD8154B53F8240070BD1146184601F022FF00F0B8FF00F09EFEC5E70A4901F05EFD0146094881
S32D0005087001F058FD70BD00F1004070BD022C05D8094B53F8240070BD002070BD074870BD2EBDBB33DB0F494074
S32D00050898DB0F49C0DB0FC93FDB0FC9BF64B2060058B20600DB0F493F2DE9F04FAB4A20F00044944289B00D4638
S32D000508C06CDDA94A944207461CDC0028A74940F31E8101F027FDA64B24F00F049C4206466BD0A44901F01EFD39
S32D000508E801462860304601F019FDA04901F016FD01266860304609B0BDE8F08F9C4A94426CDDB4F1FF4F4DDA43
S32D00050910E615863EA4EBC654204601F0E9FF01F0B7FD01462046059101F0FCFC4FF0874101F002FE804601F08D
S32D00050938DBFF01F0A9FD044621464046069401F0EDFC4FF0874101F0F3FD0021079001F083FF002800F0B8800D
S32D000509600021204601F07CFF002814BF01230223824A0192022200922946324605A800F029FA002F0646B9DA63
S32D00050988D5E9002302F1004203F100432A606B604642AFE700262860002230464A6009B0BDE8F08F014601F077
S32D000509B0B9FC002668602860A0E7714901F0B2FC7049044601F0AEFC01462860204601F0A9FC6C4901F0A6FC58
S32D000509D801266860304609B0BDE8F08F00F0F4FE6749804601F0A4FD4FF07C5101F098FC01F07AFF064601F088
S32D00050A0047FD5A49834601F097FD0146404601F089FC58498246584601F08EFD1F2E81460146504620DC721E4B
S32D00050A28584B53F8223024F0FF029A4218D001F075FC8046C5F800804146504601F06EFC494601F06BFC002F8F
S32D00050A506860BFF653AF08F1004800F10040C5F800806860764249E701F05CFCC0F3C753C3EBD453082B8046B1
S32D00050A784FEAE452DEDD40490392584601F058FD80460146504601F049FC04462146504601F044FC414601F056
S32D00050AA041FC38498046584601F046FD414601F039FC01468146204601F034FC039AC0F3C753D21A192A80462C
S32D00050AC804DC2860A246B7E703234DE72E49584601F02EFD01468046204601F01FFC82465146204601F01AFC37
S32D00050AF0414601F017FC27490446584601F01CFD214601F00FFC81460146504693E701F00BFC174B24F00F04E4
S32D00050B189C4206460ED0154901F002FC01462860304601F0FBFB114901F0FAFB4FF0FF366860DFE6104901F09E
S32D00050B40F3FB1049044601F0EFFB01462860204601F0E8FB0B4901F0E7FB4FF0FF366860CCE600BFD80F493FCA
S32D00050B68E3CB1640800FC93FD00FC93F43443537800F4943F0B206000044353708A3852E84F9223F70B206000E
S32D00050B9000A3852E32318D2420F00042B2F1FF4F10B5044633D28AB30028034641DB10F0FF4F4FEAE05431D0EB
S32D00050BB8C3F31603E20743F40003A4F17F0058BF5B00002144105B004FF0190C08464FF0807200EB020E9E4501
S32D00050BE004DC0EEB0200A3EB0E031144BCF1010C4FEA43034FEA5202EFD113B1013121F00101481000F17C506F
S32D00050C0800EBC45010BD014601F092FC214601F087FB10BD10F400020ED15B001802114602F10102F9D5641A8D
S32D00050C30C2E7014601F076FB014601F031FD10BD4FF0FF31F3E700BF2DE9F84320F00045B5F1485F06468846F7
S32D00050C584ADA01F049FE002800F09F803146304601F066FC4F49044601F062FC4E4901F057FB214601F05CFCDB
S32D00050C804C4901F04FFB214601F056FC4A4901F04BFB214601F050FC484901F043FB214601F04AFC464901F07B
S32D00050CA83FFB214601F044FC07464FF07C51204601F03EFC3946034620461C4601F038FC41460546304601F06F
S32D00050CD033FC0146284601F025FB0146204601F021FB01464FF07E5001F01CFBBDE8F883014601F021FC2D49FB
S32D00050CF8044601F01DFC2C4901F012FB214601F017FC2A4901F00AFB214601F011FC284901F006FB214601F00E
S32D00050D200BFC264901F0FEFA214601F005FC244901F0FAFA214601F0FFFB224B9D420746B7DD214B9D4228DCC8
S32D00050D4805F17F454FF07E50294601F0E7FA81464FF07C51204601F0EBFB294601F0DEFA3946034620461C4698
S32D00050D7001F0E2FB41460546304601F0DDFB0146284601F0CFFA0146204601F0CBFA0146484601F0C7FABDE873
S32D00050D98F883DFF830900C4DDAE74FF07E50BDE8F88300BF4ED747ADF6740F317CF29334010DD037610BB63AA7
S32D00050DC0ABAA2A3D9999993E0000483F0000383F0000903E2DE9F04FDDB01C4606930991A64B66990B9253F820
S32D00050DE821300393111D04F1FF3305460193C0F2EE82D31E48BF131DDB1005930133DB000A93DDE90A239B1A9C
S32D00050E100493059A019BD61A039A12EB030818D408F10108DDF89C91B044002420AF08E059F8260001F02CFBFA
S32D00050E380136464547F8040B07D0002EF4DA01362046464547F8040BF7D1039B002BC0F21283069B019E20AA4C
S32D00050E6002EB83079A000092039A291F02910DF5907802EB030901EB8305019B002BB8BF002410DBDDF808A003
S32D00050E88BB4600245BF8041D5AF8040F01F050FB0146204601F044FAAA450446F2D101364E4548F8044B07F1D4
S32D00050EB00407E2D1029B009DDDF80C901D440BAB03EB890308930CAB03EB8903083B07935CAB03EB8903B9F141
S32D00050ED8000F53F850AC4FEA890821DD48AF07EB89040CAE4FF06E51504601F021FB01F0FBFC01F0C9FA4FF01D
S32D00050F008741834601F018FB0146504601F00AFA01F0EEFC54F8041D46F8040B584601F003FABC428246E1D1BE
S32D00050F28049E5046314600F093FC4FF07851044601F0FEFA00F04CFC4FF0824101F0F8FA0146204601F0EAF98F
S32D00050F50044601F0CDFC824601F09AFA0146204601F0E0F9002E044640F38A8009F1FF300CAAC6F1080352F806
S32D00050F78202042FA03F101FA03F3D31AC6F107060CAA43FA06F6002E42F820308A447DDC0021204601F060FC92
S32D00050FA0002800F0CE80039B09F1FF34A34210DC09F180430CAA013B089802EB8303002253F80419834242EADF
S32D00050FC80102F9D1002A40F01081039B0CAA013B52F82330002B40F00281079B012753F804290137002AFAD0C5
S32D00050FF009EB070309F1010A0093D046069B679A03EB0906059B534403F18043013B02EB830920AB03EB86069B
S32D0005101848AB03EB8A0A59F8040F01F035FA019B3060002B344606F104061ADBDDF808B0043C002701E054F8C4
S32D0005104004095BF8041F01F077FA0146384601F06BF9AB450746F2D1009B4AF8047B08F101089845DBDD9946AC
S32D0005106832E7009B08F10108002798454AF8047BD1DDF4E734B6060040F0998009F1FF330CAA52F82360F61162
S32D00051090002E81DDB9F1000F0AF1010A40F3A0810C9F002F7FD1B9F1010F1BD00CAB012253F8047F002F79D09F
S32D000510B8531C0CA9C7F58077994541F822700CDD51F82320884401EB830300E01A68C2F1FF0243F8042B4345CA
S32D000510E0F8D10127049B002B0EDD012B00F06881022B09D109F1FF320CAB0CA953F8223003F03F0341F8223037
S32D00051108022E7FF445AF21464FF07E5001F006F90446002F3FF43CAF04994FF07E5000F097FB0146204601F058
S32D00051130F9F804460021204601F092FB00287FF432AFDDE90A322046991A009600F084FB4FF08741044601F06E
S32D00051158A1FB002800F06B81049B4FF06E5108332046049301F0E4F901F0BEFB01F08CF94FF08741054601F0BE
S32D00051180DBF90146204601F0CDF801F0B1FB0CAB09F1010443F82900284601F0A9FB0CAB43F824003BE00123F6
S32D000511A8002286E701324A457FF47EAF96E74FF07C5101F06FFB064600283FF4E9AEB9F1000F0AF1010AC8BFBB
S32D000511D002263FF765AF21464FF07E5001F0A2F802260446D8E609F1010AD046CDF800A004E7049B0096A3F117
S32D000511F808020CAB049253F8243063B909F18043023B0CA901EB830353F80419013C083A0029F9D00492049985
S32D000512204FF07E5000F018FB002C0746C0F22D81A30048AA02EB030801930433029330334FF06E560DEB03095B
S32D0005124808F1040559F8040D01F01EF9394601F06FF9314645F8040D384601F069F90CAB99450746EED1DDF823
S32D000512700C90CDF810A0A8F104080027A346B9F1000FB8BF002515DB884C8948C2460025002603E0B7420DDB84
S32D0005129854F8040F5AF8041F01F04AF90146284601F03EF80136B1450546EFDA5CAB03EB8703BB4543F8A05C48
S32D000512C0A8F1040807F1010301D01F46D7E7669ADDF810A0022A5C4618DC002A00F382800FD1029C34AD2C4431
S32D000512E8002054F8041D01F01BF8A542F9D1009B0BB100F10040099B18600AF007005DB0BDE8F08F669B032B8C
S32D00051310F7D1002C00F0C680019A02F5B8736B4434AE53F8A05CB71857F8049C2846494600F0FAFFA84605460E
S32D000513382946484600F0F2FF414600F0F1FF386047F8045DBE42EBD1012C40F3A780019A02F5B8736B44B71887
S32D0005136053F8A04C3D460DF1D40855F804BC2046594600F0D9FFA14604462146584600F0D1FF494600F0D0FFA8
S32D00051388286045F8044DA845EBD104370836002057F8041D00F0C4FFBE42F9D1009B002B4DD10999349A359BC9
S32D000513B088600AF007000A604B605DB0BDE8F08F09F1FF320CAB0CA953F8223003F07F0341F8223098E60823FE
S32D000513D80A930023059314E500277FE634AE06EB8305002055F8041D00F09AFFAE42F9D1009B002B34D1099B6A
S32D0005140001461860349800F08DFF002C0CDD34AE012556F8041F013500F086FFAC42F8DA009B0BB100F1004031
S32D00051428099B58600AF007005DB0BDE8F08F204601F05AFA0CAB4C4643F82900EBE6DDE93423099900F10040EA
S32D0005145002F1004203F1004388600AF007000A604B605DB0BDE8F08F099A00F1004301461360349800F056FF2C
S32D00051478002CC8DCD2E72B1F0293069B9B00009314E5669B022B05DC002B09DC7FF435AF00202CE7669B032B39
S32D000514A07FF42FAF00207DE70020A5E708B606000000C93F2DE9F84320F00043B3F1485F04460E46904603DA8C
S32D000514C801F012FA002858D02146204601F030F805460146204601F02BF829498146284601F026F8274900F09C
S32D000514F019FF294601F020F8254900F015FF294601F01AF8234900F00DFF294601F014F8214900F009FF0746D2
S32D00051518B8F1000F22D04FF07C51304601F008F839468046484601F003F80146404600F0F5FE294600F0FCFFBA
S32D00051540314600F0EFFE15490546484600F0F4FF0146284600F0E8FE0146204600F0E2FEBDE8F883014628462D
S32D0005156800F0E6FF0B4900F0D9FE494600F0E0FF214600F0D5FEBDE8F8832046BDE8F883D3C92E2F342FD732CD
S32D000515901BEF3836010D50398988083CABAA2A3E2DE9F04120F00045B5F1A14F0446074607DBB5F1FF4F71DC1B
S32D000515B800287FDD7048BDE8F081704B9D427CDCB5F1445F6BDB4FF0FF382146204600F0AFFF0146064600F0C9
S32D000515E0ABFF6949054600F0A7FF684900F09CFE294600F0A1FF664900F096FE294600F09BFF644900F090FE0A
S32D00051608294600F095FF624900F08AFE294600F08FFF604900F084FE314600F089FF5E490646284600F084FFCE
S32D000516305C4900F077FE294600F07EFF5A4900F071FE294600F078FF584900F06BFE294600F072FF564900F070
S32D0005165865FE294600F06CFFB8F1FF3F014630464AD000F05DFE214600F062FF4F4B53F8281000F053FE2146AC
S32D0005168000F050FE4C4B014653F8280000F04AFE002F94DA00F10040BDE8F081014600F043FEBDE8F081454970
S32D000516A800F03EFE4FF07E5101F0FEF800288AD0204680E74048BDE8F08100F085F83F4B9D42044623DCA3F54A
S32D000516D0D0039D4241DC014600F026FE4FF07E5100F020FE4FF080410546204600F01CFE0146284600F0D4FF6E
S32D000516F84FF00008044668E700F012FE214600F017FF0146204600F009FEBDE8F0812C4B9D4216DC4FF07F5161
S32D0005172000F000FE4FF07F51034620461C4600F003FF4FF07E5100F0F7FD0146204600F0AFFF4FF002080446C6
S32D0005174843E721461F4800F0A7FF4FF0030804463BE74FF07E5100F0E1FD4FF07E510546204600F0DDFD01467E
S32D00051770284600F095FF4FF00108044629E700BFDB0FC93FFFFFDF3ED769853C59DA4B3D356B883D6E2EBA3D32
S32D000517982549123EABAAAA3E21A215BD6BF16E3D95879D3D388EE33DCDCC4C3E50B6060040B60600CAF249710A
S32D000517C0DB0FC9BFFFFF973FFFFF1B40000080BF20F00040704700BFF8B5C0F3C7557F3D162D044620F0004736
S32D000517E824DC002D064614DB164F2F4138421BD0154900F095FD002101F056F8A0B1002C04DA4FF4000343FA0E
S32D0005181005F52E4426EA0700F8BD0D4900F084FD002101F045F818B1002C0ADB0020F8BD2046F8BDB7F1FF4F97
S32D00051838FAD3014600F074FDF8BD002FF4D00348F8BD00BFFFFF7F00CAF24971000080BF30F0004C034625D0C5
S32D00051860BCF1FF4F10B51DD210F0FF4F02460C461DD14FF0984100F05FFE234A9442034632DBC0F3C75C0246B4
S32D00051888ACF1190000EB040CBCF1FE0F12DD1D49184661F31E0000F04BFE10BD014600F03FFD10BD70474FEA67
S32D000518B0DC5000EB040CBCF1FE0FECDCBCF1000F0DDC1CF1160F13DA4CF250329442E2DC0F49184661F31E001C
S32D000518D800F02EFE10BD22F0FF4040EACC5010BD094900F025FE10BD0CF1190022F0FF424FF04C5142EAC050DD
S32D0005190000F01AFE10BD00BFB03CFFFFCAF249716042A20D81F0004102E000BF83F0004330B54FEA41044FEACA
S32D00051928430594EA050F08BF90EA020F1FBF54EA000C55EA020C7FEA645C7FEA655C00F0E2804FEA5454D4EBA6
S32D000519505555B8BF6D420CDD2C4480EA020281EA030382EA000083EA010180EA020281EA0303362D88BF30BD0B
S32D0005197811F0004F4FEA01314FF4801C4CEA113102D0404261EB410113F0004F4FEA03334CEA133302D05242A5
S32D000519A063EB430394EA050F00F0A780A4F10104D5F1200E0DDB02FA0EFC22FA05F2801841F1000103FA0EF280
S32D000519C8801843FA05F359410EE0A5F120050EF1200E012A03FA0EFC28BF4CF0020C43FA05F3C01851EBE371AF
S32D000519F001F0004507D54FF0000EDCF1000C7EEB00006EEB0101B1F5801F1BD3B1F5001F0CD349085FEA300027
S32D00051A184FEA3C0C04F101044FEA445212F5800F80F09A80BCF1004F08BF5FEA500C50F1000041EB045141EADC
S32D00051A40050130BD5FEA4C0C404141EB0101013C28BFB1F5801FE9D291F0000F04BF01460020B1FA81F308BF6C
S32D00051A682033A3F10B03B3F120020CDA0C3208DD02F1140CC2F10C0201FA0CF021FA02F10CE002F11402D8BF22
S32D00051A90C2F1200C01FA02F120FA0CFCDCBF41EA0C019040E41AA2BF01EB0451294330BD6FEA04041F3C1CDAE6
S32D00051AB80C340EDC04F11404C4F1200220FA04F001FA02F340EA030021FA04F345EA030130BDC4F10C04C4F116
S32D00051AE0200220FA02F001FA04F340EA0300294630BD21FA04F0294630BD94F0000F83F4801306BF81F4801157
S32D00051B080134013D4EE77FEA645C18BF7FEA655C29D094EA050F08BF90EA020F05D054EA000C04BF1946104664
S32D00051B3030BD91EA030F1EBF0021002030BD5FEA545C05D14000494128BF41F0004130BD14F580043CBF01F5A0
S32D00051B58801130BD01F0004545F0FE4141F470014FF0000030BD7FEA645C1ABF194610467FEA655C1CBF0B4653
S32D00051B80024650EA013406BF52EA033591EA030F41F4002130BD00BF90F0000F04BF0021704730B54FF480647D
S32D00051BA804F132044FF000054FF0000150E700BF90F0000F04BF0021704730B54FF4806404F1320410F00045BF
S32D00051BD048BF40424FF000013EE700BF42004FEAE2014FEA31014FEA02701FBF12F07F4393F07F4F81F06051AC
S32D00051BF8704732F07F4208BF704793F07F4F04BF41F40021704730B54FF4607401F0004521F000411CE700BF3B
S32D00051C2050EA010208BF704730B54FF000050AE050EA010208BF704730B511F0004502D5404261EB41014FF4B3
S32D00051C48806404F132045FEA915C3FF4D8AE4FF003025FEADC0C18BF03325FEADC0C18BF033202EBDC02C2F12F
S32D00051C70200300FA03FC20FA02F001FA03FE40EA0E0021FA02F11444BDE600BF70B54FF0FF0C4CF4E06C1CEA1C
S32D00051C9811541DBF1CEA135594EA0C0F95EA0C0F00F0DEF82C4481EA030621EA4C5123EA4C5350EA013518BFF2
S32D00051CC052EA033541F4801143F4801338D0A0FB02CE4FF00005E1FB02E506F00042E0FB03E54FF00006E1FB57
S32D00051CE803569CF0000F18BF4EF0010EA4F1FF04B6F5007F64F5407404D25FEA4E0E6D4146EB060642EAC62169
S32D00051D1041EA55514FEAC52040EA5E504FEACE2EB4F1FD0C88BFBCF5E06F1ED8BEF1004F08BF5FEA500E50F10C
S32D00051D38000041EB045170BD06F0004646EA010140EA020081EA0301B4EB5C04C2BFD4EB0C0541EA045170BDC4
S32D00051D6041F480114FF0000E013C00F3AB8014F1360FDEBF002001F0004170BDC4F10004203C35DA0C341BDC21
S32D00051D8804F11404C4F1200500FA05F320FA04F001FA05F240EA020001F0004221F0004110EBD37021FA04F64B
S32D00051DB042EB06015EEA430E08BF20EAD37070BDC4F10C04C4F1200500FA04F320FA05F001FA04F240EA020036
S32D00051DD801F0004110EBD37041F100015EEA430E08BF20EAD37070BDC4F1200500FA05F24EEA020E20FA04F337
S32D00051E0001FA05F243EA020321FA04F001F0004121FA04F220EA020000EBD3705EEA430E08BF20EAD37070BD25
S32D00051E2894F0000F0FD101F00046400041EB010111F4801F08BF013CF7D041EA060195F0000F18BF704703F0B9
S32D00051E500046520043EB030313F4801F08BF013DF7D043EA0603704794EA0C0F0CEA135518BF95EA0C0F0CD0F0
S32D00051E7850EA410618BF52EA4306D1D181EA030101F000414FF0000070BD50EA410606BF1046194652EA43062B
S32D00051EA019D094EA0C0F02D150EA013613D195EA0C0F05D152EA03361CBF104619460AD181EA030101F0004174
S32D00051EC841F0FE4141F470014FF0000070BD41F0FE4141F4780170BD70B54FF0FF0C4CF4E06C1CEA11541DBFD8
S32D00051EF01CEA135594EA0C0F95EA0C0F00F0A7F8A4EB050481EA030E52EA03354FEA013100F088804FEA033335
S32D00051F184FF0805545EA131343EA12634FEA022245EA111545EA10654FEA00260EF000419D4208BF964244F1E4
S32D00051F40FD0404F5407402D25B084FEA3202B61A65EB03055B084FEA32024FF480104FF4002CB6EB020E75EBD1
S32D00051F68030E22BFB61A754640EA0C005B084FEA3202B6EB020E75EB030E22BFB61A754640EA5C005B084FEA13
S32D00051F903202B6EB020E75EB030E22BFB61A754640EA9C005B084FEA3202B6EB020E75EB030E22BFB61A754638
S32D00051FB840EADC0055EA060E18D04FEA051545EA16754FEA06164FEAC30343EA52734FEAC2025FEA1C1CC0D153
S32D00051FE011F4801F0BD141EA00014FF000004FF0004CB6E711F4801F04BF01430020B4F1FD0C88BFBCF5E06FFB
S32D000520083FF6AFAEB5EB030C04BFB6EB020C5FEA500C50F1000041EB045170BD0EF0004E4EEA113114EB5C0439
S32D00052030C2BFD4EB0C0541EA045170BD41F480114FF0000E013C90E645EA060E8DE60CEA135594EA0C0F08BF45
S32D0005205895EA0C0F3FF43BAF94EA0C0F0AD150EA01347FF434AF95EA0C0F7FF425AF104619462CE795EA0C0F22
S32D0005208006D152EA03353FF4FDAE1046194622E750EA410618BF52EA43067FF4C5AE50EA41047FF40DAF52EA99
S32D000520A843057FF4EBAE12E74FF0FF3C06E000BF4FF0010C02E000BF4FF0010C4DF804CD4FEA410C7FEA6C5C93
S32D000520D04FEA430C18BF7FEA6C5C1BD001B050EA410C0CBF52EA430C91EA030F02BF90EA020F0020704710F123
S32D000520F8000F91EA030F58BF994208BF90422CBFD8176FEAE37040F0010070474FEA410C7FEA6C5C02D150EA5C
S32D00052120013C07D14FEA430C7FEA6C5CD6D152EA033CD3D05DF8040B704700BF8446104662468C46194663467D
S32D0005214800E000BF01B5FFF7B7FF002848BF10F1000F01BD4DF808EDFFF7F4FF0CBF012000205DF808FB00BF20
S32D000521704DF808EDFFF7EAFF34BF012000205DF808FB00BF4DF808EDFFF7E0FF94BF012000205DF808FB00BF1E
S32D000521984DF808EDFFF7CEFF94BF012000205DF808FB00BF4DF808EDFFF7C4FF34BF012000205DF808FB00BF2E
S32D000521C04FEA410C7FEA6C5C02D150EA013C0AD14FEA430C7FEA6C5C02D152EA033C02D14FF0000070474FF001
S32D000521E8010070474FEA410212F5001215D211D56FF47873B3EB625212D94FEAC12343F0004343EA505311F0BB
S32D00052210004F23FA02F018BF404270474FF00000704750EA013005D111F0004008BF6FF0004070474FF0000059
S32D00052238704700BF4A0011D212F5001211D20DD56FF47873B3EB62520ED44FEAC12343F0004343EA505323FAF0
S32D0005226002F070474FF00000704750EA013002D14FF0FF3070474FF0000070474FEA4102B2F1E04324BFB3F586
S32D00052288001CDCF1FE5C0DD901F0004C4FEAC0024CEA5070B2F1004F40EB830008BF20F00100704711F0804FCD
S32D000522B021D113F13872BCBF01F00040704741F480114FEA5252C2F11802C2F1200C10FA0CF320FA02F018BFBD
S32D000522D840F001004FEAC1234FEAD32303FA0CFC40EA0C0023FA02F34FEA4303CCE77FEA625307D150EA013373
S32D000523001EBF4FF0FE4040F44000704701F0004040F0FE4040F40000704700BF80F0004002E000BF81F00041D9
S32D0005232842001FBF5FEA410392EA030F7FEA226C7FEA236C6AD04FEA1262D2EB1363C1BFD2184140484041404A
S32D00052350B8BF5B42192B88BF704710F0004F40F4000020F07F4018BF404211F0004F41F4000121F07F4118BF2B
S32D00052378494292EA030F3FD0A2F1010241FA03FC10EB0C00C3F1200301FA03F100F0004302D5494260EB40004D
S32D000523A0B0F5000F13D3B0F1807F06D340084FEA310102F10102FE2A51D2B1F1004F40EBC25008BF20F00100FD
S32D000523C840EA03007047490040EB0000013A28BFB0F5000FEDD2B0FA80FCACF1080CB2EB0C0200FA0CF0AABF14
S32D000523F000EBC25052421843BCBFD0401843704792F0000F81F4000106BF80F400000132013BB5E74FEA410369
S32D000524187FEA226C18BF7FEA236C21D092EA030F04D092F0000F08BF0846704790EA010F1CBF0020704712F0DD
S32D000524407F4F04D1400028BF40F00040704712F100723CBF00F50000704700F0004343F0FE4040F400007047CD
S32D000524687FEA226216BF08467FEA23630146420206BF5FEA412390EA010F40F4800070474FF0000304E000BF6B
S32D0005249010F0004348BF40425FEA000C08BF704743F0964301464FF000001CE050EA010208BF70474FF00003EF
S32D000524B80AE000BF50EA010208BF704711F0004302D5404261EB41015FEA010C02BF84460146002043F0B643EE
S32D000524E008BFA3F18053A3F50003BCFA8CF2083AA3EBC25310DB01FA02FC634400FA02FCC2F12002BCF1004F93
S32D0005250820FA02F243EB020008BF20F00100704702F1200201FA02FCC2F1200250EA4C0021FA02F243EB02002B
S32D0005253008BF20EADC7070474FF0FF0C1CEAD0521EBF1CEAD15392EA0C0F93EA0C0F6FD01A4480EA010C4002A6
S32D0005255818BF5FEA41211ED04FF0006343EA501043EA5111A0FB01310CF00040B1F5000F3EBF490041EAD371AF
S32D000525805B0040EA010062F17F02FD2A1DD8B3F1004F40EBC25008BF20F00100704790F0000F0CF0004C08BF55
S32D000525A849024CEA502040EA51207F3AC2BFD2F1FF0340EAC250704740F400004FF00003013A5DDC12F1190F6D
S32D000525D0DCBF00F000407047C2F10002410021FA02F1C2F1200200FA02FC5FEA310040F1000053EA4C0308BF87
S32D000525F820EADC70704792F0000F00F0004C02BF400010F4000F013AF9D040EA0C0093F0000F01F0004C02BFF8
S32D00052620490011F4000F013BF9D041EA0C018FE70CEAD15392EA0C0F18BF93EA0C0F0AD030F0004C18BF31F019
S32D00052648004CD8D180EA010000F00040704790F0000F17BF90F0004F084691F0000F91F0004F14D092EA0C0FBB
S32D0005267001D142020FD193EA0C0F03D14B0218BF084608D180EA010000F0004040F0FE4040F40000704740F066
S32D00052698FE4040F4400070474FF0FF0C1CEAD0521EBF1CEAD15392EA0C0F93EA0C0F69D0A2EB030280EA010CBC
S32D000526C049024FEA402037D04FF0805343EA111143EA10130CF000408B4238BF5B0042F17D024FF4000C8B4222
S32D000526E824BF5B1A40EA0C00B3EB510F24BFA3EB510340EA5C00B3EB910F24BFA3EB910340EA9C00B3EBD10F61
S32D0005271024BFA3EBD10340EADC001B0118BF5FEA1C1CE0D1FD2A3FF650AF8B4240EBC25008BF20F00100704732
S32D000527380CF0004C4CEA50207F32C2BFD2F1FF0340EAC250704740F400004FF00003013A37E792F0000F00F046
S32D00052760004C02BF400010F4000F013AF9D040EA0C0093F0000F01F0004C02BF490011F4000F013BF9D041EA8F
S32D000527880C0195E70CEAD15392EA0C0F08D142027FF47DAF93EA0C0F7FF470AF084676E793EA0C0F04D14B0299
S32D000527B03FF44CAF08466EE730F0004C18BF31F0004CCAD130F000427FF45CAF31F000437FF43CAF5FE700BF33
S32D000527D84FF0FF3C06E000BF4FF0010C02E000BF4FF0010C4DF804CD4FEA40024FEA41037FEA226C18BF7FEA31
S32D00052800236C11D001B052EA530C18BF90EA010F58BFB2EB030088BFC81738BF6FEAE17018BF40F0010070474B
S32D000528287FEA226C02D15FEA402C05D17FEA236CE4D15FEA412CE1D05DF8040B704700BF844608466146FFE795
S32D000528500FB5FFF7C9FF002848BF10F1000F0FBD4DF808EDFFF7F4FF0CBF012000205DF808FB00BF4DF808ED48
S32D00052878FFF7EAFF34BF012000205DF808FB00BF4DF808EDFFF7E0FF94BF012000205DF808FB00BF4DF808ED0F
S32D000528A0FFF7D2FF94BF012000205DF808FB00BF4DF808EDFFF7C8FF34BF012000205DF808FB00BF4FEA4002D6
S32D000528C84FEA41037FEA226C02D15FEA402C08D17FEA236C02D15FEA412C02D14FF0000070474FF001007047C7
S32D000528F04FEA4002B2F1FE4F0FD34FF09E03B3EB12620DD94FEA002343F0004310F0004F23FA02F018BF404207
S32D0005291870474FF00000704712F1610F01D1420205D110F0004008BF6FF0004070474FF00000704753B94AB91E
S32D00052940002908BF00281CBF4FF0FF314FF0FF3001F0E4B8ADF1080C6DE904CE00F006F8DDF804E0DDE902239B
S32D0005296804B070472DE9F047089E0D4604468846002B4DD18A42944668D9B2FA82F252B101FA02F3C2F120015C
S32D0005299020FA01F10CFA02FC41EA030894404FEA1C45210CB8FBF5FE1FFA8CF705FB1E8341EA03430EFB07F1DE
S32D000529B899420BD91CEB03030EF1FF3080F01E81994240F21B81AEF1020E63445B1AA4B2B3FBF5F005FB103343
S32D000529E044EA034400FB07F7A7420AD91CEB040400F1FF3380F00881A74240F2058164440238E41B40EA0E4065
S32D00052A0800211EB1D4400023C6E90043BDE8F0878B4208D9002E00F0EE800021C6E900050846BDE8F087B3FA40
S32D00052A3083F100294AD1AB4202D3824200F2F980841A65EB030301209846002EE2D0C6E90048DFE702B9FFDEA2
S32D00052A58B2FA82F2002A40F09180A1EB0C054FEA1C471FFA8CFE0121B5FBF7F307FB1350250C45EA00450EFB15
S32D00052A8003F0A84208D91CEB050503F1FF3802D2A84200F2CB8043462D1AA4B2B5FBF7F007FB105544EA054493
S32D00052AA80EFB00FEA64508D91CEB040400F1FF3502D2A64500F2BB802846A4EB0E0440EA03409EE7C1F120072E
S32D00052AD08B4022FA07FC4CEA030C20FA07F405FA01F31C43FD404FEA1C4900FA01F3B5FBF9F8200C1FFA8CFE04
S32D00052AF809FB185540EA054508FB0EF0A84202FA01F20BD91CEB050508F1FF3A80F08880A84240F28580A8F193
S32D00052B20020865442D1AA4B2B5FBF9F009FB105544EA054500FB0EFEAE4508D91CEB050500F1FF346CD2AE4577
S32D00052B486AD90238654440EA0840A0FB0294A5EB0E05A542C846A64656D353D05EB1B3EB080265EB0E0505FAA8
S32D00052B7007F722FA01F3CD401F43C6E900750021BDE8F087C2F1200320FA03F10CFA02FC25FA03F395400D4332
S32D00052B984FEA1C471FFA8CFEB3FBF7F107FB11302B0C43EA004301FB0EF0984204FA02F408D91CEB030301F1A3
S32D00052BC0FF382FD298422DD9023963441B1AADB2B3FBF7F007FB103345EA034500FB0EF3AB4208D91CEB050528
S32D00052BE800F1FF3816D2AB4214D902386544ED1A40EA014138E73146304607E78646E5E61846FAE64B45A9D2A0
S32D00052C10B9EB020864EB0C0E0138A3E74046EAE7204694E74146D1E7D0467BE7023B654432E7084609E76444E3
S32D00052C38023842E703685A004CBF43F0004323F000431844704700BF2DE9F84329B34F1E044615463E464FF096
S32D00052C60000808EB060101EBD171491004EBC1094846FFF7E3FF0346C80008308F42204409D0AB4209D8FFF77E
S32D00052C88D9FF0138A8420AD201F10108E5E7AB4205D9884501D04E1EDFE74FF000094846BDE8F883012807D0EA
S32D00052CB0022807D0044B00280CBF184600207047024870470248704785330500893305008D33050030B5234BE1
S32D00052CD883B004468D1E3BB301A92846AFF30080E8B101992A46FFF7AFFF0146B8B1FFF7A1FF4B68A064012B09
S32D00052D002CD0002B01F1040024DBFFF797FF0023C4E913030368002B11DBFFF78FFF2061002003B030BD0023A8
S32D00052D280920236103B030BD0D4B0E49C91AC91018460191D6E7C3F30360FFF7B3FF0028206114BF002009208D
S32D00052D5003B030BD0123C4E91303DBE7002323610520DEE700000000C0EF0600500307000368DA0710B504460C
S32D00052D7806D49B0700F1480009D500F05BFC2368590709D51A070ED5DB0613D510BD00F049FC23685907F5D402
S32D00052DA004F1D00000F052FC23681A07F0D404F5A87000F053FC2368DB06EBD404F5E870BDE8104000F08EBC92
S32D00052DC8092070470346006800B11844704700BF704700BF70B504460E46316C2046FFF775FF054688B9326CF4
S32D00052DF06261236932462146012098470828F0D0072806D12846316CFFF7E6FF301D00F001FC00F085FE00BF3A
S32D00052E182DE9F0470D1DD0F80C80D0F81890074614460FCDADF5727D0DF10C0CACE80F000FCDACE80F000FCD24
S32D00052E40ACE80F0095E80F0002AE4FF0000E8CE80F00C6F800E020E0336C7B614FF4F07231467AA802F0C8FCA3
S32D00052E683B697AAA394650469847889B73642146CDE9006905463B463A460120C0470446E0B94FF4F0727AA9DC
S32D00052E90304602F0B1FC082D1AD1316C3846FFF719FF09345FFA84FA05460028D4D0B36B73643A46CDE90069F2
S32D00052EB83B464AF010010120C04700B1092528460DF5727DBDE8F087072DF7D12046316CFFF77EFF03A800F08C
S32D00052EE099FB00BF406C7047F0B5CB6B0B6401F1040C0E460546BCE80F00F9B001AC0FC4BCE80F000FC4BCE818
S32D00052F080F000FC49CE80F004FF0FF3784E80F00009706E02B696A46294698470828044608D110992846FFF7C2
S32D00052F30D1FE0028F2D0092079B0F0BD6846FFF717FF062CF7D131462846FFF747FF00BFC160D96B826119645D
S32D00052F58002219465CE700BF70B5C66843690B64AEB903690A4604460D46014602209847072805D008280FD139
S32D00052F8029462046FFF72AFF3046296CFFF724FF281D00F03FFB0122FFF73EFF00F0C0FD00F0BEFDC2681AB1F4
S32D00052FA8CA6B0A64002233E79AE700BF704700BF836801460BB1012018477047012912D009D873B90F2A0CD806
S32D00052FD000EB820218465368009A136070470339012994BF012002207047022070470846704700BF00B585B048
S32D00052FF80A46002303A900911946FFF7DFFF039805B05DF804FB00BF012912D009D873B90F2A0CD800EB8200BD
S32D00053020009A12684260184670470339012994BF012002207047022070470846704700BF10B584B0002303AC97
S32D00053048039200940A461946FFF7DEFF04B010BD70B5D36B136402F1040C05460C46BCE80F00ADF50E7D0DF1D1
S32D000530705C0EAEE80F00BCE80F00AEE80F00BCE80F00AEE80F009CE80F004FF0FF368EE80F00169610E0FFF750
S32D00053098D3FF214616A8A847034616AA6946082083B9049B9847052806460CD0092809D026996846FFF70AFEBB
S32D000530C003466A460C2116A8002BE4D0092616A8FFF74EFE30460DF50E7D70BD2DE9F04FCC6C89B01E4654F845
S32D000530E8043B06940D46174600F00308002E79D01A0C1B0405938DF81D200223D2B204EB82048DF81C302B6D94
S32D00053110B8F1020F08BFAC6B13F001030CD005A9384600F079FB18B9082009B0BDE8F08F092009B0BDE8F08FA5
S32D00053138D4F800A0BAF1000FEDD0019300F008030293022E4AD0B4F800A0B4F802900434AB6C29F0010B0F21E5
S32D0005316038469B44FFF746FF834539D82AF001039B44834594BF002001204FEA490303F002030AF0010A43EAC3
S32D000531880A03012B49D0022B32D0002BCCD1B8F1000F02D0002840F0CD800434D4F800A0BAF1000FCDD105A9F2
S32D000531B0384600F031FB0028BAD1019B002BB3D00F213846FFF716FF0E2102463846FFF737FF38466A4A0F2119
S32D000531D8FFF732FF0720A8E70020CAE7D4F804900834B5E71B0205930323ADF81C308AE7236823F0004BB8F10F
S32D00053200000F45D128B1029A002A5CD0BBF1000F74D0002B00DA04340BF1010B04EB8B04C0E7B8F1000F19D1A0
S32D00053228B0B163682268991C4FEAD2723FF47CAF05F158010133049100F09080201DFFF7C1FD04AB01462846C0
S32D00053250F4F716FB00285BD10834A3E70D213846D5F82090FFF7C6FE8145F5D1AB6A9C42F2D12046FFF7E2FCD6
S32D000532780F2102463846FFF7DFFE38462A460021FFF7DAFE072050E70D213846D5F82090FFF7ACFE814501D0BF
S32D000532A02368B6E7AB6A9C42FAD104230022C5E90B23E318C5F828B06B632368002B59DB01230193A8E705F16B
S32D000532C85803CDF80C8004F1040AB04691461E460EE050460496FFF775FD0022014604AB284609F101090AF1E8
S32D000532F0040AF4F7C5FAE0B9D945EED10D213846FFF778FE049BAC62C5E90803062010E781460D213846FFF779
S32D000533186DFEB9F1020F286225D12B46049A43F82C2F6B62AC620620FFE646462368DDF80C806AE72046FFF72C
S32D000533407DFC04340246AC6328461446F4F7F2FA00283FF4EDAE384622460F21FFF770FE0720E6E60D213846A4
S32D00053368FFF744FE2862049B6B62DBE70BF1010004EB80007AE700BFA57A04000023A9E60123A7E60223A5E680
S32D000533902DE9F0430646C3B015461C46042900F2BF80DFE801F09E57BD2D0300002C40F0B780102A00F2B4805A
S32D000533B80368D80600F1F98020AF384600F098F9B46B394600234FF0010C0CFA03F22A42204603F1010303D0BC
S32D000533E050F8042B0A600446042B01F10401F0D13846B46300F076F9002043B0BDE8F083032C40F08D8094B2D7
S32D0005340804EB1243102B4FEA124500F2858003681F0700F1D28020AF384600F03DF9B26B07EBC50154B10B4619
S32D00053430D01A01EBC401E4001D5843F8045B8B42FAD122443846B26300F008F9002043B0BDE8F083012C4FEAC8
S32D00053458124895B25CD0052C5ED108EB0509B9F1200F59D8B8F10F0F79D9A946002D40F08A80B36B6DB320AF8D
S32D000534804FF0000907EBC807043F03EBC50553F8041B47F8041FAB42F9D1B9F1000F0FD06F464146102938BF8E
S32D000534A8102107EBC101843903EBC90553F8040B41F8040FAB42F9D1012C00F08680B8F10F0FB56347D9B9F16A
S32D000534D0000F02D0684600F0B9F8002043B0BDE8F083ECB9806B23461FFA82FC0124371D04FA03F212EA0C0F5B
S32D000534F8014604D051F8042B47F8232008460133102BF1D115F40055E3D1B063284604E008EB0503102B03D984
S32D00053520022043B0BDE8F083B8F10F0FF8D83368DA0706D5304623F0030340F8483B00F079F820AF384600F075
S32D0005354875F8B36B002D97D11D460435B563384600F068F8BDE720A800F06CF8B3E7B9F1100F40D9A9F11009BF
S32D000535703368D90708D523F00103304643F0020340F8483B00F05EF8B9F1000F32D033685A0720D4B8F10F0F98
S32D0005359825D96F463846C8F1100500F057F8002DB36B7FF77AAF20AF68E723F01003336006F5E87000F09CF82A
S32D000535C0FEE623F00803036000F5A87000F068F825E720AFBDE7304623F0040340F8D03B00F038F8D6E720A81F
S32D000535E800F02CF8D5E74FF00009BDE7B8F10F0F3FF63FAF20AF384600F020F8B36B002D7FF43AAF384600F0A0
S32D0005361015F862E700F1340191E838009C46A6464CF8045D90E8FF0FE54600BD90EC210B704700BF80EC210BC3
S32D00053638704700BF90EC200B704700BF80EC200B704700BFD0EC200B704700BFC0EC200B704700BFF0EC020136
S32D00053660F0EC0211F0EC0221F0EC0231F0EC0241F0EC0251F0EC0261F0EC0271F0EC0281F0EC0291F0EC02A111
S32D00053688F0EC02B1F0EC02C1F0EC02D1F0EC02E1F0EC02F1704700BFE0EC0201E0EC0211E0EC0221E0EC023192
S32D000536B0E0EC0241E0EC0251E0EC0261E0EC0271E0EC0281E0EC0291E0EC02A1E0EC02B1E0EC02C1E0EC02D181
S32D000536D8E0EC02E1E0EC02F1704700BFB0FC0181B0FC0191B0FC01A1B0FC01B1704700BFA0FC0181A0FC019101
S32D00053700A0FC01A1A0FC01B1704700BFEC4600B52DE900502DE9FF1F4FF000032DE90C0001A9FFF7E1FBDDF85E
S32D0005372840E012B0704700BFEC4600B52DE900502DE9FF1F4FF000032DE90C0001A9FFF70BFCDDF840E012B0D3
S32D00053750704700BFEC4600B52DE900502DE9FF1F4FF000032DE90C0001A9FFF71BFCDDF840E012B0704700BF07
S32D00053778EC4600B52DE900502DE9FF1F4FF000032DE90C0001ABFFF7DFFBDDF840E012B0704700BFEC4600B5A9
S32D000537A02DE900502DE9FF1F4FF000032DE90C0001AAFFF751FCDDF840E012B0704700BF027A03467AB9427A29
S32D000537C8A2B14168013A10B44272086803220C1D1A7202025C60000E10BC1A6070470068013A1A7202021A605D
S32D000537F0000E7047B020704700B585B0002303AA009219460C22FFF7DDFB039805B05DF804FB00BFF0E700BFBA
S32D000538182DE9F043054685B00E464FF000083046FFF7CAFFB028044600F0BA80070620D500F0F003802B4DD0EB
S32D00053840902B36D0A02B60D0B02B74D0C02B00F08B8000F0F803D02B0BD100F007020132052342F40022012104
S32D000538682846FFF791FD0028D9D0092005B0BDE8F0838300DBB21F1D0DF10C0900231946CDF800900D222846A1
S32D00053890FFF798FB039BCDF8009060064CBFDF1BFF1800230D22194628460397FFF7B0FBB9E700F00D030D2BD5
S32D000538B8DBD003AF002300F00F02194600972846FFF77CFB002300970D2219462846FFF79BFBA4E73046FFF752
S32D000538E06FFF24022043B0F5004FC2D004010023A2B219462846FFF74BFD0028B9D114F4004F18BF4FF0010889
S32D000539088DE7C24302F007034FF47F621A41010702F47F624FF0000348BF42F4804219462846FFF731FD00285F
S32D000539303FF479AF9DE7B1283BD0B22800F09380B32841D000F0FC03B42B92D000F007020132012342F4002200
S32D0005395819462846FFF718FD00283FF460AF84E7C6284AD0C72854D000F0F803C02B63D0C82868D0C9287FF4DF
S32D0005398078AF3046FFF71CFF020300F00F0002F4702201300243012105232846FFF7F8FC00283FF440AF64E72D
S32D000539A8B8F1000F18D0002060E73046FFF704FF024600283FF459AF10F0F003C8D054E73046FFF7F9FE02039D
S32D000539D000F00F03013302F470221A430123BBE703AC43460E22414600942846FFF7EAFA009443460F22414643
S32D000539F82846FFF709FB404638E73046FFF7DCFE020300F00F03013302F470221A4303239EE73046FFF7D0FE44
S32D00053A20024600283FF425AF10F0F0037FF421AF04212846FFF7ACFC00283FF4F4AE18E700F00F02013203233F
S32D00053A4842F4202284E73046FFF7B6FE00F0F00200F00F031032013343EA023297E700230DF10C090D2219464B
S32D00053A70CDF800902846FFF7A5FA3046FFF7A0FE02064FF002040CD5039B00F07F00A040184403903046FFF74B
S32D00053A9893FE030604F10704F2D4039BCDF8009000F07F02A24003F501731A440023039219460D222846FFF7E1
S32D00053AC0A7FAB0E610B5C26C536884B04FF0030C08321C0208461B0E01A9019402928DF80CC08DF80D30FFF7C1
S32D00053AE897FE04B010BD00BF08B5FFF78FFE806C08BD00BF08B5FFF789FEC06CC379023300EB830008BD00BF5D
S32D00053B1008B500F005F808B5FFF7FAFF704700BF08B5062002F00EFB012011F0F3FD00BF431C1ED030B587B09E
S32D00053B3804AC03460822002120468DF80B3001F06DFF0B4A0B4B1068D3F8E450009401230DF10B0203A9A84713
S32D00053B60012802D8039807B030BD4FF0FF3007B030BD4FF0FF307047B40D0020E011002013460A4601460220B5
S32D00053B8809F0A0BD014B1868704700BFB40D002070B500294BD006460C4610B1836B002B48D0636ED80734D5DF
S32D00053BB0B4F90C30002B3ED02146304600F052F8E36A054633B1E169304698470028B8BF4FF0FF35A3891A0630
S32D00053BD83BD4216B41B104F14003994202D0304600F07CFB00232363616C21B1304600F075FB0023636400F073
S32D00053C00B5F9636E0022DB07A28127D5A06D01F0D1F900F0B1F9284670BDA3899905CBD4A06D01F0CBF9B4F91A
S32D00053C280C30002BC4D1656E15F0010508D00025284670BD00F010F9636ED807B4D4E8E7A06D01F0BBF92846D7
S32D00053C5070BD2169304600F045FBBEE7A06D01F0B1F9D3E7B1F90C20F8B50C461107074642D4636842F400622A
S32D00053C78002BA28159DDA56A002D54D000233E683B6093B212F4805253D1E16901233846A847421C63D0A389F8
S32D00053CA0A56A5B0705D56368C01A236B0BB1E36BC01AE169024600233846A847411C3ED13B68002B3BD01D2BE0
S32D00053CC801D0162B52D1A3892269226023F4006300216160A381216B3E6021B304F14003994202D0384600F08A
S32D00053CF0F9FA00202063F8BD2669C6B193B2256826609A070CBF63690023AD1BA3600CE0D4F824C0E1692B467B
S32D00053D1832463846E047B0F1000CA5EB0C05664416DD002DF0DC0020F8BDE36B002BA2DCF9E7206DB1E7B4F9F9
S32D00053D400C302269226023F40063A3810022DB046260C4D52065C2E7A38943F040034FF0FF30A381F8BD3B6853
S32D00053D68002B98D01D2B06D0162B04D0A38943F04003A381F8BD3E60D5E700BF38B50C46054608B1836BA3B149
S32D00053D90B4F90C00B8B1636EDB0701D4810515D528462146FFF75EFF636EDA07054602D4A3899B050ED52846CE
S32D00053DB838BD00F051F8B4F90C000028E7D10546284638BDA06D01F0F5F8E5E7A06D01F0F5F8284638BD00BF9F
S32D00053DE038B548B3184B1D6804460DB1AB6BBBB1B4F90C0088B1636EDB0701D4810513D528462146FFF72EFF76
S32D00053E08636EDA07054602D4A3899B050CD5284638BD0546284638BD284600F01DF8E3E7A06D01F0C7F8E7E72E
S32D00053E30A06D01F0C7F8EEE7044B05491868BDE8384000F00DBF00BFB40D002064B70600853D0500014900F015
S32D00053E5803BF00BF993B05002DE9F0478246394801F0A8F8DAF83840002C66D1DAF80450354ACAF83C20032320
S32D00053E80CAE9B843DFF8CC90DFF8CC80334F344E04230AF53B72CAF8E8222146C5E90243C5E90044C5E9044426
S32D00053EA86C660822AC6105F15C0001F0B7FDC5E90759C5E90987EE6205F1580001F074F8DAF80850254BEB60BB
S32D00053ED02146C5E90044C5E904446C66AC60AC61082205F15C0001F09DFDC5E90759C5E90987EE6205F1580094
S32D00053EF801F05AF8DAF80C50194BEB602146C5E90044C5E904446C66AC60AC61082205F15C0001F083FD05F15A
S32D00053F205800C5E90759C5E90A76C5F8248001F03FF80123CAF838300448BDE8F04701F041B8BDE8F0470148CC
S32D00053F4801F03CB868340020553E0500656205008D620500CD620500ED6205000900010012000200014801F06D
S32D00053F7025B800BF64340020014801F023B800BF64340020144B70B51E6805460C460EB1B36B9BB1636ED807BE
S32D00053F9802D4A389990516D522462946304601F09BFD636EDA07054602D4A3899B0505D5284670BD3046FFF715
S32D00053FC04FFFE7E7A06D00F0FDFF284670BDA06D00F0F4FFE4E700BFB40D002030B587B0054608461446019122
S32D00053FE803F02AFC01AA0123CDE90202059004930DB1AB6B03B3636E13F0010FB4F90C309AB201D1980521D5D0
S32D00054010910406D4626E43F4005322F40052A381626603AA2846214600F086FC636EDA07054602D4A3899B05CD
S32D0005403806D5284607B030BD2846FFF70DFFDAE7A06D00F0BBFF284607B030BDA06D00F0B1FFB4F90C309AB28C
S32D00054060D6E700BF10B4044C03460A46206810BC1946FFF7B3BF00BFB40D00202DE9F04F83B002FB03F8CDE913
S32D0005408800320C9CB8F1000F4ED006468B4618B1836B002B00F0AB80636E13F0010FB4F90C3099B202D19805B3
S32D000540B040F1A4808A0407D443F40053A38199B2636E23F4005363666768002FB7BF00253D4665602F468B073A
S32D000540D82ED445460FE0216801F08AFB23683B4423602146304601F073FFBB44EB1B00286DD167681D46BD42D1
S32D000541003A465846EBD82A46216801F075FBD4E90032521B2B44C4E90032636EDA0754D4A3899B0551D4A06DCF
S32D0005412800F04CFFDDF80080404603B0BDE8F08F454528BF454621682A46584601F058FB2368216B2B44236097
S32D0005415063685B1B6360A8EB050751B1002FDCD004F14003994202D0304600F0BBF8002323635D44B14600E09D
S32D000541781F4621464846002FCBD0D4F810B02668D4F814A02560C4E9045701F021FF616826600022C4E904BADC
S32D000541A07B1A0D4462600028E6D0636EDE0702D4A3899D0530D5019B8844A8EB0708B8FBF3F8404603B0BDE881
S32D000541C8F08FDDF80080404603B0BDE8F08F636ED80702D4A389990516D5019BB844A8EB0508B8FBF3F84046FC
S32D000541F003B0BDE8F08FFFF733FE51E7A06D00F0DDFEB4F90C3099B28A043FF55DAF53E7A06D00F0D7FEE4E7B5
S32D00054218A06D009100F0D2FE0099C8E710B5064C82B084460093206813460A466146FFF721FF02B010BD00BFFB
S32D00054240B40D0020F8B5244F0C46064601F03CFCBA685568C4F57E630F3325F003052B4423F47F6323F00F031E
S32D00054268A3F58054B4F5805F07DB0021304601F053FFBB682B44984204D0304601F026FC0020F8BD61423046BC
S32D0005429001F046FF01300DD0104ABB682D1B45F001055D60136830461B1B136001F012FC0120F8BD00213046F4
S32D000542B801F032FFBA68831A0F2BDEDD43F001035360054B03491B68C01A0860D5E700BF4C13002070340020F4
S32D000542E054170020002961D0F8B50C46064601F0EBFB54F8042C7B4FA4F1080522F0010105EB010CB868DCF8B7
S32D000543080430604523F0030300F08B80D207CCF8043032D454F8082CAD1A1144AA6807F1080082426AD00CEB1B
S32D000543300304D4F804E0EC68D4601EF0010FA26000F0978041F001036B60CCF80010B1F5007F35D27A68CB083F
S32D0005435848090121013381401143796007EBC30257F83310083AC5E9021247F83350CD603046BDE8F84001F01D
S32D00054380A9BB0CEB03025268D00710D4194407F10800DCF80830834273D0DCF80C20DA60936041F001036B6097
S32D000543A86950D0E7704741F00103B1F5007F44F8043CCCF80010C9D3B1F5206F4FEA512348D28B0903F13900B8
S32D000543D003F13802C300F818FB580838984259D05A6822F003028A4202D99B689842F7D1D868C5E902308560F9
S32D000543F8DD603046BDE8F84001F068BB0CEB03025268D20763D40B44DCE90212CA60916043F001026A6030466F
S32D00054420EB50BDE8F84001F055BB0B44D10707D454F8082CAD1A1344D5E90212CA60916043F001026A60284A51
S32D00054448BD6012689A4293D8264B30461968FFF7F5FE8DE7142B0AD9542B1FD80B0B03F16F0003F16E02C30066
S32D00054470B1E719448DE703F15C0003F15B02C300A9E741F00103C7E90455C5E902006B60695071E7796892106F
S32D00054498012404FA02F20A437A60A6E7B3F5AA7F06D8CB0B03F1780003F17702C3008EE740F25452934206D805
S32D000544C08B0C03F17D0003F17C02C30083E74FF47E737E227FE741F001036B60CCF800104AE700BF4C130020A5
S32D000544E858170020A034002010B4044C84461346206810BC0A46614600F002B8B40D00202DE9F04F0C4697B023
S32D0005451090461F46064608B1836B3BB3636E13F0010FA38902D19D0540F1198103F48473B3F5847F00F0008102
S32D00054538D4F82890B9F1000F00F06B81012F5BD037F0020511D0636E1622D907326003D4A3899A0540F11B81E3
S32D000545604FF0FF35284617B0BDE8F08FFFF778FCD4E72369AA46002B68D0B4F90C3040F61A02134299B207D1A5
S32D000545884A057DD4A64A914561D043F40063A38121463046FFF7F2FB002840F03581E1693B4642463046C84705
S32D000545B0013000F02D81216B41B104F14003994202D03046FFF78EFE00232363A3892269002123F40263C4E904
S32D000545D80021A381082204F15C0001F01FFA656E15F0010503D1A3899B0540F1DC800025284617B0BDE8F08F5D
S32D0005460021463046FFF7BEFBA38913F4805240F09880E1693B463046C847411C054600F0BE80A3895F0740F1C5
S32D0005462890806268236BAD1A002B00F0AE80D4F83CC02369A5EB0C05A8444FF0010A0027002B96D12146304626
S32D0005465000F0BAFC91E7B4F90E10002999DB6A46304600F0E3F8002840F0B980019B03F47043B3F5004F40F0C2
S32D00054678B280A38943F48063A3814FF48063E364002F6DD1C346BAF1000F78D1A389DB0440F19880206D6268E2
S32D000546A0216B851A1346002900F08980D4F83CC0A5EB0C05A36B206915441B1AED1A6344AB4503DBEA185A4596
S32D000546C800F28C80E26CE169524202EA0B0500232A463046C84701303FF45AAF2369216B23600023636041B1A1
S32D000546F004F14003994202D03046FFF7F3FD00232363A389BBEB050B23F02003A38110D02146304601F060FC67
S32D0005471800287FF43DAF63685B45FFF439AF2268A3EB0B035A44C4E900230822002152E721463046FFF722FB99
S32D00054740FAE65F07256D3FF570AF180721D522682369002A3FF474AFD21A154470E7A06D00F02CFCA389E1E6BC
S32D00054768B4F90E106A46304600F05CF800287FF40FAF049B08EB030BBAF1000F86D0216BC1B16268D4F83CC050
S32D0005479090E7236954E7A06D00F014FCE0E6636EDA073FF5DDAEA3899B053FF5D9AEA06D00F008FC284617B0B7
S32D000547B8BDE8F08F636822682069121AAD1A1344002179E7E169524601233046C847451C7FF461AFDCE6B4F923
S32D000547E00C30D6E6ABEB050528445B1BC4E9000341B104F14003994202D03046FFF772FD00232363A38923F0E2
S32D0005480820030822A38191E7636ED9077FF5A0AEA2E6636E1D22D80732607FF599AE9BE6CD62050070B50C4631
S32D00054830084D03460026204611461C462E6010F01BFF431C00D070BD2B68002BFBD0236070BD00BFA43400207E
S32D00054858024B0146186800F003B800BFB40D002070B50C46054610B1836B002B33D0636EDB0702D4A3899E05D7
S32D000548803CD5A66A002E48D0A38903F00C02082A28D013F4805216D101232846E169B047421C05462ED0A389E1
S32D000548A858070FD56168226B6D1A0AB1E26BAD1A626ED20701D49B0526D5284670BD5807256DEFD41907F3D59E
S32D000548D02268002AF0D02169521A1544ECE7FFF7BFFAC8E72268002AD3D02169521A002ACFDDD905CDD50223F9
S32D000548F80022CEE7A06D00F05DFBBEE7636EDB070FD4A3899E050CD4A06D00F057FB284670BD636E1D222A60F3
S32D00054920DD0702D4A389980502D54FF0FF35C8E7A06D00F047FBF8E79368002B00F081802DE9F04FB1F90C3078
S32D000549480C461907804683B0174698B223D523690BB310F002033D682BD04FF0000ADFF8B4B256465E45334605
S32D00054970524628BF5B464046002E4FD0E169D4F824C0E047002852DDBB681B1A8244361ABB60002BEAD100201A
S32D0005499803B0BDE8F08F2146404608F029FE002840F03481B4F90C303D6898B210F00203D3D110F0010942D15E
S32D000549C04E463EB38205D4F808B040F18180B3455A4600F2B18010F4906F40F0BE8020680192494600F0A2FF9B
S32D000549E8A3682168019AA3EB0B030A44B246A36022600026B868A0EB0A00D144B8600028C5D0B4F90C0080B256
S32D00054A10002ED7D1D5E900960835D2E7D5E900A60835A3E721464046FFF7ACF980B3B4F90C3043F040034FF0CF
S32D00054A38FF30A38103B0BDE8F08F002070471E46AA46994618461D4656B388B34A46D4E904132068B24228BF4B
S32D00054A603246884205D9A16803EB010B5A4500F3A780934264DCE169D4F824C02A464046E047B0F1000BD2DDC0
S32D00054A88B9EB0B09CAD00120BB68A3EB0B035D44A6EB0B06BB60002B3FF479AF002ED4D10AF1080353E9025678
S32D00054AB09A460833002EF9D032460A21284600F017FE002800F09D800130A0EB0509C1E720682369984217D827
S32D00054AD86369B34214D86FF00042B24228BF3246E16992FBF3F2D4F824C002FB03F340464A46E047B0F1000AC3
S32D00054B0095DDA6EB0A0679E7B345DA4628BFB2465246494600F00AFFA3682268A3EB0A035244A3602260002B82
S32D00054B28EBD121464046FFF729F90028E5D07AE72068B34632464FE72946019200F0F2FE019AA3689B1AA360EC
S32D00054B50236813442360934696E723682169A3EB010B636903EB430A0AEBDA7A0BF101034FEA6A0A33445345BC
S32D00054B78524684BF9A46524643052CD51146404600F09EFA00283BD05A462169019000F02FFEA289019B22F421
S32D00054BA0906242F08002A28103EB0B002361AAEB0B03C4F814A0A3602060B34632460FE729465A4600F0B2FEF0
S32D00054BC823685B44236021464046FFF7D7F800283FF456AF27E7404601F004F803460028DED121694046FFF754
S32D00054BF079FBB4F90C300C2223F08003C8F8002017E7721C914626E70C22B4F90C30C8F800200EE74FF0FF30C7
S32D00054C18BEE600BF00FCFF7F2DE9F041884600F538770026D7E90154013D0FD4A389012B05F1FF3506D9B4F969
S32D00054C400E300133204601D0C04706436B1C04F16804EFD13F68002FE8D13046BDE8F0812DE9F8430746884619
S32D00054C6800F538764FF00009D6E90154013D11D4A389012B05F1FF3508D9B4F90E300133214603D03846C047B6
S32D00054C9049EA00096B1C04F16804EDD13668002EE6D14846BDE8F8832DE9F04186B002FB03F71D4601AB0393C5
S32D00054CB801230C9C01919046029705970493064608B1836B43B3636E13F0010FB4F90C309AB201D1990530D552
S32D00054CE0920406D443F40053A381636E23F400536366304603AA2146FFF71EFE636E90B1DA0706D505983F1A1F
S32D00054D08B7FBF8F006B0BDE8F081A3899B05F5D4A06D00F053F9F1E7FFF79EF8D3E7D80707D4A389990504D4BA
S32D00054D30A06D00F047F92846E8E7284606B0BDE8F081A06D00F03AF9B4F90C309AB2C7E710B5064C82B0844676
S32D00054D580093206813460A466146FFF7A1FF02B010BD00BFB40D002038B5184B1D6804460DB1AB6BB3B1636EE0
S32D00054D80D80702D4A38999051FD56368013B002B63600FDB23685A1C22601D78636EDA0702D4A3899B050BD562
S32D00054DA8284638BD2846FFF757F8E4E72846214601F098F90546EDE7A06D00F0FFF8284638BDA06D00F0F6F83F
S32D00054DD0DBE700BFB40D002009F04CBD70B50D4E0D4D761BB61006D0002455F8043B01349847A642F9D1094E78
S32D00054DF8094D761B17F06AFDB61006D0002455F8043B01349847A642F9D170BDE0C80600E0C8060024C90600A5
S32D00054E20E0C8060001390B291FD8DFE801F0080A0C0E10121416181A1C0600F085B80AF09DBA0AF0A9BA0AF0F3
S32D00054E48B5BA0AF0C9BA00F00FB800F013B800F025B800F037B800F043B800F04FB800F05BB80020704700BFB2
S32D00054E70303809288CBF002001207047002100F001B800BF38B504460D4600F023F800B938BD2946204600F0A2
S32D00054E9839F8B0FA80F0400938BD00BF002100F001B800BFFF2809D8054BC05C00F00300A0F10200B0FA80F002
S32D00054EC0400970470020704761B60600002100F001B800BFFF289DBF024BC05C00F097000020704761B60600DB
S32D00054EE8002100F001B800BFFF289DBF024BC05C00F010000020704761B60600002100F001B800BFFF289DBF22
S32D00054F10024BC05C00F008000020704761B60600002100F001B800BFFF2809D8054BC05C00F00300A0F1010097
S32D00054F38B0FA80F0400970470020704761B60600A0F13003092B07D920F02000413805288CBF00200120704747
S32D00054F6001207047014B93F828017047E011002041B110B50C4620460A4901F0C5F918B9094810BD0848704717
S32D00054F880749204601F0BCF90028F5D00549204601F0B6F90028EFD0002010BD68B706008C730600A88B060022
S32D00054FB0704700BF704700BF704700BF704700BF704700BF704700BF2DE9F0418B890C46990796B008D504F1A5
S32D00054FD843030122C4E90432236016B0BDE8F081B4F90E100029064627DB6A46FFF71AFC002821DB019D05F442
S32D000550007045A5F50055B5FA85F54FF480686D094FF400674146304600F056F8B4F90C30F0B1204AF26343F0AE
S32D000550288003C4F81480A3812060206135BB3B43A38116B0BDE8F081A38913F0800519D04FF0400841463046CE
S32D0005505000F03AF80025B4F90C302F460028E0D19A05BED423F0030304F1430243F002030121C4E90421A381DB
S32D000550782260B2E74FF480682F46C7E7B4F90E1030460AF065F910B9B4F90C30CFE7A38923F0030343F001031F
S32D000550A01BB2C8E7553E0500024B0146186800F00BB800BFB40D0020024B01461868FFF711B900BFB40D0020EE
S32D000550C82DE9F04F01F10B06162E83B0044624D8102900F2BA8000F0F3FC102618220220B54F3A44A2F10801AC
S32D000550F053688B4200F0BA805A68D96822F003021A449D68E9608D60516841F001012046516003F1080500F034
S32D00055118DDFC284603B0BDE8F08F36F0070600F19480B14200F2918000F0CAFCB6F5FC7FC0F09A81730A00F004
S32D000551408F80042B00F26F81B30903F1390003F1380CC3009A4F3B44A3F108055B689D4206D10CE0002980F22F
S32D000551682781DB689D4206D05A6822F00302911B0F29F3DD60463D69DFF840C265457CD06A6822F00302931B35
S32D000551900F2B00F37B81002BC7E904CC80F26C81B2F5007F80F01A81D308796801334FEA521E012202FA0EF2D0
S32D000551B80A4357F833E0C5F808E007EBC3010839E9607A6047F83350CEF80C50831001219940914257D811428F
S32D000551E006D120F003004900114200F10400FAD007EBC0094D468646D5F80C80454508D11DE1002B80F2248141
S32D00055208D8F80C80454500F01681D8F8042022F00302931B0F2BF0DD2046D8E9025408EB060146F00106C8F8D2
S32D000552300460EC60A56043F00104C7E90411C1E902CC4C6048F8023000F044FC08F1080502E00C232360002514
S32D00055258284603B0BDE8F08F4FF4007340204FF03F0C73E7D3689A4208BF02307FF440AF3D69DFF848C1654542
S32D0005528082D17A688310012199409142A7D9BD686B6823F003094E4503D8A9EB06030F2B7ADCDFF824B1494BF3
S32D000552A8DBF800201B680132334405EB090A00F0338103F580530F3323F47F6828F00F084146204600F028FFCE
S32D000552D0411C024600F0F380824500F2EE803C4B196841441960084600F04E81DBF80010019301311BBFA2EB59
S32D000552F80A0A5044CBF80020186012F0070B00F01781CBF108010A44CBF5805190440831A1EB0801C1F30B0AD5
S32D0005532051462046009200F0FBFE421CDDE9002300F04F81801A00EB0A081968BA6048F001005144BD4250602C
S32D00055348196000F02981B9F10F0F40F227816868A9F10C0C2CF0070C00F0010040EA0C0068604FF0050E05EB9B
S32D000553700C00BCF10F0FC0E901EE00F2328150681546144B1A688A4238BF1960124B1A688A4238BF196094E037
S32D00055398AA1943F0010346F001066E602046BA60536000F093FB0835284603B0BDE8F08FD9681A44A1E600BFC5
S32D000553C04C1300205413002054170020A034002070340020983400209C340020B2F5206F4FEA522363D3142B3C
S32D000553E800F2B78003F15C01C9005B3307EB010E7958AEF1080E8E4500F091804B6823F00303934202D98968F9
S32D000554108E45F7D1D1F80CE07A68C5E9021ECEF80850CD60D6E6142B59D9542B00F29D80330B03F16F0003F1CE
S32D000554386E0CC3008AE60EF1010E1EF0030F05F108057FF4D5AE51E0424445465368D8F80C1043F0010353609A
S32D0005546055F8083F2046D9608B6000F033FBF3E6F00806F1080237E62A442046536843F001035360083500F048
S32D0005548825FBE5E6A919204646F0010643F001046E60C7E90411C1E902CC4C60AB5000F015FB0835D4E6930924
S32D000554B003F13901C90038339CE7BD425FD0BD68686820F003084645A8EB060302D80F2B3FF762AF204600F0CE
S32D000554D8FDFA0025BCE603F15C0003F15B0CC30034E659F808394B4540F0968010F0030F00F1FF30F5D17B6818
S32D0005550023EA01037B60490099423FF6C0AE19B9BDE649000EF1040E1942FAD0704667E603F11008D0E69A1062
S32D000555284FF001087B6808FA02F21A437A6070E702EB08014942C1F30B0A51462046009200F0EAFD431CDDE9CC
S32D0005555000237FF4EFAEDA46EFE6542B25D8130B03F16F01C9006E3344E7B3F5AA7F25D8F30B03F1780003F141
S32D00055578770CC300EAE5294B186840441860B1E6CAF30B0CBCF1000F7FF4ACAEBD68C84448F001006860F0E6FF
S32D000555A01546EEE60123536094E7B3F5AA7F23D8D30B03F17801C90077331BE740F25452934223D8B30C03F170
S32D000555C87D0003F17C0CC300C0E5ABF1080BD844A8EB02084FF0000AABE605F1080120460093FEF77BFEBD6882
S32D000555F0009B68681968C4E640F254518B420BD8930C03F17D01C9007C33F3E64FF47E737F204FF07E0C9DE5EB
S32D000556184FF47E717E23E9E67B6870E77034002070B582B00546069C42B10C4E0094D6F8E460B047431C0BD057
S32D0005564002B070BD074B0094D3F8E46011460123054AB047431CF3D100228A2322602B6002B070BDE0110020B3
S32D00055668A88B060070B51C46104B82B01D6869B194460A4601460E480094D0F8E46063462846B047431C0BD074
S32D0005569002B070BD084B0094D3F8E460074A01232846B047431CF3D100228A2322602B6002B070BDB40D002079
S32D000556B8E0110020A88B060082B049B15AB16BB113780B601278101E18BF012002B0704701A9002AF3D1104625
S32D000556E002B070476FF00100F4E700BF0000000001F0FF01102A2BDB10F0070F08D010F8013B013A8B422DD0CC
S32D0005570810F0070F42B3F6D1F0B441EA012141EA014122F007047FF000070023F0E80256083C85EA010586EA2F
S32D00055730010685FA47F5A3FA87F586FA47F6A5FA87F68EB9EED1F0BC01F0FF0102F0070232B110F8013B013A92
S32D0005575883EA010313B1F8D10020704701387047002D06BF35460338073815F0010F07D1013015F4807F02BF8B
S32D00055780013015F4C03F0130F0BC0138704700BF032A10B517D940EA010C1CF0030F04460B4623D119462046A6
S32D000557A8D1F800E0D0F800C0F44504F1040403F1040317D1043A032A20461946EED8541EA2B100F1FF3C013963
S32D000557D001E0C3180CD01CF801EF11F8012F9645A4EB0C03F5D0AEEB020010BD541EECE7184610BD104610BD98
S32D000557F8844641EA000313F003036DD1403A41D351F8043B40F8043B51F8043B40F8043B51F8043B40F8043BB4
S32D0005582051F8043B40F8043B51F8043B40F8043B51F8043B40F8043B51F8043B40F8043B51F8043B40F8043B5A
S32D0005584851F8043B40F8043B51F8043B40F8043B51F8043B40F8043B51F8043B40F8043B51F8043B40F8043B32
S32D0005587051F8043B40F8043B51F8043B40F8043B51F8043B40F8043B403ABDD2303211D351F8043B40F8043BBA
S32D0005589851F8043B40F8043B51F8043B40F8043B51F8043B40F8043B103AEDD20C3205D351F8043B40F8043BC2
S32D000558C0043AF9D2043208D0D2071CBF11F8013B00F8013B01D30B8803806046704700BF082A13D38B078DD064
S32D000558E810F003038AD0C3F10403D21ADB071CBF11F8013B00F8013B80D331F8023B20F8023B7BE7043AD9D3F6
S32D00055910013A11F8013B00F8013BF9D20B7803704B7843708B7883706046704788420DD98B1883420AD900EB40
S32D00055938020CBAB1624613F801CD02F801CD9942F9D170470F2A0ED8034602F1FF3C4AB10CF1010C013B8C4477
S32D0005596011F8012B03F8012F6145F9D1704740EA01039B0750D1A2F1100370B501F1200C23F00F0501F1100E7C
S32D0005598800F11004AC441B095EF8105C44F8105C5EF80C5C44F80C5C5EF8085C44F8085C5EF8045C44F8045C5B
S32D000559B00EF1100EE64504F11004E9D1013312F00C0F01EB031102F00F0400EB031327D0043C24F003064FEAD5
S32D000559D8940C1E441C1F8E465EF8045B44F8045FB442F9D10CF1010402F0030203EB840301EB840102F1FF3C6A
S32D00055A004AB10CF1010C013B8C4411F8012B03F8012F6145F9D170BD02F1FF3C03469BE72246EBE7830730B5C3
S32D00055A2848D0541E002A3FD0CAB2034601E0013C3AD303F8012B9D07F9D1032C2DD9CDB245EA05250F2C45EA8C
S32D00055A50054536D9A4F1100222F00F0C03F1200EE6444FEA121C03F1100242E9045542E9025510327245F8D175
S32D00055A780CF1010214F00C0F03EB021204F00F0C13D0ACF1040323F003030433134442F8045B9342FBD10CF067
S32D00055AA003042CB1CAB21C4403F8012B9C42FBD130BD64461346002CF4D1F9E703461446BFE71A46A446E0E727
S32D00055AC80148FFF777BA00BF603400200148FFF775BA00BF6034002070B50E461446054608B1836BEBB1636EB5
S32D00055AF0D80702D4A389990523D5A368013B002BA3601CDAA269934212DBF0B20A280FD023685A1C2260054653
S32D00055B181E70636EDA0702D4A3899B0511D5284670BDFEF799F9DEE728462246314606F001FC0546EDE7F0B2AA
S32D00055B40E6E7A06DFFF73AFAD7E7A06DFFF73AFA284670BD1D4B70B51E6805460C460EB1B36BEBB1636ED807C5
S32D00055B6802D4A389990524D5A368013B002BA3601DDAA269934213DBE8B20A2810D023685A1C226006461D702F
S32D00055B90636EDA0702D4A3899B0512D5304670BD3046FEF75DF9DDE730462246294606F0C5FB0646ECE7E8B2C3
S32D00055BB8E5E7A06DFFF7FEF9D6E7A06DFFF7FEF9304670BDB40D002008F006BF10B4044C03460A46206810BCFB
S32D00055BE0194600F003B800BFB40D00202DE9F84F1746002900F0988007F10B0580460C46FFF762FF162D5DD80E
S32D00055C0810252A46AF425ED854F8041C21F003069642A4F1080962DABC4BD3F808C009EB0600844500F09780F9
S32D00055C30D0F804C02CF0010303445B68DB0768D42CF0030C06EB0C03934247DACB0710D454F8083CA9EB030A65
S32D00055C58DAF8043023F003018C44B444944580F211817318934280F2E88039464046FFF727FA0746E0B154F8D7
S32D00055C80043C23F001034B44A0F10802934200F0D280321F242A00F2F580132A00F2AC80034622461168196055
S32D00055CA85168596092689A6021464046FEF716FB4046FFF70BFF3846BDE8F88F25F00705002D2A469EDA0C23DB
S32D00055CD0C8F8003000273846BDE8F88F1E46D0E90223D3609A60731B0F2B22D8D9F8043003F0010333434E44AB
S32D00055CF8C9F80430736843F00103736040462746FFF7E4FE3846BDE8F88FC907ADD454F8083CA9EB030ADAF8D6
S32D00055D20041021F00301A0E7BDE8F84F1146FFF7CBB9D9F8041001F001012943C9F8041009EB05014E4443F00B
S32D00055D4801034B60736843F00103083173604046FEF7C4FAD2E7DCF8040020F0030B06EB0B0C05F1100084459C
S32D00055D704DDAC9073FF57DAF54F8081CA9EB010ADAF8041021F003018B44B34458453FF76CAF5746DAF80C1060
S32D00055D9857F8080F321F242AC160886000F2DB80132A40F2D6802168CAF808106168CAF80C101B2A00F2DF8018
S32D00055DC008340AF110022168116061685160A16891600AEB0501ABEB050242F0010299604A60DAF8043003F090
S32D00055DE801031D434046CAF80450FFF76FFE6EE723680360636843601B2A68D804F1080200F108034AE709EBCF
S32D00055E1005029A60ACEB050343F00103536054F8043C03F001031D43404644F8045CFFF751FE27464FE750F8A0
S32D00055E38043C23F003031E4451E75746DAF80C1057F8080F321F242AC16088604CD8132A48D92168CAF80810C6
S32D00055E606168CAF80C101B2A56D808340AF110021E462368136063685360A3689360D1463C4630E72146FFF7C1
S32D00055E8851FD11E7D0E902135746CB60996057F8081FDAF80C30CB60321F242A99602DD8132A29D92368CAF83A
S32D00055EB008306368CAF80C301B2A42D808340AF1100322681A6062685A60A2689A606646D1463C4607E7A3684B
S32D00055ED88360E368C360242A26D004F1100200F11003DBE63A46BFE7214638461E46D146FFF718FD3C46F2E64B
S32D00055F003B46DEE7214638466646D146FFF70EFD3C46E8E64C130020A168CAF81010E168CAF81410242A20D058
S32D00055F2810340AF118029FE7236903616169416104F1180200F11803B0E6A368CAF81030E368CAF81430242AAE
S32D00055F5021D010340AF11803B3E73A4633E721463846FFF7E3FC164B33E72269CAF818206269CAF81C201834D0
S32D00055F780AF1200278E7A168CAF81010E168CAF81410242A0DD010340AF1180217E72369CAF818306369CAF8BA
S32D00055FA01C3018340AF120038BE72269CAF818206269CAF81C2018340AF1200203E700BF4C130020838903F0C8
S32D00055FC80903092B01D000207047FDF705BF00BFF8B50C46054610B1836B002B41D0B4F90C309F049AB207D45F
S32D00055FF0626E43F4005322F400526266A3819AB200219606616062D450071BD4D10661D512073ED443F0040318
S32D00056018A3812369002B44D0B4F90C60B307B7B222D12269266A6369E16922602846B04700286060C8BF002090
S32D0005604038DDF8BD216B0029E7D004F14003994202D02846FEF746F9E36B636000202063002BDAD0A36B236056
S32D00056068F8BDFDF7F9FEBAE70123A3811B4B1C49186807F00907FEF7CFFD092FA681D0D121462846FDF7EAFDB9
S32D00056090CBE721462846FDF775FEC0B9B4F90C30A06023F00803A061B4E721462846FEF78BFFB5E7A38905D1E1
S32D000560B843F020034FF0FF30A381F8BD002243F040036260A3814FF0FF30F8BD092243F040032A604FF0FF30DE
S32D000560E0A381F8BD64B70600C55F050038B50C46054608B1836B63B121462846FFF76CFF50B9D4E90023511C99
S32D00056108013BC4E90013107838BDFDF7A5FEEFE74FF0FF3038BD00BF38B5074D0022044608462A600FF0DCFA02
S32D00056130431C00D038BD2B68002BFBD0236038BDA434002038B5154B1F281D6820D8D5F8DC22044662B152F89C
S32D0005615820304BB1012B15D0591C0FD0002542F820509847284638BD284600F02BF8224601462846BDE8384097
S32D0005618000F00EB816232B60012038BD002038BD16232B604FF0FF3038BD00BFB40D002070B50C46084D03466B
S32D000561A80026204611461C462E600FF081FA431C00D070BD2B68002BFBD0236070BD00BFA43400200FF05CBA16
S32D000561D00EB410B59DB06FF000411FABCDE906010491094953F8042B0290084C0868019302A9059402F09AFC8A
S32D000561F8029B00221A701DB0BDE8104003B07047B40D00200802FFFF0EB430B59CB01FAC4FF4017254F8045BF7
S32D00056220ADF814200290069001F00AFB039007900A480B490A9100234FF6FF7C0E9313932A46234602A90068D3
S32D00056248ADF816C0019404F08BF91CB0BDE8304003B07047B40D00208962050010B50C46B1F90E1009F012FE97
S32D00056270002803DB236D0344236510BDA38923F48053A38110BD00BF002070472DE9F0410C46B1F90C101F4668
S32D00056298CB05054616460BD421F48051A1813B46B4F90E1032462846BDE8F04107F08AB9B4F90E100223002221
S32D000562C009F0A4F8B4F90C10EAE700BF10B50C46B1F90E1009F09AF8A389421C0EBF23F4805343F48053206583
S32D000562E8A38110BDB1F90E1007F042BA000000000000000000000000A2EB0300704700BF02780B78012A28BFC2
S32D000563109A42F5D16DE9044540EA0104CDE902676FF0000C4FEA447212B380EA010414F0070F6AD100F00704ED
S32D0005633820F0070004F0030521F007014FEAC505F0E8042314F0040FF1E804670CFA05F462EA040266EA0406FE
S32D000563600AD063EA0403624667EA0407664603E0F0E80423F1E8046782FA4CF582EA0604A4FA8CF46CBB83FA11
S32D000563884CF583EA0705A5FA8CF595B950E9022351E9026782FA4CF582EA0604A4FA8CF483FA4CF583EA070531
S32D000563B0A5FA8CF52543DBD09CB92DBAB5FA85F424F0070427FA04F1DDE9026723FA04F303F0FF0001F0FF01C8
S32D000563D8FDE80445A0EB0100704724BAB4FA84F424F0070426FA04F1DDE9026722FA04F202F0FF0001F0FF01C6
S32D00056400FDE80445A0EB0100704714F0030F3CD110F0030428D150F8082B51F8083B82FA4CF582EA0305A5FAFE
S32D000564288CF55DB950F8042C51F8043C82FA4CF582EA0305A5FA8CF5002DE8D02DBAB5FA85F424F0070423FA28
S32D0005645004F122FA04F202F0FF0001F0FF01FDE80445A0EB010070474FEAC40420F0030050F8082B21F003011B
S32D0005647851F8083B0CFA04F462EA040263EA0403C9E710F003041AD0A1EB040120F00300E40750F8042B06D044
S32D000564A00FD28B785FFAA2F4E41A06D12BB1CB785FFAB2F4E41A00D11BB920465DF8104B704701F1040150F854
S32D000564C8042BCC0721F0030151F8043B48D824D222F07F4482FA4CF594EA1325A5FA8CF50AD165B951F8043B03
S32D000564F084EA0204B4EB036F0ED150F8042BEBE74FEA132355E035F07F454DD10878FDE80445C0F1000070470B
S32D000565184FEA126203F0FF0347E002EA1C4482FA4CF594EA1345A5FA8CF50AD165B951F8043B84EA0204B4EBF4
S32D00056540034F0CD150F8042BEBE74FEA134330E015EA1C4528D10B884FEA124229E04FEA124203EA1C4324E0B2
S32D0005656802F0FF0482FA4CF594EA1365A5FA8CF50AD165B951F8043B84EA0204B4EB032F09D150F8042BEBE74F
S32D000565904FEA13630DE015F0FF0F05D10B684FEA122223F07F4304E04FF00000FDE80445704712BA1BBA82FA79
S32D000565B84CF482EA0304A4FA8CF5B5FA85F402FA04F203FA04F34FEA1260FDE80445A0EB13607047FFF794BEFA
S32D000565E080EA0102844612F0030F4FD111F0030F32D14DF8044D11F0040F51F8043B0BD0A3F101329A4312F054
S32D00056608803F04BF4CF8043B51F8043B16D100BF51F8044BA3F101329A4312F0803FA4F101320BD14CF8043B08
S32D00056630A24312F0803F04BF51F8043B4CF8044BEAD023460CF8013B13F0FF0F4FEA3323F8D15DF8044B70478C
S32D0005665811F0010F06D011F8012B0CF8012B002A08BF704711F0020FBFD031F8022B12F0FF0F16BF2CF8022BEE
S32D000566808CF8002012F47F4FB3D1704711F8012B0CF8012B002AF9D1704700BF8C461146BCF18E0F00F29180EF
S32D000566A8DFE81CF039013B0137013501330131012F012D012B01290127012501230121011F018F001D011B0171
S32D000566D0190117011501130111010F010D010B0109010701050103010101FF00FD00FB00F900F700F5008F0076
S32D000566F88F008F008F008F008F008F008F00F300F1008F008F008F008F008F008F008F008F008F008F008F007D
S32D000567208F008F00EF00ED00EB00E9008F008F008F00E7008F008F008F00E5008F008F00E3008F008F00E10052
S32D000567488F008F008F008F008F008F008F008F008F008F00DF008F00DD00DB00D9008F008F00D7008F008F0076
S32D000567708F008F008F008F008F008F00D500D300D100CF00CD00CB008F00C900C700C500C300C100BF00BD00D8
S32D00056798BB00B900B700B500B300B1008F00AF00AD00AB00A9008F008F008F008F008F00A7008F008F008F002C
S32D000567C0A500A300A1009F009D00002B14BF1A46024608B5604605F021FC02465248002A18BF104608BD5148CF
S32D000567E8704751487047514870475148704751487047514870475148704751487047514870475148704751485E
S32D000568107047514870475148704751487047514870475148704751487047514870475148704751487047514835
S32D00056838704751487047514870475148704751487047514870475148704751487047514870475148704751480D
S32D0005686070475148704751487047514870475148704751487047514870475148704751487047514870475148E5
S32D0005688870475148704751487047514870475148704751487047514870475148704751487047514870475148BD
S32D000568B07047514870475148704751487047514870475148704751487047514870475148704751487047514895
S32D000568D8704751487047514870475148704751487047514870475148704751487047514870475148704751486D
S32D00056900704751487047514870475148704751487047514870475148704751487047514870475148704700BF1E
S32D00056928A88B0600DCBD0600C4BD0600B0BD060014BE06000CBB060044BA06007CBD060094BD060080B90600EC
S32D0005695040BD0600B4BB06003CBE060048B8060010B8060018B9060018BA060008B9060050BE06005CB9060023
S32D0005697830BB060058BD060028BD0600F8BC0600E0BC0600C0BC0600A0BC060070BC06004CBC06000CBD0600A6
S32D000569A0F0BD060034BC060018BC060004BC0600E8BB0600DCBB0600C8BB0600A4BB06008CBB060078BB0600C1
S32D000569C860BB060068BC060050BB060048BB060024BB0600F8BA0600DCBA0600C8BA060098BA06008CBA0600D2
S32D000569F07CBA060064BA060054BA06002CBA060008BA0600F8B90600E0B90600C0B90600A0B9060048B9060011
S32D00056A1838B90600F8B80600E8B80600D4B80600C8B80600B0B80600A4B8060090B806007CB8060068B8060062
S32D00056A403CB806002CB80600FCB70600E8B70600CCB70600C0B70600A8B7060098B706007CB7060068BE0600BC
S32D00056A6870B70600034A0023014610681A46FFF711BE00BFB40D00204269002A40F26C73A8BF6FF06303134471
S32D00056A90920710B408D14B4C4B4A4C4904FB0322B1EBB20FC0F08B80474A464C484904FB0323B1EB331F2CBFEE
S32D00056AB801220022D0E906315B0003EB01131344212B23DDA3F5B553023B352B20D8352B1ED8DFE803F06D1DA7
S32D00056AE01D1D1D1D1D1D1D1D1D1D1D1D1D1D6D6D6D1D1D1D1D1D1D1D1D1D1D1D1D1D6D6D6D6D6D1D1D1D1D1D7B
S32D00056B081D1D1D1D1D1D1D6D1D6D1D6D002B02DA002010BC7047212BFAD801A252F823F0B16B0500B16B050004
S32D00056B30196B0500196B0500196B0500196B0500196B0500196B0500196B0500196B0500B16B0500B16B0500A8
S32D00056B58B16B0500B16B0500196B0500196B0500B16B0500B16B0500196B0500196B0500196B0500196B050050
S32D00056B80196B0500196B0500196B0500196B0500196B0500196B0500B16B0500B16B0500196B0500196B050058
S32D00056BA8B16B0500B16B05004FF0FF3010BC7047012010BC704701227CE700BF295C8FC250B81E05285C8F0288
S32D00056BD00AD7A3002DE9F04F144612788FB083460E4652B91546002E00F0C480002328460BF805300FB0BDE884
S32D00056BF8F08F1F46252A4FF0000302931D460CD0731EAB4240F2B1800BF80520013401352278002AE3D0252AE7
S32D00056C20F2D194F80180B8F1300F00F0AA80B8F12B0F00F0A6804146A1F13103082B04F101044FF0000840F283
S32D00056C48A4804FF00009452900F094804F2900F09180A1F12502552A00F28780DFE812F0100285008500850027
S32D00056C70850085008500850085008500850085008500850085008500850085008500850085008500850085008D
S32D00056C9885008500850085005302740219014C0185006D01A001B400BB0085008500850030028500850056005F
S32D00056CC085000302200423043204F5015B036B03720393038500850085008500850085003302D10019029E00EC
S32D00056CE89E008500ED00D10085001101B400BB00150194028500560085009D02A40239034E0385003704C5032C
S32D00056D10CC03DA03BB680B2B954BD4BF0022012203EB8203D3F8A480404600F089FD002848D006F1FF3EAE45CE
S32D00056D381BD94346691EDFF83482284459442278502A1A7808D112F808C00CF0030CBCF1010F04BF2032D2B2DC
S32D00056D600135854201F8012F03F101032AD07545E9D3002528460FB0BDE8F08F617801346BE7A178A1F13103BD
S32D00056D88082B04F102043FF65CAF204606A90A2201F09EFE069C8146217854E7744B754A642918BF1A46FB68BA
S32D00056DB0711B0BEB050009F035F90028D9DB0544AE42D6D92378002B3FF40DAF013423E76A4B694A6B2918BF77
S32D00056DD81A46BB68E8E7BB68002B00F0A5830C2B09D0654A82FB0320DA17C2EB600202EB4202A3EB82035F4886
S32D00056E005D4A492908BF0246D2E73A69584B53F82280404600F014FD0028D3D006F1FF3CAC45A6D96A1E08F1D6
S32D00056E28FF3328445A44013513F8011F02F8011F8542C3D06545F6D397E73846FFF71CFE804678690028C0F226
S32D00056E506F844C4B83FB0023C217C2EB6312642303FB1202DFF81CC142448CFB0213D1176420C1EB631100FBF3
S32D00056E7811220244ACFB02135B0900FB13233D4A92E7FB693E4A01338EE73B69394A01338AE73C49D7F814A0B4
S32D00056EA08A45ACBF00210121BAF1000FC0F22884344B83FB0A234FEAEA72C2EB631303F1130CB8F1000F00F08D
S32D00056EC87E83BCF1630F40F3D1832F4A2F4BB8F12B0F18BF13462E4ADFF8A8E02D48B9F1020F38BF4FF00209A2
S32D00056EF0F245B8BF03460BEB0500A6EB050E6DE378693B69002803F101080BEB0509FB68A6EB050AC0F2E483BF
S32D00056F181A4A82FB0021C217C2EB6112642101FB1202CDE9003251461B4A4346484609F075F80028BFF63FAF8A
S32D00056F4017E725238DF81830B8F1000F40F0CD822B238DF8193004230DF11A08114A1E21404609F05FF80028D9
S32D00056F6840F3CC824044CAE2FCBF060061B6060088BE060080BE0600ABAAAA2A1F85EB51ACBE060094F8FFFFD4
S32D00056F90A88B060064A8060070BE060010A806008CBE06009CBE0600D04BD7F814A09A45ACBF00230123384634
S32D00056FB80393FFF761FDBAF1000F0146C0F26283C94B4FEAEA7083FB0A23C0EB631313335246C548A0FB02C069
S32D00056FE040094FF0640E0EFB10200029C0F2BF8200F0D983DFF8F4C2E245C0F2FB82002203920844421C00F0AF
S32D00057008BB82642804BF01330020642202FB0303039A002A40F09C81B8F12B0F40F0808242F20F72934240F207
S32D00057030C2838DF81880B9F1000F40F06A820DF119000DF1180A2522027030224270023094E13846FFF714FDD6
S32D00057058BA69002A00F06A82013A002840F38F820123A24AA0E67B680093BB68A04A711B0BEB050008F0D2FFCC
S32D000570800028BFF69CAE74E6731EAB427FF671AE25230BF80530013594E6984BD3F8A080404600F0CDFB98F87E
S32D000570A80030002B3FF48AAE42463B46711B0BEB0500FFF78BFD00287FF757AE05447DE67B688A4A70E6BB6961
S32D000570D08A4A183352F82380404600F0B1FB00283FF470AE06F1FF3CAC457FF642AE6A1E08F1FF3328445A44A1
S32D000570F8013513F8011F02F8011F85423FF45EAE6545F5D331E6BA697A4B03EB8203D3F87C80404600F090FB38
S32D0005712000283FF44FAE06F1FF3C6545BFF421AE6A1E08F1FF3328445A44013513F8011F02F8011F85423FF454
S32D000571483DAE6545F5D310E63B696A4A0C3352F82380404600F070FB00283FF42FAE06F1FF3C6545BFF401AEE6
S32D000571706A1E08F1FF3328445A44013513F8011F02F8011F85423FF41DAE6545F5D3F0E5731EAB427FF6EDAD1B
S32D000571980A230BF80530013510E6564BD3F8E480404600F049FB7AE73B6A002B80F2C0814FF00009CDF8109018
S32D000571C0D7F814C0BCF145034FEAEC7868F10008B8F1000FA6EB05010BEB050002DA033348F10008DFF808A1E9
S32D000571E80CF1FF3E0CF22B12ACF1460CCDF80CC09B088AFB0ECA4FEAEE7ECEEB6A1E43EA8873DFF8E4A04FEADD
S32D00057210A808B3EB0E0368EBEE7E8AFB02C8D217C2EBE812DDF80CC09B184EEBE27240F26D1E0EFB0CFE13EB9F
S32D000572380E0C42EBEE73FA691CEB020C43EBE2731CEB0C0243EB030E12EB0C0243EB0E03D7F808C0DB0043EA43
S32D000572605273D20012EB0C0E43EBEC731A014FEA0E1CBCEB0E0C42EA1E7262EB03039A0042EA9C724FEA8C03D6
S32D00057288D7F804C013EB0C0E42EBEC7C4FEA0C124FEA0E13B3EB0E0342EA1E7262EB0C029200D7F800C042EACF
S32D000572B093729B0013EB0C0342EBEC72DDF810C0B3EB090362EB0C02CDE900320C4A08F0A9FE0028BFF673ADEF
S32D000572D84BE5731EAB427FF648AD09230BF8053001356BE594F8FFFF1F85EB5180BE0600B4BE0600FCBF06009A
S32D00057300C0BE0600731EAB427FF633ADBB69002B40F0E68037230BF80530013552E5BA69002A00F0F980013A2E
S32D00057328FB6907339A1ABF4B83FB02131344D217C2EBA30395E6BC4BD3F89880404600F07BFAACE67B69B94AE7
S32D00057350934280F2E380D31A2D228DF81820B9F1000F40F0D6800DF119000DF1180A25220270B8F1000F7FF40D
S32D0005737868AE0130AE490393FFF72EF9039B009352464B4673E63B6A002BFFF61BAD04F09DFC029B002B00F06C
S32D000573A01B823B6AA54A002BD4BF0023012352F82380404600F044FA002800F01A8206F1FF3CAC4540F2F38166
S32D000573C86A1E08F1FF335A4400EB050802E0654580F0E981013513F8011F02F8011F4545F5D104F079FC454624
S32D000573F057E08F4BD3F89C80404600F021FA52E678690028C0F267818D4B83FB0032C317C3EB6213642202FBFE
S32D00057418130326E63B6A002BFFF6D4AC04F056FC029B002B00F0FA8007F08EFF3B6ADFF80CA2002BD4BF0023D3
S32D000574400123013303EB830350F83330C3F1000804F046FC8AFB08304FEAE8794044C9EB601007F0CBFF8AFB6B
S32D0005746800230344C217C2EB6312754BC2EB0212A0EB820083FB082343440090714AC9EBE3230BEB0500711B42
S32D0005749008F0C8FD0028FFF66CAC0544AE427FF668AC012302938DE43B68694A80E43B6801937B680093BB6861
S32D000574B8664A711B0BEB050008F0B0FD0028BFF67AAC52E4FA69BB690732D21A2BE7731EAB427FF64AACBB69C1
S32D000574E030330BF8053001356CE4B9F1060F38BF4FF00609B9F106038DF819807FF42CAD0DF11A0840465449F4
S32D00057508FFF76AF83B4606AAD0E509F1FF3926E7062205E7B8F12B0F03F26C7300F01E810DF1180A50461EE7BE
S32D000575300C2364E4062294E504F0CCFB029B002B6DD007F005FF3B6A002BD4BF00230123013303EB830350F8BB
S32D000575583330C3F1000904F0BFFB012302934FEAE973049328E63B4AD7F814C094454FDB0844411C7FF449AD02
S32D00057580013B632045E5FB693CD079690029A2EB030340F26B72A8BF6FF064021144880740F0F2802E48DFF8D3
S32D000575A8BCC02F4A0CFB0100B2EBB00F80F0E88001229B1A052BB4BF3523342351E5B9F1020F284A284B38BF88
S32D000575D04FF002090BEB0500A6EB050EA9EB0101CDE9001C714608F01DFD0028BFF6E7ABFFF7BFBB421E002807
S32D000575F800F0E880642101FB0323A9E60A339B1A084A82FB03121A44DB17C3EBA20328E501210391F1E404F0CD
S32D0005762065FB8EE704F062FB02E700BF93244992FCBF060094F8FFFFA8BE06005C1700201F85EB51898888888C
S32D00057648C5B3A291D8BE060080BE0600C8BE0600A0BE060095F8FFFF50B81E05295C8FC2285C8F0278BE0600B7
S32D00057670A88B0600B9F1020F5F4A604B38BF4FF002090BEB0500A6EB050EA7E704900AF26C70C6F7E4FF5A4B80
S32D000576987A69049983FB003E002A4FEAE073C3EB6E13BFF696AC02F26C70CDE90431C6F7D2FF514B844683FB7A
S32D000576C0003EC017C0EB6E104FF0640EDDE904310EFB10C089E400F26C70C6F7C0FF93E600F26C700393C6F783
S32D000576E8BAFF454BC21783FB0031C2EB61126421039B01FB120214E40AF26C700391C6F7AAFF3D4B039983FBDF
S32D00057710003CC317C3EB6C1CB8F1000F3FD042F20F7398423FF7D5AB344B334AFFF7D8BB00F26C70C6F793FF4B
S32D00057738314B83FB0023C217C2EB6312B8F1000F4FF0640303FB120245DA7969A3F2CF739942B8BF4FF0010824
S32D00057760FFF780BB42F20F72934228D98DF81880B9F1000F7FF4CDAE25228DF819200DF119000DF1180A60E4F6
S32D000577881E4A1F4800FB01211E4AB2EB311F2CBF012200220DE7174B1B4AFFF79DBB421C7FF433ACE8E604F0E2
S32D000577B097FAFFF7DEBA0DF1180A504643E425220DF1180A8DF8182050463EE4013B642202FB03F36333BFE5DF
S32D000577D804F088FAE1E53FF441AB0C4B79699942B8BF4FF0FF38FFF739BBA846F9E500BF70BE0600A88B060040
S32D000578001F85EB5150B81E05295C8FC20AD7A30078BE060094F8FFFFFFF7DCB90000000000000000000000009F
S32D0005782800000000000000000000000000000000000000000000000090F800F06DE9024520F007016FF0000C95
S32D0005785010F0070491F820F040F049804FF000046FF00700D1E9002391F840F000F1080082FA4CF2A4FA8CF25A
S32D0005787883FA4CF3A2FA8CF34BBBD1E9022382FA4CF200F10800A4FA8CF283FA4CF3A2FA8CF3E3B9D1E90423FE
S32D000578A082FA4CF200F10800A4FA8CF283FA4CF3A2FA8CF37BB9D1E9062301F1200182FA4CF200F10800A4FA94
S32D000578C88CF283FA4CF3A2FA8CF3002BC6D0002A04BF04301A4612BAB2FA82F2FDE8024500EBD2007047D1E9B0
S32D000578F0002304F00305C4F100004FEAC50514F0040F91F840F00CFA05F562EA05021CBF63EA050362464FF054
S32D000579180004A9E7A2B330B540EA0104A40784460B462AD09CF800000C7884422FD1012A0DD0E64660B11EF846
S32D00057940010F11F8014F6FEA0E03A042134422D11CEB0303F2D1002030BD0468194653F8045BA4F1013EAC4201
S32D0005796884462EEA040E00F104000BD1043A84461946ECD01EF0803FE9D1032AE9D8D1E7104670479CF8000036
S32D000579900C78A042D1D0001B30BD00BF000000002DE9F04F1C46984B1B68A1B0002581461846884608921C9525
S32D000579B80493FFF741FF002183460020CDE90601CDF86C804246174612F8013B2D2B2FD8DFE813F0A1002E0034
S32D000579E02E002E002E002E002E002E002E00AF00AF00AF00AF00AF002E002E002E002E002E002E002E002E0057
S32D00057A082E002E002E002E002E002E002E002E002E002E00AF002E002E002E002E002E002E002E002E002E0032
S32D00057A302E0006042E00FC0300220A92302B7ED0002209922F2B1C4640F233854FF0000A38465646554612E004
S32D00057A580130082D1B90C8BF0AEB8A0A0478C6BF03EB4A03A3F1300AA2F130062F2C05F10105234670DD06EB09
S32D00057A808602392C03EB4202E6DD04995A46FFF745FF0346002835D11B9A11465A441B9211F80B40002D40F0FB
S32D00057AA8AC85302C40F06485C2F10101531801321B921478302CF9D0A4F13102082A00F23883A4F1300E1B9C23
S32D00057AD003F1010B002301252746049306EB86060EEB46060023621C1B926478A4F13001092900F2ED820133BD
S32D00057AF88E46002940F0B8841B9CF0E70023652C04959B469E4601D0452C32D1002D7CD1099A1A4378D1089BA7
S32D00057B2013B1089BC3F800804FF0000BCDF810B00499584621B0BDE8F08F1B9247E77B7803F0DF03582B00F07B
S32D00057B48748401371B973B78302BFAD0002B00F0CC800122099271E704995A46FFF7DAFE0346002800F0D68011
S32D00057B7004954FF0000B5B46DE4600220B92002D00F09380049A1346002A08BF2B4630460493FAF701F80B46AA
S32D00057B980246CDE906230B9B102DA3EB0B032C46A8BF1024092D0E9313DD164B03EBC40353E91223FAF766F86A
S32D00057BC0CDE906015046F9F7E7FF02460B46DDE90601F9F7A5FECDE906010F2D00F3A7800E9B002B00F01884FD
S32D00057BE80E9B40F39283162B40F3F9840E9AC5F12503934280F20C850E9B2C1B1C4498E0D8C4060090C5060065
S32D00057C100025DDF86C8008F101021B9298F801402B2C00F087822D2C00F0218200220E92A4F13002092A00F2F7
S32D00057C381582302C05D11B9A01321B921478302CFAD0A4F13102082A93D81B990B914A1C1B92A4F130004C78B8
S32D00057C602F2C09DC00F034BC01321B929CF801402F2CA1F1300006DD00EB8001392C944604EB4101F0DD0B99CF
S32D00057C88521A082A40F3208444F61F620B920E9A002A3FF470AF0B9A52420B92002D7FF46DAF099A134320D15C
S32D00057CB0BEF1000F7FF433AF692C00F03B8400F34183492C00F036844E2C7FF428AFAC491BA807F0EFF90028F1
S32D00057CD83FF421AF1B9B1B78282B00F06D85A74808F022F98346049103E04FF0000BCDF810B0089A0AB11B9BD3
S32D00057D0013600A9B002B3FF413AF049901F1004304930499584621B0BDE8F08F1B9A049502EB0B011B9112F882
S32D00057D280B409B46DEE60E9B2C1B1C44002C40F30A8314F00F000AD0914901EBC001DDE90623D1E90001F9F7EE
S32D00057D509DFFCDE9060134F00F0340F08B8200230993049A00962B463946484607F0F8FB1390002800F0558346
S32D00057D780B9BABEB03000E9B002BB4BF024600220F9223EAE3730022934612939046139C4846616807F060FB16
S32D00057DA00746002800F0418122690232920004F10C010C30FDF720FDDDE9060104910B461EA901911DA90B907C
S32D00057DC802460091484607F073FF1C90002800F018810121484607F067FC8046002800F020811D9B002BC0F23D
S32D00057DF00F810F9A129D9E18099A1E9C9B1A2344624A013B9342C4F1360480F2AE80D21A1F2AA4EB020400F340
S32D00057E181D814FF0010A00230AFA02FA0C93099B25443444A6421D443346A8BF2346AB42A8BF2B46002B02DDA7
S32D00057E40E41AED1AF61A0F9B002B00F3BE80002C00F3D2800E9B002B00F3DE80002D00F3EF80002E08DD414635
S32D00057E683246484607F05CFD8046002800F0D9801C993A46484607F0EBFD8346002800F0D0800026C368C66010
S32D00057E904146109307F0C0FDB042C0F2638400F0D2834146584607F069FF00224FF0804304460D46FAF766F97C
S32D00057EB800286FD0109B002B00F0E180079B1193314B314C0022CDE90C2335462F4E119A2F4B02EA060A9A45CB
S32D00057EE000F0FC80099B93B1BAF1D46F0FD822A3D3E9002328462146FAF744F9002840F087810D9B03F1D6636A
S32D00057F08A3EB0A030D93049E0B98DDE90C233146CDE9042307F042FE02460B46DDE90401F9F7B0FE33460B9A26
S32D00057F30F9F7F6FCCDE906010E46099B23B9154B33409A4500F002811C99484607F0AEFA3946484607F0AAFAFC
S32D00057F584146484607F0A6FA5946484607F0A2FA15E700230C934FF0010A58E7AFF300800000C0FFFFFFDF4144
S32D00057F80F0A60600A88B060090C5060002FCFFFF0000F03F0000F07F0000E07FAE4B204629460022F9F772FE55
S32D00057FA8109B024605460C46002B64D101F1004314901593079B1193DDE91423CDE90C2384E741461A4648462D
S32D00057FD007F04AFC804640B301461C9A484607F095FB10B310901C99484607F05FFA109B1C93002C7FF72EAFA7
S32D00057FF81C992246484607F093FC1C9000287FF425AFBA465E460FE0129A0F9ED51AEFE63946129A484607F0AA
S32D0005802023FC074600287FF419AFBA465E461C982223C9F80030894B04934FF0000BB4E039462A46484607F013
S32D000580486FFC074600287FF408AFEAE7824A4FF0010AD31A0AFA03F30C93E0E60022CDF86C800B9287E50122C9
S32D000580700E9208F102021B9298F80240D8E50B46CDE914239AE7DDE90612002940F0AF80C2F313031192002B46
S32D0005809840F0AF80714B002220462946FAF764F8002840F0AE826A4B204629460022F9F7E9FD01F100430546CC
S32D000580C00C4618901993DDE91823CDE90C2301E7652C4FF0010E3FF49CAD19E5A2F154730793DDE90623DDE917
S32D000580E80C01CDE9060110461946CDE90C2307F055FD02460B46DDE90601F9F7C3FDDDE90C23F9F709FC564A18
S32D000581100E409642CDE9060176D9049A534B9A4202D10B9B013380D0504A4FF0FF33CDE9063209E700220E924A
S32D000581389BE7652C00F0FB80452C00F0F8804FF0010EAEE5284621460DF052FAF9F76CFD0B46024621462846F7
S32D00058160F9F7DCFB109C069DC6F3130644EA050C5CEA060304460D4600F0C28032A3D3E90023F9F7F5FF48B90E
S32D0005818831A3D3E9002320462946FAF70BF800283FF4D6AEDDE906341C9804945E46BA469B460146484607F0CC
S32D000581B07DF95146484607F079F94146484607F075F91399484607F071F93146484607F06DF992E501230A93E9
S32D000581D87A1C1B927B78002B3FF49DAC174629E400230A93F4E7DDE90612012900F0748111921D4B194C002213
S32D00058200CDE90C23002565E601F15476079694E621462846FAF712F8012838BF0120F9F7BBFC109B024605462D
S32D000582280C46002B40F0698101F1004316901793DDE91623CDE90C235FE600BFAFF300809535A094FFFFDF3FE3
S32D0005825035E5AF350000E03F0000E03F0000F07FE2FBFFFF0000F03FFFFF9F7CFFFFEF7F0000F0BFB3F59A7F51
S32D0005827800F3D380102B4FEA2314A54B40F3C682DDE906019846099300239A4614F0010F0AF1010A4FEA640472
S32D000582A004D0D8E90023F9F7F1FC0123012C08F10808EFD10BB1CDE90601099B03EBCA01079BA3F1547307938F
S32D000582C8DDE90623D1E90001F9F7DCFC914BCDE906010B400A4690498B4200F29E80A1F580118B4240F21C8263
S32D000582F08C494FF0FF33CDE906310023099330E583A3D3E90023F9F733FF00283FF41CAE44E71633FFF60BADE7
S32D000583180B9BABEB0302824B03EBC203DDE90601D3E90023F9F7D8FD83460491E1E40022049293464FF0010EFE
S32D00058340FFF7EABB6E2C3FF4C2ACFFF7E8BB3FF406AD644214F00F020AD0734B03EBC203DDE90601D3E9002303
S32D00058368F9F7BAFDCDE9060124113FF4F4AC1F2C35DC14F01003DDE9060118BF6A23DFF8A48109930023E2072E
S32D0005839004D5D8E90023F9F779FC0123641008F10808F4D10BB1CDE90601099B93B1DDE90601C1F30A52C2F141
S32D000583B86B03002B0ADD1F2B40F350820020342B069040F356824FF05C730793DDE9060100220023F9F7BEFE3D
S32D000583E000283FF4BEAC22234FF0000BC9F80030CDF810B081E41E9B06931D9B03F233421F9B23F4801343EA36
S32D0005840802530793200742BF079B43F000430793DDE906349B4604946BE43E4A04922223C9F800304FF0000B12
S32D0005843063E40A9B01931CAB029400933C4A1DAB1BA9484606F058FB10F0070504463FF450AC062D40F09380C5
S32D00058458089B0137002B3FF463AB4FF0000B1F60CDF810B0FFF760BB6A1C012B1B9C9B44104615D02B4403F165
S32D00058480FF3C03E0460094450DD001322B46082B154606EB8600F5D9102ADCBF0AEB8A0A4FEA4A0AEFE7981CC3
S32D000584A8082D5BDC0546FFF715BB04995A463846FFF730FA002800F0888000231D4604939A461E46FFF751BBC6
S32D000584D044F61F629042A8BF10460B90FFF7DBBBDDE906341194002C7FF487AEBA465E4622234FF0000B1C98A8
S32D000584F8C9F80030CDF810B053E60B46CDE9162396E600BFAFF300809535A094FFFFCF3F68C506000000F07F59
S32D000585200000A07CFFFFEF7F90C5060018BF0600F0BE0600AD491BA806F0BCFD00283FF4EEAA1B9BAA49013B74
S32D000585481BA81B9306F0B2FD10B91B9B01331B93A64B04934FF0000BFFF7CBBB1028DCBF0AEB8A0A01EB4A0A9F
S32D0005857005460023FFF7B7BA0023FFF7A1BA1C9A3AB135211EA807F027FC1C99484606F08DFF013D042D3FF64F
S32D0005859839AF01A353F825F0F7830500C9850500C3850500B5850500F78305004FF0FF336FF00045CDE90635E1
S32D000585C024E78C4B079321E71E9B06931F9B07931CE71B9A13465A441B9213F80B4006468246FFF762BA0E98E0
S32D000585E8834901EBC001DDE90623D1E90001F9F749FB83460491FFF77CBB04958346FFF771BA7C4B7C4C109DBF
S32D000586100022CDE9182356E5774CC5F10F0504EBC501DDE90623D1E90001F9F72FFB0E9B5D1B04EBC504D4E94D
S32D000586380023F9F727FB83460491FFF75ABB109B5E46D446BA46DDE90BB7002B6FD0DDE906456A4BC5F3130184
S32D0005866099422A463CD0002F00F0A380DDE906231F421C4621D0109B04995846002B00F0CD8007F08FFA099D37
S32D0005868802460B467DB1C4F30A54C4F16B04002C09DD240504F17F53002203F54013F9F7F1FA02460B4604993F
S32D000586B05846F9F735F983460491099B73B10499514B58460022F9F7E1FA03460B4308BF22238346049108BF29
S32D000586D8C9F800301C9864E5099B0699002B00F0C580424B2B40B3F1D46F00F2BF801B0DC3F16B034FF0FF3016
S32D0005870000FA03F39942AED1404B9A4200F0D880384B134003F58013079300230693DDE906349B460494C8E76E
S32D0005872802F15473079300230993FFF716BBDDE90612C2F313030B43144690D1099B002B40F0AF80294B23408D
S32D00058750A3F580136FEA13536FEA035307934FF0FF33DBE7DDE90612109B0B4358465E46BA46DDF82CB0A0D155
S32D00058778C2F313031446002B9BD122F000431B0D1B05B3F1D66F94D9436913B90369012B8FDD3146012248467B
S32D000587A007F0C2F84146064607F036F9002884DDC8E7DDE906341CEA030F3FF47EAF5AE713491BA81EAA06F02E
S32D000587C88FFC05287FF48BAA1F9B43F0FF4343F4E00307931E9B0693DDE906349B460494FFF787BAE4BE060091
S32D000587F0E8BE06000000F07F90C506000000E0BF0000E03FFFFF0F0000005039FFFFEF7F04BF060009934FF07C
S32D00058818000A4EE507F0C2F9099D02460B4695B3C4F30A54C4F16B04002C09DD240504F17F53109A03F5401387
S32D00058840F9F724FA02460B4604995846F9F766F80022002383460491F9F780FC00283FF42EAF45E64FF0FF32F3
S32D0005886802FA03F3069A1A400692AFE54FF0FF3344E74FF0FF33C2F14B0203FA02F202EA01030793A2E5049919
S32D000588905846F9F743F80022002383460491F9F75DFC00283FF41AAF22E6084B2340B3F1D66F3FF74DAFB3F15F
S32D000588B85C7F3FF700AF17E601317FF425AFFFF7B2BB00BF0000F07F014BFFF765B800BFE011002010B4044C83
S32D000588E0044B84460A46206810BC6146FFF758B8B40D0020E01100202DE9F041214F224B04460A463868214644
S32D00058908FFF74AF802460B4605460C46F9F754FC40BB21462846F9F7ADFC20F00048064618494046F9F7CAFFE1
S32D00058930C8B916494046F9F7A7FFA0B924F00044134B284621464FF0FF32F9F739FC38B90F4B284621464FF040
S32D00058958FF32F9F713FC10B13B6822221A603046BDE8F081002C094804DA07F029FB00F10046F4E7BDE8F041B0
S32D0005898007F022BBB40D0020E0110020FFFF7F7FFFFFEF7FA88B06002DE9F04707464B480E46354616F801CB87
S32D000589A810F80C4014F00804F7D1BCF12D0FE64658D0BCF12B0F04BF96F800E0AE1C5BB1102B54D04FF0FF3870
S32D000589D0B8FBF3F803FB08FA6FEA0A0A994608E0BEF1300F5AD00A23DFF8E4804FF0050A99460025284607E07B
S32D000589F8404515D829D009FB00C0012516F801EBAEF1300CBCF1090F06D9AEF1410CBCF1190F08D8AEF1370CFB
S32D00058A2063450DDD002DE7DA4FF0FF35EAE7AEF1610CBCF1190F03D8AEF1570C6345F1DC002D0BDB04B14042E2
S32D00058A480AB16DB91160BDE8F087D445D3DD4FF0FF35D3E722233B604FF0FF30002AF2D0711EEFE796F800E08A
S32D00058A700124AE1CA7E7BEF1300F21D1307800F0DF00582816D14FF0100996F801E04FF00F0A02366FF070482A
S32D00058A984B46AAE7337803F0DF03582BEFD008234FF0070A6FF0604899469EE799466FF070484FF00F0A98E714
S32D00058AC04FF00F0A6FF07048994692E761B6060099999919FFF760BF10B4044C84461346206810BC0A46614624
S32D00058AE8FFF756BFB40D00207AB100F1FF3C0A44002003E0914200F1010008D011F8013B0CF8013F002BF5D1B0
S32D00058B10704710460A461378002BF9D00130811A881812F8013F002BFAD170472DE9F04FD5B00C460C91914653
S32D00058B380E930A9006F062FC036817931846FEF77BFEA3891690190603D52369002B00F08B8700242BAB4D468B
S32D00058B60CDE92944CDE91944CDE91B441294289398461894002308940024CDE914342B78002B00F0DD81AA46BF
S32D00058B8804E01AF8013F002B00F01681252BF8D1BAEB050640F014819AF80030002B00F0CB8100234FF0FF3288
S32D00058BB09AF801608DF8833009930AF1010A07921F462B244FF020090AF1010AA6F120035A2B00F22D81DFE864
S32D00058BD813F0BA022B012B01B5022B012B012B016A002B012B014F02E3022B015A02C9022B01C4025B005B0025
S32D00058C005B005B005B005B005B005B005B002B012B012B012B012B012B012B01BF012B011A028600BF01BF0182
S32D00058C28BF012B012B012B012B01B0022B012B01C3002B012B012B0124022B015F022B012B013C072B012B01B2
S32D00058C502B012B012B012B012B012B01BF012B011A028800BF01BF01BF01A302880081002B0196022B018202F7
S32D00058C78C500700281002B0124027E0039072B012B0119072B017E00A6F1300300221AF8016B02EB820203EB16
S32D00058CA04202A6F13003092BF5D909928EE7DDF828B0584606F0A6FB43681B931846FEF7BFFD1C9006465846A1
S32D00058CC806F09CFB83681993002E40F07A869AF8006075E79AF8006047F0200770E747F01007BA060E9B40F11A
S32D00058CF08081073323F007031A465B6852F8084B0E929946002BC0F25F85079B013301F01F8054EA090327F032
S32D00058D18800B00F0E3840A2C79F1000380F08187303401238DF84F415F460B930DF24F1507990B989DF883206D
S32D00058D4081424FF00003B8BF01460D9306910F9313931093002A7CD0069B0133069378E047F0100717F0200961
S32D00058D6800F034810E9B073323F00703D3F8049053F8084B0E9327F4806B002300228DF88320079A511C00F024
S32D00058D900D8254EA09012BF0800740F00682002A41F01080002B40F0A2841BF001030B9300F0378530238DF8E2
S32D00058DB84F310DF24F15BBE7BAEB050600F0BC802A9B33442A93299B0133072BC8E90056299305DC08F1080857
S32D00058DE0089B33440893DBE60C990A9828AA07F0B5FB80B90DF1AC08F2E70C990A9828AA07F0ACFB002800F097
S32D00058E088C800D9B1BB10D990A98FBF767FA0C9B9B8913F0400F089B18BF4FF0FF330893089855B0BDE8F08FB0
S32D00058E30002E00F0858000228DF8EC608DF88320012306930D920B9307920F92139210923BAD17F0020302D090
S32D00058E5806990231069117F0840B07D109990698A1EB0009B9F1000F00F315832A9C8AB1299A0DF1830101327E
S32D00058E800134C8F80010072A4FF001012A942992C8F8041000F3468308F1080883B1299B21AA01330234C8F849
S32D00058EA80020072B4FF002022A942993C8F8042000F3488308F10808BBF1800F00F00E82079B0B9AA3EB020B40
S32D00058ED0BBF1000F00F34F82FB0500F1A5810B9BC8F804301C44299BC8F800500133072B2A94299300F3C782EF
S32D00058EF808F108087B0705D5099B069A9D1A002D00F32C83DDE9083206998A42ACBF9B185B180893002C7FF4E2
S32D00058F206CAF002329930D9B1BB10D990A98FBF7D9F90DF1AC0855462B78002B7FF423AE2A9B002B3FF467AF0C
S32D00058F480C9C0A9828AA214607F004FBA38960E70E9B073323F00702F2E80234CDE91434DDE9143424F0004497
S32D00058F700E92994618462146A74B4FF0FF32F9F71FF9002840F06284A34B484621464FF0FF32F9F7F7F8002888
S32D00058F9840F05884DDE9140100220023F9F7E4F8002840F0AD879DF883209A4D9A4B27F080070321472EC8BF60
S32D00058FC01D4600230D9306910B9107930F9313931093BFE617F0100340F02E8417F0400200F054870E9A52F8F9
S32D00058FE8044B0E929946A4B2C5E653F8044B0E93FB0600F118847D0640F1128444F3C0394B4624B27AE60E9BD4
S32D00059010002253F8041B8DF883208DF8EC100E930EE70E9C079B54F8045B4FF000098DF88390002D00F0D58613
S32D000590385A1C00F052851A4649462846FCF754FB0D90002801F057800D9BCDF81C905B1B0B930E9423EAE3736A
S32D000590609DF883200693CDF83490CDF83C90CDF84C90CDF840906DE60E9B53F8042B0992002A80F2C983099A20
S32D000590880E93524209929AF8006047F0040797E547F0100B1BF0200900F081830E9B073323F00703D3F804905C
S32D000590B053F8084B0E93012364E60E9B53F8044B0E93302378268DF88430564B189347F0020B8DF885604FF099
S32D000590D80009022352E6BD0600F18284FC0600F17386780600F13C87B90540F16D860E9B089953F8042B0E93E0
S32D000591001170554618E79AF800606C2E03BF9AF8016047F020070AF1010A47F0100753E59AF80060682E03BFAC
S32D000591289AF8016047F400770AF1010A47F0400746E59AF8006047F0080741E59AF8006047F001073CE59DF87B
S32D000591508330002B7FF4BFAD9AF800608DF8839032E59AF8006047F080072DE5524612F8016B2A2E01F0CD8127
S32D00059178A6F13003092B924698BF002201F288801AF8016B02EB820203EB4202A6F13003092BF5D9079215E5FA
S32D000591A09AF800608DF883400EE5BB46012B3FF4B6AD022B54AD12D1189A04F00F032409D35C05F8013D44EA1E
S32D000591C809744FEA191954EA0903F2D154AB5B1B5F460B93ACE504F00703E40844EA49744FEAD909303354EAA5
S32D000591F009012A4605F8013DF1D11BF0010FE9D0302BE7D03023023A05F8013C54AB9B1A5F460B9315468FE560
S32D00059218FFFFEF7F40BF060044BF060050BF0600652E40F3E680DDE9140100220023F8F791FF002800F0CD8163
S32D00059240299BBF4AC8F80020013301340122072B2A942993C8F8042000F37D8508F10808229B129A934280F284
S32D00059268D382169B179A1C44C8E90023299B2A940133072B299300F3EB8308F10808129B5D1E002D7FF736AE2B
S32D00059290102D299BDFF8AC9240F36E8549462246B946DDF828B00C9C10260F4605E008F10808103D102D40F3EE
S32D000592B85B8501331032072BC8E90076CDE92932F1DD28AA2146584607F044F900287FF498ADDDE929320DF1EB
S32D000592E0AC08E6E7099B069AA3EB020BBBF1000F7FF7EAADBBF1100F299ADFF848922CDD1D9621464E460C9C95
S32D00059308DDF82890102306E0ABF1100BBBF1100F08F108081ADD01321031072AC8E90063CDE92921F0DD28AAB2
S32D00059330214648460DF1AC0807F010F900287FF464ADABF1100BBBF1100FDDE929214FF01003E4DCB1461D9E61
S32D000593580C4601325C44072ACDE92924C8F80090C8F804B000F31D8508F10808A8E5BBF1100F299ADFF8C491E0
S32D000593802DDD41462046A8464C460C9DDDF82890102306E0ABF1100BBBF1100F01F1080119DD01321030072ADD
S32D000593A8C1E90043CDE92920F0DD28AA2946484607F0D0F800287FF424ADABF1100BBBF1100FDDE929202BA97A
S32D000593D04FF01003E5DC4546A1468846044601325C44072ACDE92924C8F80090C8F804B000F3CC8108F10808B9
S32D000593F86EE5129B012B40F37C81299EC8F80050013601340123072E2A942996C8F8043000F3E08108F108087C
S32D00059420169B179A01361C44072EC8E90023CDE9296400F3E08108F10808DDE9140100220023F8F78BFE0028B7
S32D0005944840F07481129B0136013B01351C44072EC8F800502996C8F804302A9400F3598108F108081A9BC8F815
S32D00059470043001361C44072E24ABCDE92964C8F800307FF739AD0C990A9828AA07F066F800287FF4BAAC2A9C36
S32D000594980DF1AC082EE5B9F1100FDDE929212BDDCDE91D3B1F96DDF828B04E461024A9460C9D04E0103E102EBB
S32D000594C008F1080817DD01321F4B1031072AC8E90034CDE92921F1DD28AA294658460DF1AC0807F03BF80028D7
S32D000594E87FF48FAC103E102EDDE92921E7DCDDE91D3B4D46B1461F9EC8F80490013209EB0104072A0E49C8F817
S32D000595100010CDE9292400F3FF839DF8832008F10808A8E40C990A981D9328AA07F016F800287FF46AAC2A9C8E
S32D000595381D9B0DF1AC08ADE46CBF060080BF060070BF06000C990A9828AA07F003F800287FF457AC2A9C0DF1ED
S32D00059560AC08ADE4102D299B21DD0A9FDDF83090102604E0103D102D08F1080817DD0133B04A1034072BC8E960
S32D000595880026CDE92934F1DD28AA494638460DF1AC0806F0DFFF00287FF433AC103D102DDDE92934E7DC013326
S32D000595B0A44AC8F804502C44072BCDE92934C8F800207FF7A3AC0C990A9828AA06F0C6FF00287FF41AAC2A9C31
S32D000595D898E42299002940F36683DDF84090129B9945A8BF9946B9F1000F0BDD299B01334C44072BC8E9005909
S32D000596002A94299300F32F8508F10808109EB9F1000FA8BFA6EB0906002E00F33882DDF840B07805AB4400F1A2
S32D000596286682229B129A934202DBF90740F18E84169A17991444C8E90012299A2A940132072A299200F318851E
S32D0005965008F10808129AAE18A6EB0B06D51AAE42A8BF2E46002E0DDD299BC8F800B001333444072BC8F80460C2
S32D000596782A94299300F31A8608F10808002EA8BFAD1B002D7FF736AC102D299BDFF8B09140F36E834946224693
S32D000596A0B946DDF828B00C9C10260F4605E008F10808103D102D40F35B8301331032072BC8E90076CDE929324F
S32D000596C8F1DD28AA2146584606F044FF00287FF498ABDDE929320DF1AC08E6E7079B002B7FF41EAB5F46002342
S32D000596F007930B9354ADFFF71FBBFA073FF581AE299EC8F80050013601340123072E2A942996C8F804307FF757
S32D00059718A7AE0C990A9828AA06F01CFF00287FF470ABDDE929640DF1AC089BE6129B5D1E002D7FF797AE102D16
S32D00059740DFF8049140F39683224607970A9C0C9F4FF0100B05E008F10808103D102D40F3878301361032072E2A
S32D00059768C8E9009BCDE92962F1DD28AA3946204606F0F0FE00287FF444ABDDE929620DF1AC08E6E70C990A9837
S32D0005979028AA06F0E3FE00287FF437AB2A9C0DF1AC08FFF799BB1BF0100340F028811BF0400200F079830E9AE6
S32D000597B852F8044B0E929946A4B20123FFF7DEBA2D2364428DF8833069EB4909BB460123FFF7D7BA0C990A9897
S32D000597E028AA06F0BBFE00287FF40FABDDE929640DF1AC0814E60C990A9828AA06F0AEFE00287FF402ABDDE9B8
S32D0005980829640DF1AC0814E6FD077FF573AB28E59AF800600E93FFF7D3B954ADFFF788BAB80500F1A6834FEAF3
S32D00059830E4794B46FFF766BA0E9B53F8044B0E93FFF79DBA70BF060080BF0600DDE9140102460B46F8F7B4FC43
S32D00059858002840F00F86612E00F04585412E00F06D84079B013326F02003069300F0A983472B00F08885DDE95E
S32D00059880141247F480730F931346002BC0F292850B9300231D938B460D93069B462B00F0FD83452B00F04485E5
S32D000598A80799019126A9049123A9039122A9029102210B9B0A9800915A4603F0FDFF069B472B054640F0318669
S32D000598D017F0010FB9460F9F40F0FC84269B5B1B1293069B472B00F08283069B462B00F01284229B1093109B6A
S32D000598F8069A013B412A229300F0AD85F2B20021002BB8BF109B8DF89020BABFC3F101032D222B22092B8DF852
S32D00059920912040F38D850DF19F04B64F2246104687FB0321DA17C2EBA10202EB8201A3EB4101303100F8011C1D
S32D0005994819466329134600F1FF32ECDC3033D9B2831E9C4202F8011C40F2F18513460DF1920201E013F8011B9F
S32D0005997002F8011B9C42F9D10DF1A1030DF192021B1A134424AA9B1A1A93129B1A9A012B1A440B9240F39E8538
S32D000599980B9B169A13440B930B9A002329F4806722EAE27247F480770F930692139310931D9B002B40F03F839B
S32D000599C09DF883200793FFF7C5B9199B002B3FF482A9199B1B78002B3FF47DA99AF8006047F48067FFF7F0B874
S32D000599E80E9B089853F8041B0E93C217C1E900025546FFF79DBA0E9B53F8044B0E930123FFF7BCB97E4B1893A4
S32D00059A1017F0200900F0EC800E9B073323F00703D3F8049053F8084B0E93F80709D554EA090306D030238DF824
S32D00059A38856047F002078DF8843027F4806B0223FFF79CB9BB46FFF725BB6E4B1893DBE70C990A9828AA06F01B
S32D00059A607DFD00287FF4D1A92A9C0DF1AC080AE40A984021FBF728FB0C9B18601861002800F065850C9A402323
S32D00059A885361FFF766B8102E299BDFF87C9140F32982484642462146A846B9460A9C0C9D4FF0100B074604E0DB
S32D00059AB00832103E102E40F3138201331031072BC2E9007BCDE92931F2DD28AA2946204606F044FD00287FF4D0
S32D00059AD898A9DDE929312BAAE7E72846CDF81C900E94FDF7A9FE03460B90FFF7B3BA129BCDF82CA04246DDF859
S32D00059B004C801097EB1807935E46199FDDF87090DDF828A0DDF830B00F9B13952146B8F1000F2FD0002B30D103
S32D00059B28013F08F1FF381B9BC2E90039299B01334944072B2A91299368DC0832079B38789B1B8342A8BF0346D7
S32D00059B50002B1C460BDD2998013019440728C2E900632A91299000F3148138780832002CACBF051B0546002DCC
S32D00059B780BDC06440F9BB8F1000FCFD1002B00F023820F9B013B0F93CDE7102D29981DDD102404E0103D102DF1
S32D00059BA002F1080216DD0130194B10310728C2E90034CDE92901F1DD28AA5946504606F0CDFC00287FF421A9E5
S32D00059BC8103D102DDDE929012BAAE8DC01300E4B556029440728CDE92901136000F33282387808320644C5E7A2
S32D00059BF017F0100300F0A1800E9B53F8044B0E9313E700BF6766666650BF06002898060080BF060028AA594650
S32D00059C18504606F09FFC00287FF4F3A82A992BAA8CE70BF4806300220696CDF82CA0CDF8348054AFDDF864804B
S32D00059C409A4616460CE00023204649460A22F8F775FE0A2C79F100031BD3044689462F4620460A2200234946C0
S32D00059C68F8F768FE30327D1E013607F8012CBAF1000FE4D098F800309E42E0D1FF2EDED00A2C79F1000380F067
S32D00059C90408154AB5B1BDDF82CA0CDF864801296DDF83480069E0B935F46FFF745B8299BBC4AC8F80020013338
S32D00059CB801340122072B2A942993C8F8042000F3388108F10808002940F09780129A07F0010313433FF40EA985
S32D00059CE0169B17991A19C8E90013299B2A920133072B299300F3478108F108081299C8F8005001338C18072BCE
S32D00059D08CDE92934C8F804107FF7F2A8FFF7B7BB0C990A981D9328AA06F01CFC00287FF470A89DF883202A9C41
S32D00059D301D9B0DF1AC08FFF79EB817F0400200F0C2800E9A52F8044B0E929946A4B26CE6BB46FEF7E4BF0C9929
S32D00059D580A9828AA06F0FEFB00287FF452A82A9C0DF1AC08FFF778BA14463A464F46914601332C44072BC8F864
S32D00059D800090C8F80450CDE929347FF7B5A8FFF77ABB28AA5946504606F0E0FB00287FF434A838782A992BAA64
S32D00059DA8E1E60C990A9828AA06F0D4FB00287FF428A82A9C0DF1AC08FFF782B8012BBB467FF4F3A9FEF7ACBF34
S32D00059DD00E9B089953F8042B554611600E93FFF7ABB8062B294628BF062307950D952A4606936D4D0E940B93A5
S32D00059DF80F9113911091FEF7A9BF169B17981A19C8E90003299B2A920133072B299300F3B68008F108080029B2
S32D00059E20BFF66CAF4E421031DFF8809180F297824146DDF828B0A84610240C9D04E00831103E102E40F3898215
S32D00059E4801331032072BC1E90094CDE92932F2DD28AA2946584606F07DFB00287EF4D1AFDDE929322BA9E7E7F7
S32D00059E70079F144601362C44072ECDE92964C8F80090C8F804507FF7EFAA46E40E9B17F4007914BF53F8044B69
S32D00059E9853F8044B0E931CBF9146E4B2FEF76BBF0E9B1BF4007914BF53F8044B53F8044B0E931CBF9146E4B2D4
S32D00059EC00123FEF75FBF0E9B17F4007914BF53F8044B53F8044B0E931CBF9146E4B2A4E5454690463A460C465F
S32D00059EE84F46914601333444072BCDE92934C8F80090C8F8046057DC08F10808FFF78BBB2D228DF88320FFF791
S32D00059F1050B81C9B1B99ED1A1A46284606F0C6F898F801300BB108F10108204649460A2200230026F8F702FD4B
S32D00059F388FE60C990A9828AA06F00CFB00287EF460AF22992A9C0DF1AC08BCE6129AAE18A6EB0B06D51AAE42FA
S32D00059F60A8BF2E46FFF78EBB0E9B089953F8042B0E9311805546FEF7DFBF44F3C0194B4664B2FEF7BFBE0C99C2
S32D00059F880A9828AA06F0E6FA00287EF43AAFDDE9293222990DF1AC083DE700BF6CBF060064BF060080BF0600C9
S32D00059FB00C990A9828AA06F0D1FA00287EF425AF2A9C0DF1AC08FFF72ABB0623079356E4DDE91235EB189E42F6
S32D00059FD81997B346DDF82CA0109F90460C4628BF9B46FFF71EBB229B1093DA1C02DB079A934204DD023E26F0BE
S32D0005A0002003069377E4109B129A9342C0F2488119F0010F00F01182169A13440B9319F4806F03D0109B002B89
S32D0005A02800F3C7810B9B23EAE3730693672600230F931393BCE42D2200238DF883200793FEF786BE28AA5946B2
S32D0005A050504606F083FA00287EF4D7AE38782A992BAA06448AE50C990A9828AA06F076FA00287EF4CAAE2A9C5D
S32D0005A0780DF1AC08FFF7C6BA0C990A9828AA06F069FA00287EF4BDAE229B2A9C0DF1AC08FFF7DCBA0799019123
S32D0005A0A026A9049123A9039122A9029103210B9B0A9800915A4603F003FC0378302B054600F0F181229B079AFB
S32D0005A0C8B94613440F9FEC180B99584600220023F8F740F810B12346FFF7FDBB269BA342BFF4F9AB30215A1C13
S32D0005A0F026921970269B9C42F9D8FFF7F0BB079B9DF883200E9406930B9307900F9013901090FEF71FBE229A31
S32D0005A1181092002A40F3E081079909F001030B4340F0B781109B0B93662619F4806F40F041810B9B23EAE37395
S32D0005A140069378E730238DF8843058238DF88530079B632B47F0020400F3BF8000230D933BADDDE9141247F442
S32D0005A16881730F931346002B2746C0F285800B9326F02003069300238B461D93612E00F04081412E7FF485AB20
S32D0005A19022AA0B99584605F093FE00224FF07F53F7F774FD02460B46CDE9102300220023F7F7D4FF08B1012311
S32D0005A1B82293AC4B0B93079BCDE912A6CDE91E78DDF82CA0DDE9106703F1FF39AB46109506E00022002309F109
S32D0005A1E0FF39F7F7BBFFE8B9A14B002230463946F7F74CFD0F460646F7F7F8FF0446F7F7DBFC0B4602463946E4
S32D0005A2083046F7F787FB1AF80430B9F1FF3FD8464D460BF8013B06460F46DAD130463946924BDDF848A0139E93
S32D0005A230CDF848800022A946DDF87C80109D1E9FCDE91001F7F7B2FF002855D1DDE91001884B0022F7F782FF33
S32D0005A25808B1E1074CD44B46002B06DB01335B4430220BF8012B5B45FBD1ABEB0503B94612930F9FFFF731BBE3
S32D0005A28026F020030693DDE914349B4604F100430B932D231D9375E700230793FEF796BC129B169A9A18109BFA
S32D0005A2A80B92002B40F3098167263EE70C990A9828AA06F04FF900287EF4A3AD229D129B2A9C5D1B0DF1AC08AF
S32D0005A2D0FFF7D8B9079BEC18FAE60A98591CFAF7F3FE0546002800F026810D9039E730238DF88430782329E757
S32D0005A2F8129B26930B9B1BF8012CD97B8A425B4609D1302003F8010C269B5A1E269213F8012C9142F6D0392ACF
S32D0005A3200BBF0B9A0132927AD2B203F8012CA0E707990B9B0A984C1C26A9049123A9039122A9029102215A46F4
S32D0005A3480194009103F0B8FA0546B9462C440F9FBAE64546884601333244072BCDE92932C8F80090C8F8046055
S32D0005A3707FF7C2AC0C990A9828AA06F0EFF800287EF443ADDDE929320DF1AC08B6E4079B002B08BF0123079397
S32D0005A39847F480730F93159B002BC0F2B180DDF850B00D900B931D90FFF77ABA00230D9365E7672619990B784C
S32D0005A3C0FF2B00F0B2800024109A204603E001300131FF2B08D0934206DAD21A4B78002BF5D10B780134F4E7BA
S32D0005A3E81991109213900F940F9A139B1C9913440B9A01FB03230B9323EAE3730693FFF7D7BA22AA0B99584657
S32D0005A41005F056FD00224FF07F53F7F737FC02460B46CDE9102300220023F7F797FE08B101232293104B0B93A8
S32D0005A438C1E6109B0B93EEE5002963D130228DF892200DF19302303302F8013B24ABD31A1A93FFF796BA06F176
S32D0005A4600F02D2B20121FFF74FBA00BF28980600000030400000E03F50BF0600159B384D002BB4BF2D229DF833
S32D0005A4888320364BB8BF8DF8832027F08007FEF790BD169BD31819440B91662645E60B99584600220023F7F73D
S32D0005A4B055FE00287FF406AE079BC3F10103229301E6C3F101031A4422EAE2730B9206936726B0E519F0010FF9
S32D0005A4D83FF462AAFFF75CBA079A09F0010959EA020304D10123069366260B939FE5169B01331A4422EAE27336
S32D0005A5000B920693662696E50D90BCE60DF192029DE70E9B9AF80160924653F8042B0E9342EAE2720792FEF7F9
S32D0005A5284FBB00230F9313935EE7079C0DE70C998B8943F0400213468A81FEF76ABC02231A93FFF71EBA0A9ABE
S32D0005A5500C2313604FF0FF330893FEF765BC00BF48BF06004CBF06002DE9F04FADF5317D8A46B1F90C1002AF4B
S32D0005A578814688047B6209D4DAF8643041F4005123F40053AAF80C10CAF86430134613F8012BFB637A64002A43
S32D0005A5A001F0C7800023C7F83890FB617B63BB613B623B639946824B13F8028018F0080840F08180252A61D112
S32D0005A5C8F86B027845464446A2F12503411C552B64D8DFE813F05600630063006300630083056300630063003D
S32D0005A5F063006300D200D200D200D200D200D200D200D200D200D2006300630063006300630063006300DD00AC
S32D0005A618630013052505DD00DD00DD006300630063006300A904630063001B056300630063000D0563006300B3
S32D0005A64063006300B204630063002F0563006300630063006300DD00630015052705DD00DD00DD006405700587
S32D0005A668A90463003905450553051D058005630063000F05A504780563006300B2046300A504F963DAF804303E
S32D0005A690002B48DDDAF80030FA6B197812F8012C914235D07B6B43B17B6BD3F80080B8F1000F02D04046FAF734
S32D0005A6B8FFFC386B07F52F77BD46BDE8F08FDAF80420BC6B0FE0DAF800303B491A788A5C110703F101030ED50B
S32D0005A6E0DAF80420013ACAE9003209F10109002AEDDC5146204606F08FFD0028E7D0FB6B13F8012BFB637A6403
S32D0005A708002A7FF454AFC9E70133CAF80030DAF80430013B09F10109CAF80430EBE7B86B514606F075FD002850
S32D0005A730B0D03B6B1BB1BAF80C305A06B2D57B6B002B01F0CA807B6BDE88002E00F08D877B6BD3F80080002410
S32D0005A758A8F10405A14655F8043F1868FAF7A8FC01342B68B442C3F80090F4D14FF0FF333B63B8F1000F99D1A1
S32D0005A7809BE715F08F0F8DD104EB840402EB4404303C427808461BE7F9630426DAF80430002B40F3DC836B0647
S32D0005A7A840F1E383731E032B01F2EA80DFE813F007025A01A600060061B60600B86B04F01DFE0368BB60631E9B
S32D0005A7D0B3F5AE7F40F2BF856FF4AE72A3183B6040F25D14002307F5AC72514645F4F0657A617B60FB601E46B8
S32D0005A7F83B6193469A4608680278A2F12B0CBCF14E0F50D8DFE81CF018034F0018034F004F007D037400740095
S32D0005A82074007400740074007400740074004F004F004F004F004F004F004F001E037200720072007A030403B5
S32D0005A8484F004F00AA024F004F004F004F0062034F0044034F004F004F003D034F004F004F00290311034F00B3
S32D0005A8704F004F004F004F004F004F001E037200720072007A0304034F004F00AA024F004F004F004F006203F5
S32D0005A8984F0044034F004F004F003D034F004F004F0029031103BB6893F800C0944514D1AB0512D525F420752C
S32D0005A8C0C7F810A00BF8012B013C4A68013A002A09F101094A6040F31D8401300860002C8DD1334656468A46E9
S32D0005A8E8002E00F04C8225F4807548E22B05F4D516EB080FF1D125F4C075DFE7631EB3F5AE7F84BF6FF4AE7216
S32D0005A91004EB020B07F5AC7398BF4FF0000B4FF000087B611E46C7F828B05346D7F820B0CA4688BF40F25D140C
S32D0005A938C14645F458659846D8F800201078A0F12B034D2B63D8DFE813F038036200380362006200D103FD01EF
S32D0005A960FD01FD01FD01FD01FD01FD013E033E0362006200620062006200620062004E004E004E004E004E001A
S32D0005A9884E00620062006200620062006200620062006200620062006200620062006200620062004603620021
S32D0005A9B062006200620062006200620062004E004E004E004E004E004E00620062006200620062006200620044
S32D0005A9D862006200620062006200620062006200620062004603BBF10A0F10DD25F4386506F8010BD8F80430B9
S32D0005AA00013B002BC8F8043040F391830132C8F80020013C94D14346E905C846C7F820B0D1469A4607D57B6901
S32D0005AA289E4200F2B9857B699E423FF437AE15F0100240F08A833B6A7969B86BFC693270A047AA0600F1778388
S32D0005AA502B0700F153856C0740F1C186D7F824B05BF8043BC7F824B018806FE3002C08BF4FF0FF3415F00106CA
S32D0005AA7800F0FB8315F01003BB6240F0A185290640F13B86D7F824B05BF8046B002E3FF405AE8020FAF704FB88
S32D0005AAA0804600283FF44BAE7A6B3060D58893889D4280F00D8510687B6B40F825600135DD802023C7F824B017
S32D0005AAC8C7F810807B61DAF80030A14A1B78D35C13F0080358D19B46FAF740FA58453FF424AEDAE9003213F89C
S32D0005AAF0011B013ACAE90032BB6907F5AC70032B00F80B1007F150050BF1010B02D12B68042B04D00822002171
S32D0005AB182846FAF783FF07F5AC72B86B00955B464146FAF77DFD421CB8613FF4FEAD002840F0A985C8F8000029
S32D0005AB40FAF7E0F9002840F0B686D944013CBB6A002B40F0728608F10408002E00F06D863B69A8EB03057B6979
S32D0005AB68B3EBA50F40F2BA86D7F828B0DAF80430002B40F36286DAF80030754A1B78D35C1D0701D4002CA7D1E3
S32D0005AB90BB6A002B7FF4B3ADC8F80030002E00F037813B697A69A8EB03018B1001339A4240F22E813068043132
S32D0005ABB8FBF70CF8002800F02781306024E1002C08BF4FF0FF34E80740F1DE8215F010033B6140F03285290670
S32D0005ABE0D7F824B040F183855BF8043BFB60002B3FF458AD8020FAF757FA054600283FF49EADFB687A6B186083
S32D0005AC08B2F806809388984580F04A841068FB687A6B40F8283008F10103D3802023C7F824B0BD607B60C7F886
S32D0005AC302890A146BC69002607F5AC7BA846FAF791F9B0423FF475ADDAE9003213F8011B0BF80610013A032C95
S32D0005AC58CAE9003206F1010607F1480502D12B68042B04D0082200212846FAF7D7FE5A46B86B00953346414661
S32D0005AC80FAF7D2FC421C04463FF453AD002840F0F383C8F80000B86107F150030822002118467B61FAF7BEFEE3
S32D0005ACA82C49B86BD1F8E010D7E90532B961D7F818C007F14001E047012800F05284002207F158039B5C002B8A
S32D0005ACD000F0A085BB6A032C3344BB6200F0498409F1FF393B695BB9FB6808F104083BB1BB68A8EB03057B68B8
S32D0005ACF8B3EBA50F40F23F84DAF80430002B4FF0000640F3BD83B9F1000F94D1D7F82890BC6145463B69002BDD
S32D0005AD207FF4EDAC2B60FB68002B71D0BB687A68E91A8B1001339A426AD9FC6804312068FAF748FF002863D0F0
S32D0005AD48206061E0044B25F4386533F91BB04FE661B60600E011002098BF0600B8F1000F40F0FF81BAF1000F39
S32D0005AD7040F0EC8205F4E06CBCF5E06F00F01B85334656468A46013B012B40F2848508F1FF33062B40F2E382C2
S32D0005AD98EA0513D56B0500F1B3851BF8011C65290BF1FF3309F1FF3402D0452940F01C83B86B5246A1469B466D
S32D0005ADC006F0EAF915F010027FF499AC05F4C063B3F5806F8BF8002000F0EB83FB68002B40F09D830022796922
S32D0005ADE8B86BFDF771FDEE0702460B46C7E90A23D7F824B040F1E1825BF8043B0A460146C3E90012C7F824B097
S32D0005AE103B6B01333B6372E42B0503D516EB080F3FF46DADB8F1020F7FF45BAD4FF0030848E5B8F1070F7FF4F6
S32D0005AE3854AD4FF0080841E52B067FF54EAD25F080053BE52B0503D516EB080F3FF453AD012E7FF442AD02260B
S32D0005AE6030E505F4186CBCF5807F7FF43AADBAF1010F7FF436AD4FF0300C0BF801CB45F40065013C4FF0000AA4
S32D0005AE881CE5B8F1060F7FF428AD4FF0070815E52B057FF522AD05F4A06CBCF5806F06D06B057FF51AADBAF104
S32D0005AEB0000F3FF465AFAB0505D43B69C7F804B0AAEB0303FB6025F4786545F4C0754FF0000AF7E4002E40F09D
S32D0005AED84281BAF1000F05D105F4E06CBCF5E06F00F07484B8F1010F03D0B8F1040F7FF4F4AC08F101085FFA11
S32D0005AF0088F8DFE42B05CAD5F6E4EB057FF5F4AC3B6825F080050AF1010A002B3FF4D4AC3B68013B3B60D0E4DF
S32D0005AF282A077FF4BBAB30E42E077FF4B7AB427845F002050846FFF747BB45F400758E4BFB6110233B62DAF80D
S32D0005AF500430F963002B4FF003063FF724ACB86B514606F059F900287FF4E3AB6B063FF51DACDAF8002083496E
S32D0005AF781378CB5C18077FF515ACD7F838B007E0CAF800207D491378CB5C19077FF50AACDAF80430013B002BF1
S32D0005AFA009F10109CAF8043002F10102ECDC5146584606F031F900287FF4BBABDAF80020E4E72B067FF527AD3A
S32D0005AFC825F0800514E56E4B33F91BB0BBF1080F3FF70CAD1BE505F4C063B3F5007F7FF416AD25F4007545F421
S32D0005AFF0A0654FF0100BFFE445F00105F9630226FFF7CCBB45F0010545F04005F9630026FFF7C4BB45F00105C9
S32D0005B018594BFB610823F9633B620326FFF7BABB45F00105574BFB610A23F9633B620326FFF7B0BB07F1580014
S32D0005B04004F07CFF45F04005F8630126FFF7A6BB2A077FF427AB42786C2A00F0008345F001050846FFF7B4BAF5
S32D0005B06815F08F037FF41AAB7A6B002A00F02183427845F080050846FFF7A6BAEB0600F1B0812E0740F14383EC
S32D0005B090D7F824B0F9635BF8043BC7F824B083F80090FFF72CBB2B077FF4FCAA4278682A00F0CF8245F004056B
S32D0005B0B80846FFF789BA334BFB610023F9633B620326FFF767BB2C4BFB610A23F9633B620326FFF75FBB45F43C
S32D0005B0E0087530E72C437FF4DDAA427810250846FFF76EBA2B057FF57FACBBF1000F03D145F400754FF0080B87
S32D0005B108690540F14F8125F4B06571E4B86BB96206F07EF8B96A00287FF4DFAB002C7FF46AABFFF7DABBB86BCE
S32D0005B130414606F071F800283FF46BAC6BE4D7F824B05BF8043B1860C7F824B03B6B01333B637B69F61AB044A5
S32D0005B158C144FFF7D0BA022E7FF4C4AE0326FFF7ADBBB8F1030F3FF4C4AEB8F1050F3FF4C0AEFFF7B2BB00BFC3
S32D0005B180D58A050061B6060098BF060031020600E80600F1238215F08005D7F824B000F0A1825BF8045BBD62F0
S32D0005B1A8002D3FF47BAA2020F9F77AFF064600283FF4C1AA7A6B28609388D5889D4280F041811068BB6A40F869
S32D0005B1D025307B6BC7F824B00135DD802025DAF8002007F1580B13781BF80330002B3FF459AAB046C7F81490CE
S32D0005B1F8D946AB463546BE6ADAF804000138CAF80400501CCAF800004146107801F8010B26B1A1EB0508D845CD
S32D0005B22080F007818846013C0BD0DAF80410002940F38A81DAF80020117819F801100029DED1D7F8149046465C
S32D0005B248A8465D46B6EB08083FF428AA00233370BB6A23B108F101018D4200F2AE823B6B0133C1443B63FFF76E
S32D0005B27046BAE80600F1688215F0800500F00082D7F824B05BF8046BBE62002E3FF40AAA2020F9F709FF0546C9
S32D0005B29800283FF450AA7A6B30609388D6889E4280F0AD801068BB6A40F826307B6BC7F824B00136DE804FF04B
S32D0005B2C0200BDAF80030BE491A788A5C160700F1838122462E462C4619461546DAF804204B1C013ACAF8042017
S32D0005B2E8CAF80030A0460B7808F8013BBB6A23B1A8EB06045C4580F0E281013D0CD0DAF80420002A444640F39B
S32D0005B3101382DAF80010AA4B0A789A5C1007DDD5A8EB060189444546013100232B70BB6A002B3FF46DAD8B450E
S32D0005B3387FF66AAD18681C46FAF748FC00287FF4FFAC61E5334656468A46FFF7CCBA00233B60FFF743BAB8F1F8
S32D0005B360020F40F2E982B8F1030F3FF415ADA8F104085FFA88F86FEA08045346BD62BD6BC2465C44B0461E4697
S32D0005B3881BF8011D3246284605F002FF5C45F7D133464646D0469A4609F1FF33BD6AA3EB0809F5E4BB6A25F418
S32D0005B3B0607513B1013BBB62013409F10109FFF71DBBAC0700F1A280D7E90A235BF8044BF6F7F6FE002840F0E3
S32D0005B3D8A782D7E90A01F6F74DFFC7F824B0206012E5F963FFF787B9B86B524605F0D0FEA9F102041BF8021C2A
S32D0005B400ABF10203D8E44FF6F67293423FF69BA908331FFA83F87B6B4FEA88011868FAF7D9FB00283FF48FA972
S32D0005B4287B6BA3F8048018603DE74FEA4B0B28465946FAF7CBFB054600283FF47CA980443060ECE64FF6F6725F
S32D0005B45093423FF678A908331FFA83F87B6B4FEA88011868FAF7B6FB00283FF46CA97B6BA3F804801860A9E689
S32D0005B478831C40F07682DAF80430002B3FF7DBABB86B514605F0C4FE00283FF43CACD7F82890BC614546002EDC
S32D0005B4A03FF43CACFFF745B94FF6F67293423FF64AA908339EB27B6BB1001868FAF78AFB00283FF440A97B6B7E
S32D0005B4C89E801860FFF7A3BB4FF6F67293423FF636A97A6B08339BB210687B629900FAF775FB00283FF42BA9E6
S32D0005B4F07A6B7B6A93801060FFF7DEBAD7F824B05BF8043BC7F824B018701FE6D7E90A125BF8043BC3E90012CD
S32D0005B518C7F824B078E4786801460A2301318346B86B04F081FEFB68C21A07F2AB239B4528BF07F2AA2B214927
S32D0005B5405846FAF745FE4DE4B86B514605F064FE00283FF46FAE4646A8464645D7F814905D467FF473AEFFF7A7
S32D0005B568E4B897F84020FFF7ABBB2B68042B7FF4B3ABFFF7B3BBB868D9001E46FAF726FBB86000283FF4D7A871
S32D0005B590FA68730000EB050810607B60FFF7B0BB16F8011CB86B5246013E05F0F5FDFFF73EBA3B69B342A3EBEE
S32D0005B5B80602BAD112E400BF61B6060090BF0600002607F14403C7E904669846FFF77BBA0121A6E6DAF800306E
S32D0005B5E007F1580B1A781BF80220002A3FF45AA80133CAF80030DAF80430012C03F1FF33CAF804301AD0BD6B30
S32D0005B60810E0DAF800301A781BF8022001338AB1CAF80030DAF804300136013BB442CAF8043007D0002BECDCC6
S32D0005B6305146284605F0F0FD0028E6D0B144FFF75EB80023C7E90133FB6007F14405FFF7EEBA827845F00805A4
S32D0005B6580230FEF7B9BF827845F002050230FEF7B3BFD3F800804FF0FF333B63B8F1000F7FF41CA8FFF71DB83D
S32D0005B6807E6AAB4656F8045BC7E9096B19E6BB6902333FF46FAAD8F80000F9F733FC002840F00981BB69032B26
S32D0005B6A8D9447FF44FAA2B68042B7FF44BAAFFF74ABA82B0CDE9023302AB7B63D8E44FEA4B0B30465946FAF7C9
S32D0005B6D081FA064600283FF432A8BB6A00EB040818600EE65BF8046BC7E909B577E53B695BF8045B7B60C7E956
S32D0005B6F80233C7F824B0FFF796BAD7E9096356F8048B7E627B613B611E46FFF7DCB96C0740F1A080D7F824B05A
S32D0005B720F9635BF8043BC7F824B0A3F80090FEF7E6BF3A63FEF7C1BFB86B514605F06CFD00283FF4E6ADEBE5C8
S32D0005B748DAF800308B491A788A5C11073FF572AF0133CAF80030DAF80430012C03F1FF33CAF8043000F0F98035
S32D0005B770BD6B012614E0DAF8003080491A788A5C120703F101033FF559AFCAF80030DAF804300136013BB44272
S32D0005B798CAF804303FF44EAF002BE8DC5146284605F036FD0028E2D0B144FEF7A4BF25F4F0654FF00108FFF769
S32D0005B7C081B818681C46FAF705FA00283FF44BAD206048E525F4F0650126FFF773B815F001027FF4ACACA90712
S32D0005B7E87FF5A9AC644BF969B86B99423B6A796900F0AF8004F0DEFD0B46D7F824B05BF8041BC7F824B0C1E93E
S32D0005B81000039BE4D7F82890BC614546002E3FF47DAABC6B013E52461BF80610204605F0B3FC002EF6D1FFF7B0
S32D0005B83871BA4FF0000BFFF799B9B86B514605F0E7FC00283FF497A9BBF1000F7EF46DAFFFF79AB9E8070FD48F
S32D0005B860AA070DD5D7F824B0F9635BF8043BC7F824B04FEAE972C3F800905A60FEF73FBFD7F824B0F9635BF820
S32D0005B888043BC3F80090C7F824B0FEF734BF7C69D7F83890A3457EF601AF1BF8011D5246484605F075FCA3455B
S32D0005B8B0F7D1FEF7F7BEBBF1000F3FF469A9BD6B5C46013C07F5AC735246195D284605F063FC002CF5D1FFF719
S32D0005B8D85BB94FF0FF333B63FEF7EBBE3869D900FAF774F9386100283EF425AF7B69D7F828B030605B0000EB7C
S32D0005B90005087B61FFF736B97C69D7F83890A3457EF6C8AE1BF8011D5246484605F03CFCA345F7D1FEF7BEBE53
S32D0005B9281648C7F824B004F04BFB2060FFF76CBA7B69D7F838909B457EF6B0AE1BF8011D5246484605F024FC8C
S32D0005B9507B699B45F6D1FEF7A5BE04F0FDFD0B464FE72646B144FEF7CABED8F80030BB6101337FF491A9BA696E
S32D0005B978FFF7A6B961B60600D58A0500A88B0600012C38BF012415F0010300F0978015F010037B6140F0D980B7
S32D0005B9A02A06D7F824B040F1DB805BF8043BBB62002B3EF477AE8020F9F776FB064600283EF4BDAEBB6A7A6BC8
S32D0005B9C81860B2F8068093889845C0F0F5804FF6F67293423EF6B3AE08339DB27B6BA9001868FAF7F3F80028D3
S32D0005B9F03EF4A9AE7B6B9D801860BB6A40F828307B6BC7F824B008F10108A3F80680B3464FF020080025F9F75A
S32D0005BA18A5FAA8423EF489AEDAE9003213F8011B013ACAE90032BA6907F5AC70032A415505F1010307F1500588
S32D0005BA4002D12A68042A06D0082200212846BB61F9F7E8FFBB69B86B009507F5AC7231463B61F9F7E1FD431C88
S32D0005BA68B8613EF462AE3B69002840F0B5807A6902B932609944013C7B6943B9BB6A2BB1A6EB0B05B8EBA50FFC
S32D0005BA9040F2D8800436DAF80430002B4FF0000540F3A780002CB6D1BB6A2BB1A6EB0B01B8EBA10F00F2D58005
S32D0005BAB87B69002B7EF41FAEFFF7A6B9EE0654D42D066AD57E6A56F8045B002D3EF4E6AD2046F9F7E5FA8046A8
S32D0005BAE000283EF42CAE7A6B2860B2F806B093889B4573D34FF6F67293423EF624AE7A6B08339BB21068BB6267
S32D0005BB089900FAF763F800283EF419AE7A6BBB6A938010607B6B40F82B500BF1010BA3F806B04146B86BCDF816
S32D0005BB3000A02346012205F08DFB8046002864D084426DD83B6B7E620133C1443B63FEF7D6BD4FF00008C346D7
S32D0005BB58C7F82880464659E77B695BF8046BC7F824B098469B46BB6250E71D46DAF804309C4223DDDAF8002002
S32D0005BB80B86B1A44CAF8002051461D44E41A05F043FB0028EED0002D3EF4CBADA944FEF7AEBD7E6AB86B316858
S32D0005BBA8CDF800A02346012205F050FB804600283EF4BBAD0436C1E710681AE71B1BCAF80430DAF800302544BF
S32D0005BBD01C44CAF80040A944FEF791BD10689DE7BA69023224D1DAF80420002A1D463FF712AFB86B514605F03F
S32D0005BBF80FFB00283FF452AF002D3FF451AFFEF794BD3B6B002B3EF49AADBAF80C305B067EF546ADFEF793BDCA
S32D0005BC2028684146F9F7D6FF00288BD0286089E79944BB69032B7FF422AF2B68042B7FF41EAF1DE758464FEA4A
S32D0005BC48C801F9F7C3FF834600283EF474ADBB6A461918604FEA480818E7BC6A2068F9F7B5FF00283FF424AF06
S32D0005BC70206021E710B4044C03460A46206810BC194603F04FBB00BFB40D002010B4044C84461346206810BC91
S32D0005BC980A46614601F096BCB40D0020FE2806D8034BC35C03F00303012B08BF2030704761B60600FE2806D8D9
S32D0005BCC0034BC35C03F00303022B08BF2038704761B606000148F9F76FB900BF6C3400200148F9F76DB900BFCD
S32D0005BCE86C340020014B186800F002B8B40D00202DE9F04F8BB0054603F026FBB9490446284603F003FB06462C
S32D0005BD10002800F00281B64F396829B1FAF7F4FA002800F0DF8039680846F9F7C5F93046FBF786FD411C28463C
S32D0005BD38F9F7C6F9386010B13146FAF74DFC3378AA4AAB493A2B08BF013608AB304604F03BF9002840F3C2803B
S32D0005BD60089BF518F35C2D2B00F0BF802B2B08BF01354FF0010908AB06AF0DF116064FF000089E4903930193B4
S32D0005BD880297009605AA2846ADF81680ADF8188004F01AF9404540F3A180BDF816300899DFF854A2C3EB0312B8
S32D0005BDB0BDF8183003EB8203BDF814200D444FF4616101FB023309FB03F3DFF83892A362884BC9F8003088494B
S32D0005BDD808AB5246284604F0F7F8404540F3EE80089BC9F804A0EA5C2D2A1D447DD02B2A08BF01354FF0010889
S32D0005BE0008ABCDE90273CDE900630023ADF81430ADF81630ADF818300893784908AB05AA284604F0D5F800281F
S32D0005BE2840F38580BDF81630C3EB0312BDF8183003EB8203BDF814204FF4616101FB023308FB03F32365089B3E
S32D0005BE50DFF8B4B11D44A1464FF0000A95F80080B8F12C0F04BF95F801800135B8F14D0F65D0B8F14A0F08BFF7
S32D0005BE7801354FF00A0209A9284618BF4FF04408FCF726FE099BADF81E00AB4234D080B289F80880C9F8140015
S32D0005BEA01D460023ADF81630ADF8183008930223ADF814302B782F2B69D04FF4E153C9F8183009F12809BAF1DC
S32D0005BEC8000F16D0606806F029FDA26A236D4D484D4902609B1A18BF01230B600BB0BDE8F08F01354FF0FF399E
S32D0005BEF041E701354FF0FF3882E74FF0010AADE7BAF1000F69D04D2284F830200B210122C4E90D120022E26354
S32D0005BF18C2E73D4A344C1060384B3A493B4A0860C3E900222068F9F7C3F82660D6E7A36AA3F5616386E708AB16
S32D0005BF40039301930DF11E03029307AB00930DF11A0208AB5946284604F03AF80328C1D1BDF81A305A1E0B2A42
S32D0005BF68BCD8BDF81C20511E0429B7D8BDF81E100629B3D8C9E9033289F80880C9F81410089B1D4489E708AB5D
S32D0005BF90CDE90273CDE900631F49284605AA04F017F8BDF816300899C3EB0312BDF8183003EB8203BDF81420FA
S32D0005BFB80D444FF4616101FB02337CE7D9F80010104A114BC9F80410A16A1160C3F8008084E74D2222720320B8
S32D0005BFE00222C4E90302C4F814A059E7F8C00600C0340020B4340020FCC006000CC10600A83400205C170020AA
S32D0005C00820C10600C8340020C43400206498060034C106000020704701F140032DE9F0410C46096B994214D015
S32D0005C030666B77003A46F9F7D9FD054640B300EB0608014632464046F9F7D6FBC4E90C57C4F800800020BDE801
S32D0005C058F0814FF48061F9F733F8A8B194F842304FF48062C4E90C0280F8FF3394F8413080F8FE3394F8402092
S32D0005C08080F8FD2300F2FD3323600020BDE8F0814FF0FF30DFE700BF70B54C1C47D00E460546144610B1836BDB
S32D0005C0A8002B43D0636E13F0010FB4F90C309AB201D199055BD5920405D4626E22F4005243F40053626623F062
S32D0005C0D020035807A3819AB206D4D1066FD5120757D443F00403A381236BF6B22BB36268636B9A420FDA2368B8
S32D0005C0F85A1E226003F8016C6368626E0133D007636002D4A3899B053AD5304670BD21462846FFF781FF002883
S32D0005C120E9D0636EDE0702D4A3899D054CD54FF0FF36EEE7F7F794FEB8E7236922682BB1934203D212F8013C6D
S32D0005C1489E422FD06168E163234604F14001A26303222163626303F8426F626E0121D207C4E90031D1D4A389A0
S32D0005C1709B05CED408E0A06DF8F720FFB4F90C309AB29204A3D49CE7A06DF8F71BFF304670BD21462846F7F716
S32D0005C198F5FD0028C1D1B4F90C30A06023F00803A0619AE76368616E013A0133C907C4E90023AAD4A6E7636EBA
S32D0005C1C0D807B4D49105B2D4A06DF8F7FBFEAEE710B4044C03460A46206810BC1946FFF75BBF00BFB40D00202F
S32D0005C1E82DE9F041536E13F0010FB2F90C30154682B0064688469AB201D19C0539D5900406D46A6E43F40053DE
S32D0005C21042F40052AB816A66B8F1FF3F1ED001AF394605F15C034246304600F0DFF8411C044629D03C4405E054
S32D0005C23814F8011DFFF72CFF01300BD0A7422A463046F5D16B6EDA07444608D5204602B0BDE8F0814FF0FF3426
S32D0005C2606B6EDA07F6D4AB899B05F3D4A86DF8F7A9FE204602B0BDE8F081A86DF8F79EFEB5F90C309AB2BEE738
S32D0005C288AB8943F04003AB81E6E700BF0C4B70B51E6804460D460EB1B36B33B12A4621463046BDE87040FFF729
S32D0005C2B09BBF3046F7F7D4FD2A4621463046BDE87040FFF791BF00BFB40D002010B51A4C002924689AB02ADB15
S32D0005C2D8009004904FF40270ADF80C0013D001394FF6FF7002910591ADF80E0069462046FCF718FC421C01DAA7
S32D0005C3008B232360009B00221A701AB010BD4FF6FF7002910591ADF80E0069462046FCF705FC431C01DA8B237A
S32D0005C32823601AB010BD8B2323604FF0FF30F8E7B40D0020F8B50D461446064610B1836B002B43D0B4F90C20FD
S32D0005C350A369A360170790B21BD52369CBB1EDB281042F4622D522686169D31A994229DD0133A1680139A16029
S32D0005C378511C2160157062699A422AD0A389DB0701D50A2D25D03846F8BD2146304601F02FF920BBB4F90C2091
S32D0005C3A0236990B2EDB281042F46DCD442F40052A281626E616922F4005262662268D31A9942D5DC21463046FE
S32D0005C3C8F7F7DCFC58B922680123CEE7F7F744FDB8E721463046F7F7D1FC0028D3D04FF0FF37D0E770B505463B
S32D0005C3F084B01C4639B10B4ED6F8E060B047431C09D004B070BD0A460649D1F8E06001A9B047431CF5D1002293
S32D0005C4188A2322602B6004B070BD00BFE011002070B5114B84B01D6814460B46014650B10E481A46D0F8E0609B
S32D0005C44023462846B047431C0BD004B070BD094A2346D2F8E06001A902462846B047431CF3D100228A2322604F
S32D0005C4682B6004B070BD00BFB40D0020E011002006F022BB4269002A40F26C73A8BF6FF063031344920710B4EB
S32D0005C49008D14B4C4B4A4C4904FB0322B1EBB20FC0F08B80474A464C484904FB0323B1EB331F2CBF01220022AC
S32D0005C4B8D0E906315B0003EB01131344212B23DDA3F5B553023B352B20D8352B1ED8DFE803F06D1D1D1D1D1D1E
S32D0005C4E01D1D1D1D1D1D1D1D1D1D6D6D6D1D1D1D1D1D1D1D1D1D1D1D1D1D6D6D6D6D6D1D1D1D1D1D1D1D1D1D21
S32D0005C5081D1D1D6D1D6D1D6D002B02DA002010BC7047212BFAD801A252F823F0ADC50500ADC5050015C5050093
S32D0005C53015C5050015C5050015C5050015C5050015C5050015C5050015C50500ADC50500ADC50500ADC505005A
S32D0005C558ADC5050015C5050015C50500ADC50500ADC5050015C5050015C5050015C5050015C5050015C5050032
S32D0005C58015C5050015C5050015C5050015C5050015C50500ADC50500ADC5050015C5050015C50500ADC505000A
S32D0005C5A8ADC505004FF0FF3010BC7047012010BC704701227CE700BF295C8FC250B81E05285C8F020AD7A30075
S32D0005C5D02DE9F04F1568ADF29C4D83460E468DB11F462B46002514460295252B15D0721EAA4240F2AD804BF844
S32D0005C5F82530043401352368002BF2D1002E00F0A480002328464BF825300DF29C4DBDE8F08FD4F80480B8F164
S32D0005C620300F00F09E80B8F12B0F00F09A804146A1F13103082B04F104044FF0000840F298804FF000094529E9
S32D0005C64800F088804F2900F08580A1F12502552A7AD8DFE812F0440279007900790079007900790079007900F9
S32D0005C67079007900790079007900790079007900790079007900790079007900790079007900790079006D022D
S32D0005C69894024C017F017900A001D501A900B0007900790079006A0279007900C6007900370249044C045B0486
S32D0005C6C029027F038F039C03BC037900790079007900790079005600FC004D029300930079002001FC007900FE
S32D0005C6E84401A900B0004801BB027900C6007900C402C8025D03660379006004F103F5030304BB69B14A183330
S32D0005C71026A852F823100023FF22CDF8943402F08BFE431E03333DD806F1FF3CAC450FD905F18042013A26ABE4
S32D0005C73828440BEB8202013553F8041B42F8041F85422BD06545F6D3002528460DF29C4DBDE8F08F6168043416
S32D0005C76077E7A168A1F13103082B04F108043FF668AF204606A90A2200F022FE069C8146216860E7944B954AB1
S32D0005C788642918BF1A46FB68711B0BEB850006F089F80028D8DB0544AE42D5D92368002B3FF42CAF043426E70E
S32D0005C7B08A4B894A6B2918BF1A46BB68E8E7BB68002B00F0D9830C2B09D0854A82FB0320DA17C2EB600202EBEB
S32D0005C7D84202A3EB82037F487D4A492908BF0246D2E7BB680B2B794BD4BF0022012203EB820326A8D3F8A4105A
S32D0005C800FF220023CDF8943402F016FE431E0333C8D8721EAA429BD905F1804909F1FF3903960DF1980800EBF4
S32D0005C828050A0BEB8909164609E00135554549F8040F08F1040800F0C684B54284D22368D8F80000502BF0D1BA
S32D0005C850FFF728FAEDE73A695E4B26A853F822100023FF22CDF8943402F0E6FD431E033398D806F1FF3CAC4562
S32D0005C8787FF66AAF05F18042013A26AB28440BEB8202013553F8041B42F8041F854285D06545F6D358E738460C
S32D0005C8A0FFF7ECFD804678690028C0F265844D4B83FB0023C217C2EB6312642303FB1202DFF820C142448CFB8A
S32D0005C8C80213D1176420C1EB631100FB11220244ACFB02135B0900FB13233E4A54E7FB693F4A013350E73B6918
S32D0005C8F03A4A01334CE73D49D7F814A08A45ACBF00210121BAF1000FC0F20984354B83FB0A234FEAEA72C2EB3E
S32D0005C918631303F1130CB8F1000F00F07483BCF1630F40F3C783304A304BB8F12B0F18BF13462F4ADFF8ACE044
S32D0005C9402E48B9F1020F38BF4FF00209F245B8BF03460BEB8500A6EB050E63E378693B69002803F101080BEB56
S32D0005C9688509FB68A6EB050AC0F2ED831B4A82FB0021C217C2EB6112642101FB1202CDE9003251461C4A4346EA
S32D0005C990484605F08BFF0028BFF601AFD8E60DF1180A2523CAF80030B8F1000F40F0C1822B23CAF8043004232C
S32D0005C9B80DF12008114A1E21404605F073FF002840F3C08208EB8000BDE200BFFCBF060084C10600BCC10600A2
S32D0005C9E0ABAAAA2A1F85EB5110C2060094F8FFFFA88B060064A8060048C1060010A8060094C10600D0C10600AF
S32D0005CA08CE4BD7F814A09A45ACBF0023012338460393FFF72FFDBAF1000F0146C0F25683C74B4FEAEA7083FBE9
S32D0005CA300A23C0EB631313335246C348A0FB02C040094FF0640E0EFB10200029C0F2B38200F0CF83DFF8ECC235
S32D0005CA58E245C0F2EF82002203920844421C00F0AF82642804BF01330020642202FB0303039A002A40F09181AA
S32D0005CA80B8F12B0F40F0748242F20F7293420DF1180A40F2BB83CAF80080B9F1000F40F05C8207A825220260FF
S32D0005CAA830224260083089E13846FFF7E3FCBA69002A00F05F82013A002840F384820123A04A61E67B680093ED
S32D0005CAD0BB689F4A711B0BEB850005F0E7FE0028BFF65DAE34E6731EAB427FF631AE25234BF82530013555E621
S32D0005CAF8964BD3F8A0100DF198080023C8F8FC33FF22404602F094FCD8F80030002B3FF445AE42463B46711BF0
S32D0005CB200BEB8500FFF754FD00287FF711AE054438E67B68854A2BE6BA69864B03EB820326A8D96FFF220023D8
S32D0005CB48CDF8943402F074FC431E03333FF626AE06F1FF3CAC457FF6F7AD05F18042013A26AB28440BEB820245
S32D0005CB70013553F8041B42F8041F85423FF412AE6545F5D3E4E53B69724A0C3326A852F823100023FF22CDF8AD
S32D0005CB98943402F04DFC431E03333FF6FFAD06F1FF3CAC457FF6D0AD05F18042013A26AB28440BEB82020135FA
S32D0005CBC053F8041B42F8041F85423FF4EBAD6545F5D3BDE5731EAB427FF6BAAD0A234BF825300135DEE55B4B17
S32D0005CBE8D3F8E41087E73B6A002B80F2C5814FF00009CDF81090D7F814C0BCF145034FEAEC7868F10008B8F179
S32D0005CC10000FA6EB05010BEB850002DA033348F10008DFF824A10CF1FF3E0CF22B12ACF1460CCDF80CC09B0849
S32D0005CC388AFB0ECA4FEAEE7ECEEB6A1E43EA8873DFF8FCA04FEAA808B3EB0E0368EBEE7E8AFB02C8D217C2EBAF
S32D0005CC60E812DDF80CC09B184EEBE27240F26D1E0EFB0CFE13EB0E0C42EBEE73FA691CEB020C43EBE2731CEB4E
S32D0005CC880C0243EB030E12EB0C0243EB0E03D7F808C0DB0043EA5273D20012EB0C0E43EBEC731A014FEA0E1C8A
S32D0005CCB0BCEB0E0C42EA1E7262EB03039A0042EA9C724FEA8C03D7F804C013EB0C0E42EBEC7C4FEA0C124FEA15
S32D0005CCD80E13B3EB0E0342EA1E7262EB0C029200D7F800C042EA93729B0013EB0C0342EBEC72DDF810C0B3EB7A
S32D0005CD00090362EB0C02CDE90032134A05F0CEFD0028BFF644AD1BE5731EAB427FF618AD09234BF82530013514
S32D0005CD283CE5731EAB427FF60FADBB69002B40F0F78037234BF8253001352FE594F8FFFF1F85EB51BCC10600E9
S32D0005CD504CC20600FCBF060024C20600BA69002A00F0FE80013AFB6907339A1AC14B83FB02131344D217C2EB1B
S32D0005CD78A303A5E6BE4B0DF19808D3F89810FF2200234046CDF8943402F052FBBCE67B69B84A934280F2E28076
S32D0005CDA0D31A0DF1180A2D22CAF80020B9F1000F40F0D38007A825220260B8F1000F7FF473AE0430AE49039381
S32D0005CDC805F086FE039B009352464B467EE63B6A002BFFF6E7ACFEF779FF029B002B00F019823B6AA54A002B2A
S32D0005CDF0D4BF0023012352F823804046FAF720FD002800F0188206F1FF3C654580F0F58105F18043013B08F153
S32D0005CE18FF320BEB830300EB050802E0654580F0E881013512F8011F43F8041F4545F5D1FEF752FF454654E0CA
S32D0005CE408D4BD3F89C105AE678690028C0F28F818D4B83FB0032C317C3EB6213642202FB130331E63B6A002B60
S32D0005CE68FFF6A0ACFEF732FF029B002B00F0FA8002F06AFA3B6ADFF80CA2002BD4BF00230123013303EB8303D1
S32D0005CE9050F83330C3F10008FEF722FF8AFB08304FEAE8794044C9EB601002F0A7FA8AFB00230344C217C2EBEB
S32D0005CEB86312754BC2EB0212A0EB820083FB082343440090714AC9EBE3230BEB8500711B05F0E8FC0028FFF612
S32D0005CEE037AC0544AE427FF633AC0123029359E43B68694A4CE43B6801937B680093BB68664A711B0BEB8500AC
S32D0005CF0805F0D0FC0028BFF646AC1DE4FA69BB690732D21A26E7731EAB427FF615ACBB6930334BF825300135A3
S32D0005CF3038E4B9F1060F38BF4FF00609B9F10603CAF804807FF438AD0DF120084046544905F0C2FD3B46524647
S32D0005CF58E1E509F1FF3929E7062200E7B8F12B0F03F26C7300F01E810DF1180A50461EE70C2330E406229FE59F
S32D0005CF80FEF7A8FE029B002B6DD002F0E1F93B6A002BD4BF00230123013303EB830350F83330C3F10009FEF763
S32D0005CFA89BFE012302934FEAE973049323E63B4AD7F814C094454FDB0844411C7FF455AD013B632051E5FB692D
S32D0005CFD03CD079690029A2EB030340F26B72A8BF6FF064021144880740F0F4802E48DFF8BCC02F4A0CFB010077
S32D0005CFF8B2EBB00F80F0EA8001229B1A052BB4BF352334235CE5B9F1020F284A284B38BF4FF002090BEB850009
S32D0005D020A6EB050EA9EB0101CDE9001C714605F03DFC0028BFF6B3ABFFF78ABB421E002800F0E680642101FB17
S32D0005D0480323AAE60A339B1A084A82FB03121A44DB17C3EBA20333E501210391FDE4FEF741FE8EE7FEF73EFEFD
S32D0005D07002E700BF93244992FCBF060094F8FFFF00C206005C1700201F85EB5189888888C5B3A29174C20600C5
S32D0005D098BCC1060038C20600E0C1060095F8FFFF50B81E05295C8FC2285C8F0268C10600A88B0600B9F1020F77
S32D0005D0C05E4A5F4B38BF4FF002090BEB8500A6EB050EA7E704900AF26C70C1F7C0FA594B7A69049983FB003E3F
S32D0005D0E8002A4FEAE073C3EB6E13BFF6A2AC02F26C70CDE90413C1F7AEFA504B844683FB003EC017C0EB6E100F
S32D0005D1104FF0640EDDE904130EFB10C095E40AF26C700391C1F79BFA464B039983FB003CC317C3EB6C1CB8F1B3
S32D0005D138000F56D042F20F7398423FF7F4AB3E4B3C4AFFF7F7BB00F26C700393C1F783FA3A4BC21783FB0031CD
S32D0005D160C2EB61126421039B01FB12020BE400F26C70C1F774FA6BE600F26C70C1F76FFA304B83FB0023C21731
S32D0005D188C2EB6312B8F1000F4FF0640303FB120243DA7969A3F2CF739942B8BF4FF00108FFF78ABB42F20F7282
S32D0005D1B093420DF1180A24D9CAF80080B9F1000F7FF4CBAE2522CAF8042007A86CE4039EFFF7E8BA1C4A1D4843
S32D0005D1D800FB01211C4AB2EB311F2CBF012200220BE7154B194AFFF7A5BB421C7FF43DACE6E6FEF771FDFFF79A
S32D0005D200A7BA2522CAF8002050464DE4504649E4013B642202FB03F36333C2E5FEF766FDE3E53FF44DAB0C4B53
S32D0005D22879699942B8BF4FF0FF38FFF745BBA846FEE500BF48C10600A88B06001F85EB5150B81E05295C8FC27A
S32D0005D2500AD7A30068C1060094F8FFFFFFF7B8B90146006830B10B4653F8042F002AFBD1581A8010704700BF3A
S32D0005D2782DE9F84FDDF828B00E468046174699460D46AA4655F8044B59462046F7F73AFE0028F6D12D2C5ED0A3
S32D0005D2A02B2C08BF2C68864608BF0AF10805B9F1000F0CD0B9F1100F57D04FF0FF32B2FBF9F209FB02FA6FEA28
S32D0005D2C80A0A494607E0302C5BD04FF00A09394A4FF0050A4946002307E0934215D82CD001FB03C3012055F878
S32D0005D2F0044BA4F1300CBCF1090F06D9A4F1410CBCF1190F08D8A4F1370CE1450DDD0028E7DA4FF0FF30EAE7A0
S32D0005D318A4F1610CBCF1190F03D8A4F1570CE145F1DC00280EDBBEF1000F00D05B420FB178B93E601846BDE877
S32D0005D340F88FD445D0DD4FF0FF30D0E72223C8F800304FF0FF33002FF0D02E1FEDE72C684FF0010E0AF10805A8
S32D0005D368A1E7302C20D12B6823F02003582B15D110216C684FF00F0A08356FF070428946A9E72B6823F02003B8
S32D0005D390582BF1D04FF008094FF0070A6FF0604249469CE749466FF070424FF00F0A96E74FF00F0A6FF0704295
S32D0005D3B8494690E79999991910B5064C82B084461346054A009220680A466146FFF750FF02B010BDB40D0020E7
S32D0005D3E0E011002005F086BB431C1AD030B5082285B0044600210DEB0200F8F713FB0A4A0A4B1068D3F8E050C8
S32D0005D408224602AB01A9A847012803D19DF8040005B030BD4FF0FF30FAE74FF0FF307047B40D0020E0110020A5
S32D0005D43049B1FF2A02D80A70012070478A2303604FF0FF3070470846704700BF38B50B78613B0C460546172B96
S32D0005D45813D8DFE803F01E0C262E121236121212123E12121246121253125B12121631492046F8F745FF0028C9
S32D0005D48058D016232B60002038BD2D492046F8F73BFF0028F5D10C2038BD2A492046F8F733FF00283ED1012012
S32D0005D4A838BD27492046F8F72BFF0028E5D1042038BD24492046F8F723FF0028DDD1052038BD21492046F8F7E3
S32D0005D4D01BFF0028D5D1062038BD1E492046F8F713FF0028CDD1072038BD1B492046F8F70BFF08B31949204630
S32D0005D4F8F8F706FF0028C0D1092038BD16492046F8F7FEFE0028B8D10A2038BD13492046F8F7F6FE0028B0D168
S32D0005D5200B2038BD10492046F8F7EEFE0028A8D1022038BD032038BD082038BDA4C2060048730600507306003B
S32D0005D548187306003873060058730600287306001073060040730600087306002073060030730600024B014663
S32D0005D5701868FFF76BBF00BFB40D002092B110B403464FF0000C01E0624508D0184653F8044B8C420CF1010C7D
S32D0005D598F6D110BC7047002010BC7047104670479200F8F725B900BF9200F8F7BBB900BF32B184460023013390
S32D0005D5C09A424CF8041BFAD1704700BF38B50C46084D8446114620461A4600232B60644608F090F8431C00D036
S32D0005D5E838BD2B68002BFBD0236038BDA434002038B5334B1B6805460C460BB19A6B12B3B4F90C3018079AB2BD
S32D0005D61025D5216900292DD012F0010007D00020A06060694042A06139B1002038BD950758BF6069A060002953
S32D0005D638F7D1120658BF0846F4D543F04003A3814FF0FF3038BD1846F6F706FCB4F90C3018079AB2D9D4D1068F
S32D0005D6602AD5520714D4216943F00803A3819AB20029D1D102F42070B0F5007FCCD021462846F7F7A1FCB4F901
S32D0005D6880C3021699AB2C3E7216B51B104F14002914204D02846F6F721FEB4F90C300022226321690022C4E9E4
S32D0005D6B0001223F02403D7E7092243F040032A604FF0FF30A38138BDB40D00202DE9F047DFF87CA00646DAF84C
S32D0005D6D8000098460F469146F7F76CFC1B4B1B68D3F8484124B365681F2D26DC5EB96B1C0235DAF80000636026
S32D0005D70044F82570F7F75EFC0020BDE8F08704EB85010123C1F88890D4F88821AB401A43022EC4F88821C1F82C
S32D0005D7280881E4D1D4F88C211343C4F88C31DEE703F5A674C3F84841D5E7DAF80000F7F73DFC4FF0FF30DCE747
S32D0005D7506417002064B70600024B13B1024800F005B8704700000000A5E80500002301461A461846FFF7AABF12
S32D0005D77838B5074D0022044608462A6007F070FF431C00D038BD2B68002BFBD0236038BDA43400202DE9F04F21
S32D0005D7A003690C69A34283B0C0F28680013C01F11405A30000F11408009355F8243058F8242001338A469A4205
S32D0005D7C808EB8401814605EB84070191B2FBF3F638D30023AE4640469B465EF8041B02681FFA81FC06FB0C330E
S32D0005D7F0090C4FEA134C06FB01CC99B2ABEB01011FFA8CF311FA82F1C3EB124202EB214289B241EA02417745DB
S32D0005D81840F8041B4FEA1C434FEA224BDDD2009B58F8033073B9019B043B984504D307E0984504F1FF3403D2FF
S32D0005D84053F80429002AF7D0C9F810405146484602F0E2F800282BDB01364046002355F8041BD0F800C08AB20C
S32D0005D8689A1A0B0C12FA8CF2C3EB1C4303EB224392B242EA0342AF4240F8042B4FEA2343E9D258F8242008EBEA
S32D0005D89084036AB9043B984504D307E0984504F1FF3403D253F80429002AF7D0C9F81040304603B0BDE8F08F40
S32D0005D8B8002003B0BDE8F08F2DE9F04F016C99B090469946CDE90489259D044641B1426C4A60012393408B600B
S32D0005D8E001F0E4FD00232364B9F1000AB4BF012300232B60764BBCBF2AF0004ACDF814A033EA0A0300F0AA8043
S32D0005D908DDE904231046194600220023CDE90A01F4F720FC074670B1249A01231360269B002B00F0E482694887
S32D0005D9301860431E0393039819B0BDE8F08F16AB019317AB00932046DDE90A2302F0B4F95FEA1A56054640F0F7
S32D0005D9589780DDE916763E4406F23240202840F3B583C0F140000AFA00FA06F2124028FA00F04AEA0000F4F72A
S32D0005D9800BF90123013EA1F1F8710F93524B0022F3F7C4FF48A3D3E90023F4F777F948A3D3E90023F3F7BCFF70
S32D0005D9A8804630468946F4F703F945A3D3E90023F4F768F902460B4640464946F3F7ACFF80468946F4F70EFC7A
S32D0005D9D000228346002340464946F4F7C9FB002840F07C82BBF1160F00F26B823B4B03EBCB03D3E90023DDE965
S32D0005D9F80A01F4F7B9FB002872D00023BE1B0E93731E0BF1FF3B069300F15E8200230993BBF1000F6BDA099BB7
S32D0005DA20CDF81CB0A3EB0B030993CBF100030D93229B092B4FF0000B66D8052B40F34883043B22930026229B2D
S32D0005DA48023B032B00F26886DFE813F05C04590450043304249A42F20F73CAF3130A13605AEA08031AD1269B92
S32D0005DA70002B00F064861A4B03930833269A0398136019B0BDE8F08FDDE90A12C2F31303084643F07F510F97E9
S32D0005DA98A6F2FF36169F41F4401173E7269B002B40F0EA830D4B039341E700BFAFF3008061436F63A787D23FC4
S32D0005DAC0B3C8608B288AC63FFB799F501344D33F0000F07F6DBF06000000F83F90C50600B0C20600ACC206002B
S32D0005DAE8BE1B731E069300F185840E900990069B5B44CDE9063B00230D93229B092B98D90023CDE92233012626
S32D0005DB104FF0FF330C960893089B129300216164204601F09DFC0390002800F00186039B2364089B0E2B00F2F1
S32D0005DB381381002E00F010810799002940F35C84AE4B01F00F0203EBC2034FEA2118C905D3E9006740F11484C1
S32D0005DB60A94BDDE90A01D3E90823F4F7B9F9CDE9100108F00F084FF0030AB8F1000F13D0DFF8849218F0010F87
S32D0005DB8809D030463946D9E90023F4F77BF80AF1010A06460F465FEA680809F10809EDD1DDE9100132463B4660
S32D0005DBB0F4F796F9804689460E9B43B1934B002240464946F4F7D4FA002840F030855046F3F7F2FF42464B4631
S32D0005DBD8F4F758F88C4B0022F3F79EFEA1F15073CDE910011193089B002B00F09780079B1493089B13930C9B92
S32D0005DC00002B00F0A584139A7E4B8249039E03EBC20353E902230020F4F762F9DDE91023F3F77CFECDE910012D
S32D0005DC2849464046F4F7DEFA0746F3F7C1FF02460B4640464946F3F76DFE3037DDE9102306F8017B8046894688
S32D0005DC50F4F78EFA002840F02985CDF854B00027DDE910AB1095139D13942AE00137AF4280F22C85684B50461C
S32D0005DC7859460022F4F706F8654B002282468B4640464946F3F7FEFF89468046F4F7AAFA0446F3F78DFF02463C
S32D0005DCA00B4640464946F3F739FE303406F8014B52465B4680468946F4F75AFA002840F0F38442464B4651498D
S32D0005DCC80020F3F727FE52465B46F4F74DFA0028C8D0DDE91343109D039A079302E0964200F0C884B24616F8D3
S32D0005DCF0013D392BF7D00133DBB23370079B01330793C8E15046F3F757FF42464B46F3F7BDFF3F4B0022F3F7F0
S32D0005DD1803FEA1F15073CDE9100111933D4B404649460022F3F7F6FDDDE910894B46424606460F46F4F736FA47
S32D0005DD408146002840F0AA84DDE91001024601F1004330463946F4F70BFA002840F04583179B002BC0F28C806F
S32D0005DD68079A0E2A00F38880244B03EBC203D3E900AB239B002B1BDA089B002B18DC40F02E83244B0022504683
S32D0005DD905946F3F77BFF02460B46DDE90A01F4F7F1F9DDF820904E46002800F0C782239BDDF80C80DF43C9E2B8
S32D0005DDB8DDE90A7852465B4638464146F4F78CF8F4F710FA81460990F3F7F2FE52465B46F3F758FF039E0B46A8
S32D0005DDE0024641463846F3F799FD09F1300306F8013B089B012B00F05C830694012704951C462AE090C506001C
S32D0005DE0868C506000000F03F00001C400000E03F000024400000144052465B4640464946F4F75AF8F4F7DEF905
S32D0005DE300546F3F7C1FE52465B46F3F727FF01370B46024649464046F3F768FD05F13003A74206F8013B00F011
S32D0005DE582983AC4B0022F3F715FF0022002380468946F4F777F90028D6D0049D069C079B01330793B2460AE13B
S32D0005DE800C9A002A3DD0229A012A40F39C82089B03F1FF380D9B4345C0F26D82A3EB0808089B002BC0F23C83DE
S32D0005DEA8069A1A440692099A17461A4409920121204601F0F9FB064623E00123BE1B0E93731E06937FF5A2AD71
S32D0005DED0C6F101030993002306939DE55846F3F76BFE42464B46F4F739F900287FF47AAD0BF1FF3B76E5864B3F
S32D0005DEF80393039819B0BDE8F08FDDF83480099F0C9E002F0CDD069900290B4608DD099AB942A8BF3B46D21A76
S32D0005DF20FF1ACB1A099206930D9BDBB10C9B002B00F05D82B8F1000F0FDD31464246204601F092FC2A46014688
S32D0005DF480646204601F0DEFB29460546204601F0A9FA0D9BB3EB080240F0D8820121204601F0A2FBBBF1000FCB
S32D0005DF70814600F3B480229B012B40F386814FF0000A0120BBF1000F40F0B580069A104410F01F0000F09380CD
S32D0005DF98C0F12003042B40F3D283099BC0F11C0003440244099307440692099B002B05DD29461A46204601F077
S32D0005DFC0B3FC0546069B002B05DD49461A46204601F0AAFC81460E9B002B40F03681089B002B40F31D810C9BD2
S32D0005DFE8002B40F0A080079B01330793DDF80C80DDF820A0012707E0294600230A22204601F05AFA013705462A
S32D0005E01049462846FFF7C2FB574500F1300308F8013BEDDB089A002AC8BF9346039AD8BF4FF0010B93440027C0
S32D0005E038294601222046049301F072FC4946054601F0E6FC002840F3A8811BF8013C039A0BF1FF3B04E05A45F0
S32D0005E06000F0AA811BF8013D392B0BF1010AF6D001338BF800304946204601F017FA56B12FB1B74203D03946E0
S32D0005E088204601F00FFA3146204601F00BFA2946204601F007FA00238AF80030249B079A1A60269B002B3FF49D
S32D0005E0B042AC0398C3F800A019B0BDE8F08F1C20099B03440993069B03440744069370E70126B8E4C0F12000F2
S32D0005E0D808FA00F04FE401465A46204601F0C0FB229B012B814640F3B3814FF0000AD9F8103009EB830318698B
S32D0005E10001F088FAC0F1200040E700BF000024406CBF0600314600230A22204601F0D0F9129B002B064640F3F0
S32D0005E128E782CDE90783002F00F31A81BAF1000F40F0D581B046049B039F089903F001027B1E1944229B0C92FF
S32D0005E150134309910A9349462846FFF71FFB31468346284601F058FC424649468246204601F072FCC2680146FA
S32D0005E1780BF13003002A42D106902846089301F047FC06990490204601F08CF9049A089B1AB90A99002900F056
S32D0005E1A09B82BAF1000FC0F2638122994AEA010A0C9951EA0A0100F05B81002A00F3B481099A3B7007F1010A8B
S32D0005E1C89742D34600F0B281294600230A22204601F072F94645054631464FF000034FF00A02204612D001F07C
S32D0005E1F067F94146064600230A22204601F060F957468046A7E72046049301F04FF9049B0122C6E701F054F9F6
S32D0005E2185746064680469AE7229B022B79DC0C9B002B80D1079B4946013328460793FFF7B1FADDF80CB000F1B1
S32D0005E24030030BF8013B0027F6E64946284601F0E3FB0028BFF6C3AE294600230A22204601F02EF9079B03F14A
S32D0005E268FF380C9B0546002B7FF450AF129B002B40F335820893B9E6AF4B03930333FFF7F9BBDDE9041200294C
S32D0005E2907FF475AEC2F31303002B7FF470AEA94B1340002B00F0FE81099B01330993069B013306934FF0010A31
S32D0005E2B863E601230C93239B079A134412930133012B1F460893B8BF01270021172F61647FF722AC0122042313
S32D0005E2E05B0003F11400B842114602F10102F7D9616415E401230C93239B002B4CDD129308931F46E5E700236A
S32D0005E3080C93D8E700230C93F2E7129BCDF81C800893089B002B7FF446AD49460522204601F0CAF8014681462F
S32D0005E330284601F071FB00287FF739AD0398079F3123804600F8013B013703904946204601F0ACF87B1CDDF81B
S32D0005E3580CA00793CDF80C80002E7FF494AE96E631463A46204601F0DBFA0646DEE60D9BCDF83480A8EB0303AF
S32D0005E3809B444FF000088BE5DDE90A234FF0020ACDE91023FFF7F1BB012323930893FFF7BBBB03D1049BDB07D5
S32D0005E3A83FF553AEDA461BF8013D302BFAD05EE6079B039A013307933123137057E60F9A002A00F0268103F2B3
S32D0005E3D03343069ADDF834801A440692099A17461A44099267E54FF000094E46DFE429460D9A204601F038FA02
S32D0005E3F80546B3E50E9067E500F00F81079A504B564206F00F0203EBC203D3E90023DDE90A01F3F737FC361103
S32D0005E4208046894600F07181484F00234FF0020AF20706D5D7E90023F3F728FC0AF1010A0123761007F10807D1
S32D0005E448F2D1002B3FF4B4AB80468946FFF7B0BB049B002B7FF449AEDDE90412C2F31303002B3FF418AF40E605
S32D0005E470002A12DD294601222046049301F054FA4946054601F0C8FA0028049B40F31881392B00F0F9800BF1A9
S32D0005E4983103BA460AF8013B079B0133374607934646E4E50995069C049D02460B46F3F733FA52465B4680460D
S32D0005E4C08946F3F773FE60B952465B4640464946F3F744FE00283FF4CEAC099BD9077FF5CAAC039A02E47168CD
S32D0005E4E8204600F0B9FF0746002800F00E81336902339A0006F10C010C30F7F779F939460122204601F00CFAF5
S32D0005E510804614E62946204601F0A6F9054621E5DDE908239F1AC6E4392B00F0AD80BA460133B3E7079A0132EB
S32D0005E5383746079246467BE5ACC206000000F07F90C5060068C50600DDF84CA0844901EBCA01DDE9102351E9C5
S32D0005E5600201F3F793FBCDE9100149464046F3F73DFE0646F3F720FB0B46024649464046F3F7CCF9039F534623
S32D0005E5883036012B07F8016B8046894600F0AE80139E039B1E44734B002240464946F3F771FB89468046F3F735
S32D0005E5B01DFE8246F3F700FB0AF1300A02460B4640464946F3F7AAF907F801ABB74280468946E4D1664B00223F
S32D0005E5D8DDE91001F3F7A0F942464B46F3F7C4FD002864D1DDE910235F490020F3F792F942464B46F3F7D6FD89
S32D0005E60000283FF4ADABB246013E1AF8013C302BF9D0149B013307933DE5169BC3F13603D7E6DDE90A894FF0F8
S32D0005E628020AFFF7C5BA089B002B3FF467AB129B002B7FF791AB079A013ACDE913324046484B00224946F3F716
S32D0005E6501DFB804689460AF10100F3F7ADFA42464B46F3F713FB434B0022F3F759F9A1F15073CDE910011193A0
S32D0005E678FFF7C1BA079B013307933123FFF739BB079BBB4601330793392337460BF8013B4646DCE44FF0000933
S32D0005E6A04E464BE69A466CE4109D139C149B01330793B246EFE4149B039A0793FFF716BB7FF4EBAEDA077FF5A0
S32D0005E6C8E8AEE1E6DDF854B0109D139CFFF744BB392BD5D0BAF1000F3FF7D9AED9E6229B022B3FF712AECDF8B4
S32D0005E6F01C809BE53E466DE7229B022B3FF709AE129BCDF81C80089311E54FF0020AFFF753BA194B19483A46FA
S32D0005E71840F2EA2104F014FA002666643146204600F09AFE039078B9114B124800224FF4D57104F005FA104BC7
S32D0005E7400393FFF7F8B83FF434ACC0F13C00B7E4039B236401224FF0FF33239612930C920893FFF7FDBA00BF13
S32D0005E76890C50600000024400000E03F00001C40BCC20600D0C20600B0C2060070B54B68002B84B00C460546DC
S32D0005E79020DDF6F7E7FB012823D004F15C06D4E9002303A900962846F6F73EFF421C27D0831C1FD0D4E900239A
S32D0005E7B830B102441B1A03982260636004B070BD0132013BC4E9002304B070BDF7F700FC0028DAD04FF0FF30C7
S32D0005E7E0F0E7D4E90023511C21601078013B636004B070BD21462846F7F7EEFB0028CED0A38943F04003A381C1
S32D0005E808F5F7C0F98A2303604FF0FF30D6E700BF38B54B6E13F0010FB1F90C300C4605469AB201D198051AD558
S32D0005E830910406D4626E43F4005342F40052A381626628462146FFF79DFF636EDA07054602D4A3899B0501D59C
S32D0005E858284638BDA06DF6F7B1FB284638BD886DF6F7A8FBB4F90C309AB2DDE738B50A4B1D6804460DB1AB6BBE
S32D0005E8802BB121462846BDE83840FFF7C5BF2846F5F7E6FA21462846BDE83840FFF7BCBFB40D002038B5084B5F
S32D0005E8A8084D5B1B9C1007D0043B1D44013C55F804399847002CF9D1BDE838400EF02EB80000000000000000B2
S32D0005E8D02DE9F04383B0074688461446F6F742FB012803D108F1FF33FE2B37D9424604F15C0301A93846FDF7A1
S32D0005E8F879FD421C064633D038B39DF804C00DF10509002509E023685A1C226083F800C00135B54219D219F885
S32D0005E92001CBA368013B002BA360F0DAD4F818E0734561462246384602DBBCF10A0FE6D1FDF7FCFC431CE7D153
S32D0005E9480646304603B0BDE8F0834646304603B0BDE8F0835FFA88FC8DF804C00646CEE7A389304643F0400303
S32D0005E970A38103B0BDE8F08330B5536E13F0010FB2F90C30144683B005469AB201D198051CD5900406D4626E23
S32D0005E99843F4005342F40052A381626622462846FFF792FF636EDA07054602D4A3899B0502D5284603B030BD6D
S32D0005E9C0A06DF6F7FFFA284603B030BDA06D0191F6F7F4FAB4F90C3001999AB2D9E700BF1B4B70B51E680546FF
S32D0005E9E80C460EB1B36BFBB1636E13F0010FB4F90C309AB201D198051FD5910406D4626E43F4005342F4005254
S32D0005EA10A3816266224629463046FFF759FF636EDA07054602D4A3899B0505D5284670BD3046F5F715FADBE705
S32D0005EA38A06DF6F7C3FA284670BDA06DF6F7BAFAB4F90C309AB2D8E7B40D00202DE9F0410469B4EB611F2FDDF7
S32D0005EA6000F1140E4E1111F01F0C0EEB84050EEB86032BD05EF8262004339D4222FA0CF1CCF1200818D9774688
S32D0005EA881A6802FA08F20A4347F8042B53F8041B9D4221FA0CF1F3D8A41BA300053B9B0801330EEB83044EF8BD
S32D0005EAB02310C9B1043417E0416174460029F9D10023036100234361BDE8F0819D4288BF00F11002F4D953F863
S32D0005EAD8041B42F8041F9D42F9D8A41B0EEB8404A4EB0E039B1074450361E7D0BDE8F0812DE9F04FA84C8BB0E6
S32D0005EB002468059020468946029207930394F8F797FE21460144D9F8003011F801BC99783029024640F0DA8193
S32D0005EB286FF00100C01A033300EB030A1C4613F8011B3029F8D0DFF8648218F80130002B00F0F080237800275D
S32D0005EB5018F803303D4626462BB116F8013F18F80330002BF9D1039901923046F8F7D6FE019A0090002800F053
S32D0005EB789180002D40F091803378009503F0DF03502B354600F09380C9F80060002F40F0AB802B1B013B072B7E
S32D0005EBA0394604DD5B10072B01F10101FADC0598049200F055FC049A0190002800F06782019BAC4203F114063F
S32D0005EBC8069680F0DC810027C2F10103B946049310E0202F00F091803946043715F8013C18F80330554603F028
S32D0005EBF00F038B40A54249EA030916D915F8013C5B4505F1FF3AE8D1049B5344A342E4D318460399099208932C
S32D0005EC18F8F780FEDDE908320028DAD11D46A542E8D846F8049B069BF61A019BB6101E61484600F0EBFC029B0E
S32D0005EC4076011C68301AA04200F3AE80C0F226810027029B009A9B689342C0F289810299009A4B6893427EDDF6
S32D0005EC689D1AAC4200F3BC80CA68022A00F0BC81032A00F0B481012A00F098810598019900F010FC5025149A3E
S32D0005EC900023284613600BB0BDE8F08F002D00F00B81AD1BAB000093337803F0DF03502B35467FF46DAF6B78D7
S32D0005ECB82B2B00F0ED802D2B6AD06E1C002018F803104B1E182B61D8737818F803301039013623BB00B149426A
S32D0005ECE0009BC9F800600B440093002F3FF455AFBAF1000F14BF0025062528460BB0BDE8F08F002146F8049BD5
S32D0005ED08042789466AE701EB810103EB4103A3F1100116F8013F18F80330002BDAD0192BF1DDD7E703990092E4
S32D0005ED302046F8F7F3FD009A002873D1A15C18F80130A518002B6FD030292C4605D114F8013F302BFBD018F8DD
S32D0005ED580330B3FA83F77F094FF0010AF7E6012557B1029BDB68022B62D0032B64D0012B00F0858045F0100545
S32D0005ED80149B019A1A60079B009A1A6028460BB0BDE8F08F2E46FBE60120AB78AE1C92E7D8C40600D8C306007A
S32D0005EDA8019D061B3146284601F040F8074678B1721E53110699012751F8231002F01F0307FA03F30B4203D093
S32D0005EDD0BA4200F3E2800227009B0198334431460093FFF737FE34E76E1E002F40F0C980002E40F0CC80731139
S32D0005EDF8069A019852F8232006F01F06012303FA06F61642294618BF47F00207FFF71EFE029B5B680093641B88
S32D0005EE200225A1E72178254601F0DF01502900F0BD80C9F800505BE7159BC3F101031593159B002B9AD0019B51
S32D0005EE48DDF818901E6900214B464FEA860809EB860003E0984243F8041C3FD91F4653F8042BB2F1FF3FF5D0EB
S32D0005EE700132022D3A6000F0C08014F01F0440F0E08021257CE7BA077FF578AF069B1B681F43FB07D7D471E7FC
S32D0005EE9800207EE7DDE90031221A9B1A0598009300F03EFD03461433019006930027CCE6B35C18F80310B018F2
S32D0005EEC0064600293FF45EAE16F8013F18F803100029F9D1801B8100009153E69C1C4FF0000A2CE6019B9B686F
S32D0005EEE89E4280F28D803346019901EB830201330B61022D4FF0010151617AD09E42B8DA002B40F3A780019A76
S32D0005EF1009EB8303516902F1180083424FEA510140F2AF804C46026841EAC27144F8041B50F8041B83424FEAC4
S32D0005EF385101F4D8019A9B1A193B9B08013349F8231009EB8303002940F09B800199A3EB090292104B450A61DB
S32D0005EF607FD0029B009A9B6801329342009288DA0199059800F09AFA149A00231360A325BBE6012737E7069EA7
S32D0005EF884FF000094DE60198314600F04FFF07462DE7B11E284600F049FF00283FF417AF032715E700230093BA
S32D0005EFB0012780E6AC427FF465AE012C08D00198611E00F037FF00283FF45CAE029B5B6807990B60019B0699DE
S32D0005EFD801221A610A60149A6225136089E6159A002A3FF44BAEEFE7159A002A7FF446AEEAE7029B1B68013B9F
S32D0005F000A34232D02225BBE6019B05985968013100F026FA074600283FD0DDF80490D9F81030494602339A0076
S32D0005F0280C310C30F6F7E4FB4946059800F03AFA07F114093B69019756E7C844C4F1200458F8040C00F0E2FA81
S32D0005F050A042BFF616AF019B1B6955E7019A00231361019A002353617BE7631104F01F0459F823200123A340A9
S32D0005F07813420CBF222521257EE6C9F800104B4669B1043362E7074B0748019ADE2103F057FD044B04483A46BB
S32D0005F0A0842103F051FD019B1961DAE7BCC2060050C3060010B4046809E014F8013FA3F1410CBCF1190F98BF71
S32D0005F0C82033934208D111F8012B002AF1D101340460012010BC7047002010BC704700BF2DE9F04F096885B059
S32D0005F0F04B1111F01F01029002EB8303039140F08E801D1F0193029B01991C68002341F8043C6178013400293B
S32D0005F11800F09780DFF87091A846AC469A461E460EE0202900F28B80B24506DAC44501D2072B5BDD624551D3A5
S32D0005F140082314F8011FA1B119F801000028ECD00133082B06F101063ADCDCF80010090100F00F000843CCF886
S32D0005F168000014F8011F0029EAD1002E69D0E04501D9072B73DD624551D2111F634653F8040B41F8040F9D4254
S32D0005F190F9D2A5EB0C0323F00303691C04330CF1010C614538BF04231344002143F8041B9D42FBD2019B53F8DA
S32D0005F1B8043C2BB9AA4248D055F8043D002BF9D0052005B0BDE8F08F6245B6D200234CF8043C1946ACF1040C9A
S32D0005F1E00123BDE70023ACF104084CF8043CB246C446A6E7C3F108018900DCF80030C1F1200E60468B4641680B
S32D0005F20801FA0EF73B43036021FA0BF340F8043F4045F4D38EE7191D01911D466FE7039B002BC3D0039B019889
S32D0005F230C3F120014FF0FF33CB4050F8041C0B4040F8043CB9E7292909D0042005B0BDE8F08F012305202B6093
S32D0005F25805B0BDE8F08F029901340C6085E7C3F108039B00DCF80010C3F120076446666806FA07F001432160B5
S32D0005F28026FA03F144F8041FA045F4D877E700BFD8C306002DE9F047DFF8748006468946174603F0ADFCD8F87D
S32D0005F2A8005055B199F800301C4673B14C4602E014F8013F3BB13D2BFAD1304603F0A2FC0020BDE8F087A4EBE5
S32D0005F2D0090428680028F4D022464946F8F71EFB28B92B681A5D3D2A03EB040A04D055F8040F0028F0D1E4E74D
S32D0005F2F8D8F80030ED1AAD1030463D6003F082FC0AF10100BDE8F087C417002000B583B001AAFFF7BBFF03B092
S32D0005F3205DF804FB70B50C46084D03460026204611461C462E6006F0AFF9431C00D070BD2B68002BFBD0236078
S32D0005F34870BD00BFA4340020004870476817002038B5074D0022044608462A6006F0A0F9431C00D038BD2B6845
S32D0005F370002BFBD0236038BDA4340020002100F001B800BFFF289DBF024BC05C00F007000020704761B60600A4
S32D0005F398002100F001B800BFFF289DBF024BC05C00F003000020704761B60600002100F001B800BFFF2809D855
S32D0005F3C0064BC356002B07DBA0F10900B0FA80F040097047002070470120704761B60600002100F001B800BF9A
S32D0005F3E8FF289DBF024BC05C00F020000020704761B606000028B8BF4042704700487047D012002038B50C46EA
S32D0005F410084D8446114620461A4600232B60644606F052F9431C00D038BD2B68002BFBD0236038BDA4340020D7
S32D0005F43800B5864610466AB14FF0000C03E00CF1010C844506D011F8013B4EF8043B002BF5D160465DF804FB23
S32D0005F460C36C70B505460C464BB153F8240080B1026843F824200023C0E9033370BD2122042103F081FB0346B4
S32D0005F488E8640028EDD1002070BD012101FA04F6721D9200284603F073FB0028F3D0C0E90146E4E731B1C36C14
S32D0005F4B04A6853F82200086043F82210704700BF2DE9F0410D6907460E461C4601F1140E0020DEF800108BB2A8
S32D0005F4D802FB03434FEA134C090C02FB01CC01309BB203EB0C4385424EF8043B4FEA1C44EBDC3CB1B368AB42EB
S32D0005F50007DD06EB850301355C6135613046BDE8F081716838460131FFF7A2FF8046A8B13269023206F10C0154
S32D0005F52892000C30F6F764F9FB6C726853F82210316043F82260464606EB850301355C613561DFE7024B0348A0
S32D0005F5504246B52103F0F8FABCC20600E4C406002DE9F8430C4628491E46174603F1080281FB0231092E4FEA21
S32D0005F578E2730546C3EB610339DD4FF0010C00214FEA4C0C634501F10101F9DC2846FFF763FF014668B3089B5E
S32D0005F5A04361092F4FF00103036112DC0A340927BE420BDDF61B264414F8013B0A22303B2846FFF77DFFA6424F
S32D0005F5C80146F5D10846BDE8F88304F10909C8463C4418F8013B0A22303B2846FFF76CFFA0450146F5D1A7F1C4
S32D0005F5F008044C44DCE70021CCE70A46034B0448CE2103F0A1FA00BF398EE338BCC20600E4C40600020C120457
S32D0005F6180346CAB90304102013F07F4F04BF1B02083013F0704F04BF1B01043013F0404F04BF9B000230002BB1
S32D0005F64005DB13F0804F00F1010008BF202070470020E5E70368024613F0070007D0D9071DD498071FD55B08EE
S32D0005F66813600120704799B209B91B0C1020D9B209B908301B0A190704BF1B090430990704BF9B080230D907C3
S32D0005F69003D45B0800F1010003D01360704700207047202070479B0813600220704700BF38B5C36C04460D46E9
S32D0005F6B84BB15868B0B102685A6000220123C0E90435C26038BD2122042103F059FA0346E0640028EDD1094B2A
S32D0005F6E0094800224FF4A07103F02EFA1C220121204603F049FA0028F1D001220223C0E90123DEE7BCC20600D2
S32D0005F708E4C406002DE9F04F0E691569AE4285B08846144605DB2A46234635460C4616469846A3686168AF192D
S32D0005F730BB42B8BF0131FFF793FE0190002800F08780019B03F1140909EB870AD14505D24B46002243F8042B8D
S32D0005F7589A45FBD808F1140808EB860B04F11403D8451A4603EB85055FD22B1B153B23F0030304331534A542EB
S32D0005F78038BF0423CDE902A7AC461F46924605E0000C29D1C34509F1040948D958F8040B85B2002DF4D056466C
S32D0005F7A84C46002356F8040B216882B21FFA81FE05FB02EE000C0A0C734405FB002202EB13429BB243EA0243DB
S32D0005F7D0B44544F8043B4FEA1243E7D849F8073058F8040C000CD5D0D9F80030544619464D4600222688090C4A
S32D0005F7F800FB06110A449BB243EA024345F8043B54F8046B2968360C8BB200FB063303EB1243A4454FEA13428A
S32D0005F820E8D8C34549F8073009F10409B6D8DDE902A7002F02DC05E0013F03D05AF8043D002BF9D0019B1846EB
S32D0005F8481F6105B0BDE8F08F034B0448019A40F25D1103F075F900BFBCC20600E4C4060012F003032DE9F041BE
S32D0005F8701446064632D10D46A41020D0D6F84880B8F1000F33D0E3074FF0000707D4641015D0D8F80000A8B1E7
S32D0005F8988046E307F7D5424629463046FFF732FFB5B16968F36C641053F821202A6043F821500546E9D12846EE
S32D0005F8C0BDE8F081424641463046FFF71FFFC8F8000007608046E0E70546D8E7013B0F4A52F823200023FFF76D
S32D0005F8E8EBFD0546C4E701213046FFF7B5FD804640B1012340F27122C0E904320023B0640360BCE7044B054877
S32D0005F91042464FF4A07103F017F900BF58C60600BCC20600E4C406002DE9F0470C4690462669A368496806EB1F
S32D0005F9386216751C9D4207464FEA621904DD5B009D4201F10101FADC3846FFF785FD8446002851D0B9F1000F0C
S32D0005F96000F114000EDD09F105024FEA820E03460CEB8202002143F8041B9342FBD1AEF114031844216904F149
S32D0005F988140318F01F0803EB81012DD0C8F1200986464FF0000A1A6802FA08F242EA0A024EF8042B53F8042B03
S32D0005F9B0994222FA09FAF2D80B1B153B23F00303043304F11502914238BF0423BAF1000F18BF2E4640F803A0BD
S32D0005F9D8FB6C6268CCF8106053F822102160604643F82240BDE8F087043853F8042B40F8042F9942F9D8EBE79B
S32D0005FA00034B0448624640F2D91103F09DF800BFBCC20600E4C406000B6984460069C01A15D10CF1140C143133
S32D0005FA280CEB830210B401EB830301E0944508D252F8044D53F8041D8C42F7D004D24FF0FF3010BC704770474B
S32D0005FA50012010BC704700BF2DE9F84F0F691369FF1A002F0E4690467AD101F11405143202EB830205EB8303D9
S32D0005FA7801E09D4273D253F8041D52F8044DA142F7D064D37168FFF7E7FC8146002872D03569D8F81020C760C6
S32D0005FAA008F1140E06F1140009F1140A06F1100C0EEB820200EB8507564600215EF8044B5CF804BFA3B211FA15
S32D0005FAC88BF1CB1A210CC1EB1B4101EB23419BB243EA0143724546F8043B4FEA2141E9D8A2EB0804153C08F1F4
S32D0005FAF01508424524F0030606F1040638BF0426304424F0030238BF002287425244B24416D95646044654F8E4
S32D0005FB18043B11FA83F10A1402EB134289B241EA0243A74246F8043B4FEA2241EFD87A1E101A20F003025244BB
S32D0005FB4023B952F8043D013D002BFAD0C9F810504846BDE8F88F334601274646984695E7F9DB002792E7002101
S32D0005FB68FFF77AFC814668B101220023C9E904234846BDE8F88F074B07484A464FF4107102F0DEFF034B0448E7
S32D0005FB904A4640F2322102F0D7FF00BFBCC20600E4C406000F4B0B40A3F15073002B02DD0020194670475B429B
S32D0005FBB8B3F1A07F4FEA235205DA4FF40023002043FA02F17047143A1E2ADABF4FF0004323FA02F20122002157
S32D0005FBE0104670470000F07F2DE9F843066900F1140808EB8606A6F1040956F8047C3846FFF708FDC0F120036B
S32D0005FC080A280B6036DDC8451ED2B0F10B0356F8082C26D0C3F1200C22FA0CF19F400F43A6F1080147F07F5520
S32D0005FC30884545F440153AD202FA03F056F80C3C23FA0CF303431C4620462946BDE8F883B0F10B0308D007FA74
S32D0005FC5803F343F07F55002345F440151C46EFE71A4647F07F5545F44015144620462946BDE8F883C0F10B038C
S32D0005FC8027FA03F2C84542F07F553CBF56F8082CDA4000F1150328BF002207FA03F345F4401543EA0204204661
S32D0005FCA82946BDE8F88302FA03F31C46C8E700BF70B5012182B016461D46FFF7CDFB044600284BD02B46C5F32C
S32D0005FCD00A55C3F313030DB143F48013002E019322D068460096FFF7B5FC002836D0019B0099C0F1200203FA7C
S32D0005FCF802F20A43C34001936261002B14BF02210121A3612161ADB1069AA5F2334303441360079BC0F1350028
S32D0005FD201860204602B070BD01A8FFF793FC019B0121C4E904132030002DE9D104EB8102A0F232431069069A7A
S32D0005FD481360FFF763FC079BC0EB41112046196002B070BDDDE900236261CEE7034B0448224640F20A3102F0A1
S32D0005FD70EBFE00BFBCC20600E4C406002DE9F04383B00F4669468046FFF72EFF04460D46384601A9FFF728FF3B
S32D0005FD98D8F810303A690F469A1ADDE90013CB1A03EB4213002B06460BDD05EB03594D4632463B46204629466F
S32D0005FDC0F2F78EF803B0BDE8F083C3EB033307EB03510F46F0E700BF0139491101F1010C116902F1140303EBBC
S32D0005FDE881018B4200EB8C0C16D210B5A0F1040E53F8044B4EF8044F9942F9D88B1A153B23F003030433184446
S32D0005FE10844504D9002340F8043B8445FBD810BD844505D9002340F8043B8445FBD87047704700BF03694A1145
S32D0005FE38934200F1140009DA00EB830302E053F8042DC2B98342FAD80020704710DD11F01F010DD010B450F82B
S32D0005FE60224000EB820324FA01F202FA01F18C420BD0012010BC704700EB8203E6E70120704753F8042D002A96
S32D0005FE88F3D18342F9D8002010BC704738B50C46084D8446114620461A4600232B60644605F016FC431C00D041
S32D0005FEB038BD2B68002BFBD0236038BDA4340020DFF860C0F8B521F000430027634504460D461646176022DCFC
S32D0005FED8844653EA0C0C1ED0DFF844C001EA0C0C0A46BCF1000F09D10E4B0022F1F7CAFE6FF0350704460A46C6
S32D0005FF0021F0004322F0FF421B1522F4E002A3F2FE3342F07F553B4445F40015336020462946F8BDFFFFEF7FDD
S32D0005FF280000F07F0000504301490020704700BF0000F87FF0B50D785E2D044621D0002201F1010C9646631EDF
S32D0005FF5004F1FF0103F8012F8B42FBD195B18EF00102E64362550CF1010E1EF8013C2D2B704610D05D2B04D075
S32D0005FF7813B11D46F446F1E76046F0BD0CF1FF30F0BD01224D7801F1020C9646DBE79CF801005D28EDD08542CD
S32D0005FFA0EBDC6F1C0CF1020CE31903F8012BF1188842FADC431B013B8542A8BF00230EF1020EDD19D1E700BF9E
S32D0005FFC8004870470000C07F0EB430B59CB01FAC4FF4017254F8045BADF8142002900690F7F72AFC039007906A
S32D0005FFF00A480B490A9100234FF6FF7C0E9313932A46234602A90068ADF816C0019401F07BF91CB0BDE8304031
S32D0006001803B07047B40D0020896205000CB410B51F4B00291C689CB035DB4FF40273ADF81430029006901FABEE
S32D0006004018D001394FF6FF7204910791ADF8162002A91E9A0193204600F0FCFA421C01DA8B232360029B002240
S32D000600681A701CB0BDE8104002B070474FF6FF7204910791ADF8162002A91E9A0193204600F0E4FA431C01DA8D
S32D000600908B2323601CB0BDE8104002B070478B2323604FF0FF30F5E7B40D002030B540EA0104A30701D1032AC8
S32D000600B80FD8844601F1FF3E07E01EF8011F03F8011B541EC1B19C4622466346002AF4D130BD0B4684461946D3
S32D000600E053F8045BA5F1013424EA050414F0803FE4D1043A032A4CF8045B1946EFD8DDE76244002CE8D003F86B
S32D00060108011B9342FBD130BD2DE9F04F814645488E4675461EF801CB10F80C4014F00804F7D1BCF12D0FE346C1
S32D0006013054D0BCF12B0F08BF9EF800B06FF0004808BF05F1020E1BB1102B4FD01F4604E0BBF1300F55D00A2363
S32D000601581F460025B8FBF7F6284607FB168A07E0864215D329D007FB00C001251EF801BBABF1300CBCF1090F52
S32D0006018006D9ABF1410CBCF1190F08D8ABF1370C63450DDD002DE7DA4FF0FF35EAE7ABF1610CBCF1190F03D872
S32D000601A8ABF1570C6345F1DC002D0BDB04B140420AB195BB1160BDE8F08FE245D3DA4FF0FF35D3E72223C9F8BE
S32D000601D000301AB30EF1FF314046EFE79EF800B04FF0004805F1020E0124ACE7BBF1300FACD19EF8000000F0FA
S32D000601F8DF00582807D01F46ABE79EF8003003F0DF03582B0BD110279EF801B03B460EF1020E9EE74046BDE8EE
S32D00060220F08F8046D6E708231F4696E761B60600012B03D0242B01D8FFF76ABF10B5F3F7A5FC1623036000202C
S32D0006024810BD00BF2DE9F04F85B01F46584B03908A4600920D462A4615F8014B1E5D16F00806F8D12D2C76D05C
S32D000602702B2C05BF2C7802960296951C4FF0FF366FF0004B2FB1102F70D0B8464FEAE77905E0302C75D04FF0E1
S32D000602980A08B946474642464B4630465946F2F749FB0023019284460A461846194611E08A4208BF84453ED051
S32D000602C000FB09F308FB0131A0FB080319441EEB000041EBEE71012315F8014BA4F1300EBEF1090F06D9A4F1BC
S32D000602E8410EBEF1190F0CD8A4F1370E774511DD5C1CEDD0844572EB0103D9D24FF0FF33E6E7A4F1610EBEF159
S32D00060310190F03D8A4F1570E7745EDDC5A1C14D0029A12B1404261EB4101009A22B1002B39D1009BC3F800A0D6
S32D0006033805B0BDE8F08F019B7345BDDA4FF0FF33C6E7039A22231360009B1BB305F1FF3A30465946E9E70123B9
S32D000603602C780293951C4FF0004B8BE7302C04D12B7803F0DF03582B08D0B8464FF000098DE72B7803F0DF034D
S32D00060388582B0FD14FF010086C784FF000090235474680E73046594605B0BDE8F08F06468B46D3E74FF008081C
S32D000603B0B946474673E700BF61B60600FFF746BF2DE9F04F85B08A460192614A03901E460D46294615F8014BB2
S32D000603D8135D13F00803F8D12D2C7ED02B2C03BF2C7802938D1C0293C6B1102E7AD04FEAE67B32465B464FF082
S32D00060400FF304FF0FF31F2F799FA3246074688465B464FF0FF304FF0FF31F2F78FFAB14694460BE0302C76D0CD
S32D000604284FF00A09DFF82481B3464FF0050C4FF099374E4600221046114614E0874278EB01021ED3414508BFB6
S32D00060450B84235D000FB0BF209FB0121A0FB09021144181841EBE371012215F8014BA4F13003092B05D9A4F1C5
S32D000604784103192B08D8A4F137039E420CDD002ADCDA4FF0FF32ECE7A4F16103192B03D8A4F157039E42F2DC78
S32D000604A0002A12DB029B13B1404261EB4101019B1BB19AB9019BC3F800A005B0BDE8F08F6345C7DD4FF0FF3259
S32D000604C8CFE7039A22231360019B4FF0FF300146002BEED005F1FF3AE8E701232C7802938D1C81E7302C25D1FD
S32D000604F02B7803F0DF03582B1DD14FF010096C784FF00F0C02354FF0FF376FF070484FF0000B4E4692E72B789C
S32D0006051803F0DF03582BECD04FF00809B3464FF0070C4FF0FF376FF060484E4682E74FF0000B5EE74FF00F0C9E
S32D000605404FF0FF376FF07048B1464FF0000B75E761B6060099999919FFF732BF2DE9F04F936883B09146002BF1
S32D000605686DD017688D6880460C460868083743E0A38913F4906F2ED0D4E90415A0EB010A05EB450505EBD575B4
S32D000605900AEB06006D100130A8422A4684BF05462A465B0536D511464046F4F78DFD00283AD052462169019094
S32D000605B8F5F71EF9A289019B22F4906242F08002A281A5EB0A0203EB0A006561A260236120603546B2465946F4
S32D000605E05246F5F7A3F9D9F80830A16820684D1B50449E1BA5602060C9F808601EB3083757E902B6002EFAD0CA
S32D00060608B542AA46B4D93546B246E4E74046F5F7E9FA03460028D4D121694046F3F75EFE0C23C8F80030A38900
S32D00060630002243F040034FF0FF30A381C9E9012203B0BDE8F08F0020C9F8040003B0BDE8F08F00BF2DE9F04FF0
S32D00060658BDB0CDE9041003938B891C06914603D50B69002B00F0D08413AB10930023CDE91133CDE90A330893CD
S32D0006068013AF0993019399F80030002B00F036814C4604E014F8013F002B00F01581252BF8D1B4EB090540F058
S32D000606A812812378002B00F025814FF000034FF0000B4FF0FF328DF83B3004F101096378CDF808B000922B240B
S32D000606D009F10109A3F120025A2A00F22081DFE812F057021E011E0152021E011E011E016A001E011E01470223
S32D000606F842021E01EE0028021E0123025B005B005B005B005B005B005B005B005B001E011E011E011E011E0141
S32D000607201E011E011E011E01C20185001E011E011E011E011E011E011E011E011E011E01AF001E011E011E019F
S32D00060748A7011E0112021E011E0163041E011E011E011E011E011E011E011E011E011E01C20187001E011E013F
S32D000607701E018602870080001E0179021E016202B100010280001E01A7017D0061041E011E0182041E017D004D
S32D00060798A3F13002002119F8013B01EB810102EB4101A3F13002092AF5D902918EE7059E3046FEF723FE4368B3
S32D000607C00A931846F7F73CF80B9005463046FEF719FE83680993002D40F0D08399F8003076E799F800304BF02F
S32D000607E8200B71E74BF0100B1BF0200F039D00F00D81073525F007052A466B6852F8085B03921E46002BC0F289
S32D000608104381009B013300F0348455EA06032BF0800800F038830A2D76F1000380F0588330358DF8EF50C346C5
S32D0006083801260DF1EF042EE04BF0100B1BF0200600F0D580039D073525F007052B466E6853F8085B03932BF4F3
S32D00060860806800234FF000028DF83B20009A511C00F0208155EA060128F0800B40F07782002A40F00184002B84
S32D0006088840F00A8318F0010600F0628330238DF8EF300DF1EF04DDF800809DF83B30B045B8BFB046002B44D0BD
S32D000608B008F1010841E0029A5242CDE9022399F800304BF0040B03E7B4EB090516D0129B2B441293119B0133BD
S32D000608D8072BC7E90095119304DC0837019B2B440193DEE6DDE9041010AAFFF733FE28B913AFF3E7129B002B3F
S32D0006090040F02584049B9B8913F0400F019B18BF4FF0FF33019301983DB0BDE8F08F002BECD08DF88C304FF04C
S32D0006092801084FF000038DF83B30464623AC002300931BF00203069318BF08F102081BF08403079305D1029B2D
S32D00060950A3EB0805002D00F30C82DDE911219DF83B0068B101320DF13B0001313860072A4FF00100CDE91121BA
S32D00060978786000F349820837069B63B101320FAB02313B60072A4FF00203CDE911217B6000F327820837079B51
S32D000609A0802B00F04E81009BA3EB060ABAF1000F00F38E8101323144072ACDE911213C607E6000F3C081083716
S32D000609C81BF0040F05D0029BA3EB0804002C00F32782DDE901324245ACBF9B1843440193002940F0B78100239C
S32D000609F0119313AF47E61BF0100340F0CE821BF0400200F06383039A52F8045B03921E46ADB224E755F8043B4A
S32D00060A1803951BF0100F35D11BF0400F2ED043F3C0361DB23346EDE6039D55F8044B4FF000038DF83B30002CA9
S32D00060A4000F03C83009B581C00F0DA821A4600212046F4F74DFE002800F080830023061B039500931BE7039D2F
S32D00060A684FF000038DF83B304FF0010855F8043B8DF88C300395464623AC58E71BF4007F40F05383DE171D46F5
S32D00060A903346002BBFF6BDAE009A6D424FF02D0366EB4606511C8DF83B30D8464FF001037FF4E0AE012B3FF4FB
S32D00060AB8B6AE022B3CAC40F0A380089A05F00F032D09D35C04F8013D45EA0675360955EA0603F3D13CABC34611
S32D00060AE01E1BDCE6039B53F8045B039330238DF83C3078238DF83D30C24B08934BF0020800260223AEE64BF031
S32D00060B08100818F0200600F0CC81039D073525F007052B466E6853F8085B039301239DE699F800304BF0800B80
S32D00060B30CEE5494611F8013B2A2B00F01883A3F13002092A894698BF002100F20C8319F8013B01EB810102EBC1
S32D00060B584101A3F13002092AF5D90091B6E599F800308DF83B40AFE5039B53F8042B0292002AFFF69CAE039334
S32D00060B8099F80030A4E599F800304BF0010B9FE59DF83B30002B7FF421AE20238DF83B3099F8003094E51BF086
S32D00060BA8200F40F0DD811BF0100F40F07B821BF0400F40F0C0821BF4007F00F07382039D019A55F8043B039567
S32D00060BD01A7058E599F800306C2B03BF99F801304BF0200B09F101094BF0100B70E599F80030682B03BF99F892
S32D00060BF801304BF4007B09F101094BF0400B63E505F00703ED0845EA4675F608303355EA0601224604F8013DE5
S32D00060C20F2D118F0010F3FF459AF302B3FF456AF3023023A04F8013C3CABC3469E1A14462DE6029BA3EB080ADD
S32D00060C48BAF1000F7FF7ABAEBAF1100F6C4D28DDCDE9064B1023DDE904B406E0AAF1100ABAF1100F07F1080743
S32D00060C7019DD01321031072AC7E90053CDE91121F0DD10AA5946204613AFFFF767FC00287FF438AEAAF1100AED
S32D00060C98BAF1100FDDE911214FF01003E5DCDDE9064B01325144072ACDE911213D60C7F804A000F3EB81009B61
S32D00060CC0A3EB060ABAF1000F07F108077FF772AEBAF1100F4C4D2ADD0094384610233746DDE9046406E0AAF130
S32D00060CE8100ABAF1100F00F1080019DD01321031072AC0E90053CDE91121F0DD10AA31462046FFF727FC0028D7
S32D00060D107FF4F8ADAAF1100ABAF1100FDDE9112113A84FF01003E5DC009C3E46074601325144072ACDE9112104
S32D00060D383D60C7F804A000F3C380083736E6DDE9041010AAFFF706FC00287FF4D7AD129913AF35E6DDE90410E9
S32D00060D6010AAFFF7FBFB00283FF441AECAE5D846A0E6102DDDE91121DFF890A029DDCDE90C4B10235446DDF82B
S32D00060D8810B0DDF814A004E0103D102D07F1080717DD01321031072AC7E90043CDE91121F2DD10AA5946504647
S32D00060DB013AFFFF7D3FB00287FF4A4AD103D102DDDE911214FF01003E7DCA246DDF834B00C9CC7F800A001322B
S32D00060DD82944072ACDE911217D6000F338810837B9E5DDE9041010AAFFF7B4FB00287FF485ADDDE9112113AF3B
S32D00060E00CDE500BF50BF060074C6060064C60600DDE9041010AAFFF7A1FB00287FF472ADDDE9112113AFABE59E
S32D00060E28102C119BDFF8D8A21EDDDDE904B6102504E0103C102C07F1080715DD01331031072BC7E900A5CDE996
S32D00060E501131F2DD10AA59463046FFF77FFB00287FF450AD103C102CDDE9113113AFE9DC01332144072BC7E9F4
S32D00060E7800A4CDE911317FF7ACADDDE9041010AAFFF768FB00287FF439AD1299A1E5009B002B7FF4C9ACC34685
S32D00060EA0002300931E463CACF9E418F0100355D118F0400200F01881039A52F8045B03921E46ADB20123CDE4B8
S32D00060EC8DDE9041010AAFFF745FB00287FF416ADDDE9112113AF69E508F4806B5B46CDF81880BB46DDF8248067
S32D00060EF04FF0000A3CAC1F4608E03146F1F71EFD0A2D76F100031ED305460E46284631460A220023F1F712FD7A
S32D00060F181146303104F8011C28460A220023013C0AF1010A002FE4D098F800105145E0D1BAF1FF0FDDD00A2D6D
S32D00060F4076F1000372D2CDF82480DDF818803CAB5F461E1BC346A2E43CACA0E4039B53F8045B039301237DE4D6
S32D00060F68039D019955F8042B0395CB17C2E90013FFF785BB099B002B3FF42CAC099B1B78002B3FF427AC99F85E
S32D00060F9000304BF4806BFFF79BBB039B53F8045B03935CE4D846B0E5584A08921BF020061ED0039D073525F06A
S32D00060FB807052A466E6852F8085B03921BF0010F09D055EA060206D08DF83D3030234BF0020B8DF83C302BF4C3
S32D00060FE0806802233EE44A4A08921BF02006E0D11BF010023BD0039A52F8045B0392E1E720460395F6F71CFCD0
S32D0006100800230646009346E44021F4F759F8049B18601861002800F0B280049A40235361FFF722BB0B9B0A9940
S32D00061030E41A1A462046FFF739F898F801300BB108F10108284631460A2200234FF0000AF1F774FC58E7DDE948
S32D00061058041010AAFFF77EFA00287FF44FACDDE9112113AF77E41BF0400151D0039951F8045B03911646ADB27D
S32D00061080A0E7D846FFF7CFBB012BD8467FF415ADFFF7CEBBDDE9041010AAFFF75FFA00287FF430ACDDE91121C7
S32D000610A813AF7CE4039D019A55F8043B1A600395FFF7E5BA009E154C0395062E28BF0626B04634E4039B1BF4EB
S32D000610D0007614BF53F8045B53F8045B03931CBF1646EDB2FFF7BBBB039B18F4007614BF53F8045B53F8045B30
S32D000610F803931CBF1646EDB20123FFF7AFBB00BF64C606002898060050BF060064BF0600039A1BF4007614BFEC
S32D0006112052F8045B52F8045B03921CBF0E46EDB248E743F3C0165DB23346FFF767BB039D019A55F8043B0395AC
S32D000611481A80FFF79CBADDE9041010AAFFF702FAFFF7D4BB009E03950090FFF79CBB00220092FFF7B3BA039ABB
S32D0006117099F80130894652F8041B039241EAE1710091FFF7A5BA059A0C2313604FF0FF330193FFF7C0BB00BFE3
S32D0006119838B54B1C1AD093891446126B23F02003A381CDB2AAB16268636B9A4209DA23685A1E226003F8015C8A
S32D000611C0636801336360284638BD2146FAF728FF0028F0D04FF0FF35F5E7236922682BB1934203D212F8013C3D
S32D000611E8AB420FD06168E1632346A26304F1400103226263216303F8425F0122C4E90032284638BD6368013AE1
S32D000612100133C4E90023D6E710B50C46096B69B104F14003994201D0F3F75CF8E36B63600020206313B1A36B9C
S32D00061238236010BDA3892169002243F02003C4E90012A3814FF0FF3010BD00BF2DE9F04F85B0CDE9023202FBB6
S32D0006126003F30E9C0193A3B3D4F804A0019B53458B4646D9A046019D58F8401B0746002652465846F4F7B8FAC7
S32D000612882368226B5344A946C4E9003611463846D344A5EB0A05E2B1424501D0F3F71EF8E36B26636360A3B14D
S32D000612B0A16B2160AB429A46E2D3029B01932A465846F4F799FAD4E90032521B2B44C4E90032019805B0BDE8A1
S32D000612D8F08F019B22695344A3EB090A039BBAFBF3F30193A389019843F02003A3810023C4E9002305B0BDE8AB
S32D00061300F08F21681D46D8E72DE9F04FE1B0884602AFB1F90C10786388047B6209D4D8F8643041F4005123F442
S32D000613280053A8F80C10C8F86430164616F8013BFB63002B01F0FA800022BA613A639246BA629346FA627D4ACA
S32D00061350D45C14F008047DD1252B5FD13278A146A2F12503711C552B63D8DFE813F0560062006200620062001F
S32D000613786D0262006200620062006200D300D300D300D300D300D300D300D300D300D300620062006200620022
S32D000613A062006200620062006200D40147026200620062006200620062006200E20062006200390262006200BE
S32D000613C8620042026200620062006200ED00620062009B01620062006200620062006200620074067A0662006C
S32D000613F0620062006202A401E20062005702AB01B8017706C60162006200CA01DF00CD0162006200ED00620067
S32D00061418DF000E46D8F80430002B5CDDD8F80030197816F8012C914244D03B6B43B13B6BD3F80080B8F1000F0F
S32D0006144002D04046F3F738FEF86A07F5BE77BD46BDE8F08FD8F80430D7F8349008F1400500241A460FE0D8F82E
S32D0006146800301A7835498A5C110703F101032BD5D8F80420013AC8E900320BF1010B002AEDDCD8F8303048464F
S32D000614901946002B00F06485AB4201D0F2F722FFD8F83C30C8F83040C8F80430002B00F05785D8F83830C8F8AE
S32D000614B80030D6E70133C8F80030D8F80430013B0BF1010BC8F8043016F8013BFB63002B7FF439AFA9E7D8F825
S32D000614E03010002900F04B8508F14003994202D0786BF2F7F7FED8F83C30C8F804300022C8F83020002B00F088
S32D000615083A85D8F83830C8F8003089E714F08F0F8BD109EB890902EB4909A9F1300972780E4619E7200780D10C
S32D00061530F9E725077FF47DAF727844F002040E460EE700BF61B60600F96144F40074B04BBB611023BB620325FE
S32D00061558D8F80430002B40F3E68014F0400600F00081022D00F04182032D00F07181012D00F0F4824D46012D93
S32D0006158038BF012514F0010300F03E8414F010033B6240F0C486230640F17687D7F8249059F8043B7B61002BC1
S32D000615A83FF443AF8020F3F77BFD0646002800F0F4847B6918603B6BDC889A88944280F0758518687B6940F8A8
S32D000615D024303B6BC7F824900134DC802023FE603B610024D146F3F7BDFCA04200F0D284D8E9001307F1500288
S32D000615F811F8010B1055013BB9F1030F04F1010AC8E9001307F1480402D12268042A04D0082200212046F4F74A
S32D0006162001FA786B0094534607F150023146F3F7FBFFB0F1FF3F814600F0AC84002840F013853B6A03B933603C
S32D00061648D344013D3B6A4BB97B6933B1FB68F41A3B69B3EBA40F40F2E1850436D8F80430002B4FF0000440F3CB
S32D000616700585002DB7D1CA467B6933B1FB68F11A3B69B3EBA10F01F273803B6A13B9FB6A0133FB62FE6916F80D
S32D00061698013BFB63002B7FF456AEC6E607F17800FEF748FC44F04004F861012550E7574BBB610023F961BB6207
S32D000616C0032549E714F08F037FF4B3AE3A6B002A00F0E486727844F080040E4640E6E206F961D7D4230740F1A7
S32D000616E8FD867A6A52F8043B7A620E4683F800B0EAE6F96144F4087425E7F961022527E7414BBB610A23F961DB
S32D00061710BB62032520E7F96144F00104D8F80430002B44F040044FF000053FF71AAFD8F83010002900F023840C
S32D0006173808F14003994202D0786BF2F7CFFDD8F83C30C8F804300022C8F83020002B00F01284D8F83830C8F8F1
S32D00061760003014F040067FF400AFD8F800202A491378CB5C19077FF5F8AE08F140033C627D617C6B35461046FA
S32D000617881E4607E0C8F800000178214B595C0A0740F1C082D8F80410013900290BF1010BC8F8041000F10100EF
S32D000617B0ECDCD8F8303020461946002B00F0DF83B34201D0F2F78EFDD8F83C10C8F83050C8F80410002900F048
S32D000617D8D283D8F83800D5E7F96144F001040A4BBB610823BB620325B2E6F96144F001040225ADE6F96144F0DD
S32D000618000104044BBB610A23BB620325A4E600BFD58A05003102060061B6060022077FF408AE72786C2A00F00D
S32D00061828ED8544F001040E4696E523077FF4FDAD7278682A00F0E88544F004040E468BE559EA04097FF4F1AD91
S32D00061850727810240E4683E509F1FF33262B40F26082A9F127037B614FF0270900231A463B6208F1400319462F
S32D0006187807F150065B4644F45864D34635468A46D8F8000090F800C0ACF12B014D293CD8DFE801F0743B743B74
S32D000618A03B825F5F5F5F5F5F5F79793B3B3B3B3B3B3B2727272727273B3B3B3B3B3B3B3B3B3B3B3B3B3B3B3B95
S32D000618C83B683B3B3B3B3B3B3B3B2727272727273B3B3B3B3B3B3B3B3B3B3B3B3B3B3B3B3B68B96A0A2910DDF1
S32D000618F024F4386405F801CBD8F8041001390029C8F804105ADD0130C8F80000B9F10109BAD1DA469B46E005DF
S32D0006191805D5B54200F2A284B5423FF486AD14F0100240F0E9813146BB6A786BD7F818C02A70E047A10600F126
S32D00061940D781220700F13F84630740F174867A6A52F8043B7A621880CFE1D7F828E07F4931F91E10B96224F4EE
S32D000619683864C3E704F4C061B1F5007FCDD124F40074102144F4A064B962B7E72106C4D524F08004B2E7D7F8B7
S32D0006199028E0724931F91E10B9620829A8DCB8E72105A7D5B96A19B9082144F40074B962610540F11A8324F4C6
S32D000619B8B0649BE7D8F83010002900F08186514505D0786B3B61F2F789FC3B690022D8F83C10C8F83020C8F82B
S32D000619E00410002900F07086D8F83810C8F800108CE7B9F1000F08BF4FF0FF3914F0010500F0408214F010038B
S32D00061A083B6240F0DA84210640F130857A6A52F8046B7A62002E3FF408AD8020F3F740FB7A6A0446002800F0D8
S32D00061A30B882396B3060CD888B889D4280F0AC8308683B6B40F825600135DD8020237A623C617B61D8F8003030
S32D00061A58414A1B78D35C13F0080562D13346C7F80C905646A1469A46F3F778FAA84200F08D82D8E9002107F174
S32D00061A80500312F8010B58550139032EC8E9002105F1010507F1480402D12368042B04D0082200212046F3F7A3
S32D00061AA8BDFF07F15002786B00942B464946F3F7B7FD421C064600F06982002840F08484C9F80000F3F71AFA4B
S32D00061AD0002840F03886AB44FB68013BFB603B6A002B40F0EE8509F10409BAF1000F00F0E8853B69A9EB030413
S32D00061AF87B69B3EBA40F40F26F863D6AD8F80420002A40F30186D8F800201278124B9A5C140702D4FB68002B93
S32D00061B20A6D153464C46B2461E463B6A002B7FF4B1AD2360002E3FF4AAAD3B697A69E11A8B1001339A427FF615
S32D00061B48A2AD30680431F4F741F800283FF49BAD306098E584C6060061B60600B9F1000F08BF4FF0FF3914F011
S32D00061B70010600F0D98014F010033B6140F01A84210640F167847E6A56F8043BFB60002B3FF44FAC8020F3F77A
S32D00061B9887FA0446002800F00082FB683A6B1860D58893889D4280F0DC821068FB683A6B40F825306B1CD38028
S32D00061BC020237E62BC607B6056460025C7F820B0A246F3F7C7F9A84200F0DC81D8E9003207F1500013F8011B5C
S32D00061BE84155013A032EC8E9003205F1010507F1400402D12368042B04D0082200212046F3F70CFF07F150025B
S32D00061C10786B00942B465146F3F706FD421C064600F0B881002840F07D82CAF80000834607F1480308220021F1
S32D00061C3818467B61F3F7F2FE8F497B69D1F8E01079615A46786BD7F814C007F13801E04701280CBF97F838B02C
S32D00061C604FF0000B07F1780313F80B30002B00F000853B6A032E2B443B6200F0CE8209F1FF393B695BB9FB683E
S32D00061C880AF1040A3BB1BB68AAEB03047B68B3EBA40F40F2D382D8F80430002B4FF0000540F34482B9F1000F94
S32D00061CB08FD1D7F820B05446B2463B69002B7FF4E9AC2360FB68002B3FF4E1ACBB687A68E11A8B1001339A421C
S32D00061CD87FF6D9ACFC6804312068F3F777FF00283FF4D1AC2060CEE47A6A52F8043B18607A62FB6A0133FB629C
S32D00061D00AD1BFE69D7F8209016F8013BFB63A944CB44002B7FF41BABFFF78BBB3C6A7D6923E400237B61A1E5A5
S32D00061D28E00600F1A48214F0800400F099837E6A56F8044B7C61002C3FF477AB2020F3F7AFF90546002800F0DE
S32D00061D5028813A6B20609388D4889C4280F0CD8110687B6940F824303B6B7E620134DC802024D8F8002007F153
S32D00061D78780319461378CB5C002B3FF456ABC7E903BA08F14003D7F814A03B622E4613468B46D8F804000138D8
S32D00061DA0C8F80400581CC8F800002946187801F8010BBAF1000F03D08D1BA54280F090810D46B9F101090BD094
S32D00061DC8D8F80410002940F30A82D8F8003019781BF801100029DCD1D7E903BAAE1B3FF424AB00232B707B69A6
S32D00061DF01BB1711C8C4200F21484FB6A0133B344FB62FE69FFF764BBE60600F18E82200640F1F780D7F8249067
S32D00061E1859F8046B7E62002E3FF407AB2846F3F73FF90446002800F0B8803A6B30609388D6889E4280F03D83FB
S32D00061E4010687B6A40F826303B6B786B0136DE802146CDF800802B460122FFF7FBF90446002800F00B85854282
S32D00061E6840F2D9807D6A21462868F3F7AFFE002800F0D1802860CEE0E0110020E00600F16A8314F080047B6A65
S32D00061E9000F0B28253F8046B7B62002E3FF4C9AA2020F3F701F9044600287AD03A6B3060D58893889D4280F0B3
S32D00061EB8BB8010683B6B40F825600135DD802022D8F80000B1490378CB5C13F008033B6240F06A8208F140039C
S32D00061EE07B6125465B46D346B2461646D8F80420013AC8F80420421CC8F80020027804F8012BBAF1000F03D0F9
S32D00061F08621BB24280F08682B9F101090BD0D8F80420002A40F3EE82D8F8000002789B498A5C1207DED5611B10
S32D00061F3032465646DA469B468B4401310023237016B18A4200F2B182FB6AFE690133FB6216F8013BFB63002BC9
S32D00061F587FF4F9A9FFF769BAB8F80C3043F02003A8F80C30D8F81030C8F800300023C8F80430FFF7A9BAD8F8C9
S32D00061F801010B8F80C300022C8E9001243F02003A8F80C30FB6A23B1B8F80C305A067FF548AA3B6B002B00F05E
S32D00061FA82D843B6BDE88002E00F045823B6BD3F800800024A8F10405A14655F8043F1868F3F776F801342B6895
S32D00061FD0A642C3F80090F4D14FF0FF33FB62B8F1000F7FF42EAAFFF72FBA796924F4607419B10139796109F18F
S32D00061FF80109396A013139627AE42B467D6A786B2968CDF800800122FFF720F904460028BCD005F10409FB6A34
S32D00062020FE69C7F824900133A344FB62FFF750BA4FF6F6729342B8D83A6B08339BB210683B629900F3F7C6FDA0
S32D000620480028AED03A6B3B6A9380106032E7F961FFF760BBF961FFF7C2BBF961FFF7CDBB10F1020F40F0B18055
S32D00062070D8F80410002954463FF7B5AAD8F83010002900F05A8208F14003994202D0786BF2F728F90023C8F842
S32D000620983030D8F83C30C8F80430002B00F04982D8F83830C8F80030FFF7DFBA4FF6F6718A423FF676AF0832DB
S32D000620C093B23A6B7B6210689900F3F783FD00283FF46BAF3A6B7B6A93801060FFF776BA640030462146F3F7D7
S32D000620E875FD064600283FF458AF0544CAF8000063E64FF6F67293423FF653AF3A6B08339BB210687B6299007C
S32D00062110F3F760FD00283FF448AF3A6B7B6A938010601EE6831C40F0B483D8F80430002B3FF74FADD8F830107A
S32D00062138002900F05D8208F14003994202D0786BF2F7CCF8D8F83C30C8F804300022C8F83020002B00F04C82B7
S32D00062160D8F83830C8F80030A0E54FF6F67293423FF61BAF3A6B08339BB210687B629900F3F728FD00283FF498
S32D0006218810AF3A6B7B6A938010600FE561B606004FF6F6718B427A613FF603AF3A6B08339BB210687B629900F0
S32D000621B0F3F710FD00283FF4F8AE3A6B7B6A938010607A693DE47A6A52F8043B7A62187093E50328D3447FF4F4
S32D000621D838AA2368042B7FF434AAFFF733BAD8F83010002900F055823B6A994202D0786BF2F774F8D8F83C105D
S32D00062200C8F804100023C8F83030002900F04582D8F83830C8F80030DDE52368042B7FF42EAD2EE5F868D90075
S32D00062228F3F7D4FCF86000283FF4B7AE3B697A695B00061910603B61FFF70FBAB868D9001D46F3F7C3FCB860C7
S32D0006225000283FF4A6AEFA686B0000EB040A10607B601CE515F8011C786B4246013DFEF793FFFFF755BBD8F869
S32D00062278003007F178001A78825C002A3FF4D5A80133C8F80030D8F80430B9F1010F03F1FF33C8F804303AD042
S32D000622A008F14004C7F820A0C7F814B0B246A3467E6B194604460FE0D8F800100878205C013120B3C8F80010B8
S32D000622C8D8F8041001350139A945C8F804101AD00029EDDCD8F8303030461946002B00F066825B4501D0F1F78F
S32D000622F0F9FFD8F83C10C8F830A0C8F80410002900F05982D8F83810C8F80010D6E7D7F820A0D7F814B0FE6920
S32D00062318AB44FFF7D9B80026C7E903667E61FFF75CB9D8F80420954240F36D821C46D8F83030D8F80010C7E9E3
S32D0006234004BAD7F834B008F1400926469E461144C8F80010A2463D62714658461444AD1ABEF1000F00F0C18156
S32D00062368CE4501D0F1F7BAFFD8F83C20C8F83060C8F80420002A00F0B481D8F83810C8F8001095424FF0000E01
S32D00062390DDDC3C6AD7F810B05346D7F814A01C44521B2944C8E90012FE69A344FFF790B80121C3E50023C7E9E9
S32D000623B80133FB6007F13C0402E40026C7E9046607F13C04FFF742BB831C3FF497ABD9F80000F2F793FD002853
S32D000623E040F0B181032EAB447FF476AB2268042A7FF472ABFFF773BB224653F8044B7B62164661E5B27844F068
S32D0006240802040236FEF7A8BFB27844F008040236FEF7A2BF760028463146C7E90332F3F7D5FB054600283FF46E
S32D00062430B8AD3A69FB68CAF80000841868E5D3F800804FF0FF33FB62B8F1000F7EF4F9AFFEF7FABF7B6A3A6941
S32D0006245853F8044B7A60C7E902227B62FFF7B0BB7B6A7C6153F8045B7B627EE4D7E9082353F8044B7A617B62E2
S32D000624803A611646FFF7E6BAD7E9082353F8046B3A617B62FA607A61FFF7A3B882B0CDE9023302AB3B63FFF79A
S32D000624A815B93068F3F792FB00283FF449AD306046E54FF6F67293423FF673AD3A6B08339BB210683B62990065
S32D000624D0F3F780FB00283FF468AD3A6B3B6A93801060AEE4660740F14D817A6AFE6952F8043B7A62A3F800B03D
S32D000624F8FEF7EABFD8F83010002900F0A5817A69914204D0786B3B61F1F7E8FE3B693A6AC8F83020D8F83C2068
S32D00062520C8F80420002A00F09381D8F83800C8F80000F7E4FB62FEF787BFB8F80C3043F02003A8F80C30D8F84C
S32D000625481030C8F800300023CA46C8F80430002C3FF48EA81AE5D8F80030D0491A788C5C14F008047FF4D3AEDD
S32D000625700133C8F80030D8F80430B9F1010F03F1FF33C8F8043000F04B8108F14006C7F820A00125B246264637
S32D000625987C6B12E0D8F800301978C04A515C090703F101035ED4C8F80030D8F804300135013BA945C8F804306C
S32D000625C054D0002BEADCD8F8303020461946002B00F00381534501D0F1F784FED8F83C30C8F83060C8F80430EB
S32D000625E8002B00F0F680D8F83830C8F80030D3E7B8F80C30D7F820B043F02003A8F80C30D8F81030C8F800308F
S32D0006261000235446C8F80430B246002D3FF44DABB8E418681C46F3F7D5FA00283FF4E5AB2060FFF7E2BB14F05C
S32D0006263801027FF459ABA1077FF556ABBB699849786B8B42BB6A314600F0E180FDF7B2FE02460B46786A50F8CE
S32D00062660041B7862C1E90023FFF747BBD7F820A051E65446D7F820B0B246002D3FF41DAB7E6B013D07F15003F7
S32D000626884246595D3046FEF783FD002DF5D1FFF710BBB8F80C3043F02003A8F80C30D8F81030C8F80030B5422C
S32D000626B04FF00003D7E903BAC8F804307FF492AB68E40025FFF71EBADA469B46B8F80C3043F02003A8F80C3035
S32D000626D8D8F81030C8F800300023C8F80430FFF716B9B8F80C3043F02003A8F80C30D8F81030C8F800300023B1
S32D00062700D7E904BAC8F80430002C7FF44DAE41E4D8F83010002900F0858008F14002914202D0786BF1F7DEFDC0
S32D00062728D8F83C20C8F804200023C8F83030002A74D0D8F83820C8F80020FFF7E6B953464C46B2461E46002D6B
S32D000627503FF4EBA9D7F83490013D07F150034246595D4846FEF718FD002DF5D1FFF7DDB97C692068F3F72EFA9E
S32D0006277800283EF486AF2060FEF783BFE5070DD4A0070BD57A6AFE6952F8043B7A624FEAEB72C3F800B05A6028
S32D000627A0FEF796BE7A6AFE6952F8043BC3F800B07A62FEF78DBED7F820A0D7F814B0B8F80C3043F02003A8F85D
S32D000627C80C30D8F81030C8F800300023C8F804309DE5D7F820A0EEE73869D9001D46F3F7F5F9386100283FF4FB
S32D000627F0D8AB6B0000EB04093D6ACAF800007B61FFF780B94FF0FF33FB62FEF71DBED8F800102C46C4E5FDF7CE
S32D000628189FFE02460B461DE74D4678E5B8F80C2042F02002A8F80C20D8F81020C8F8002053460022B2464C4641
S32D000628401E46C8F80420002D7FF4A4ABFFF76DB932465646DA469B46B8F80C3043F02003A8F80C30D8F81030CE
S32D00062868C8F80030611B00238B44C8F804300131FFF760BBFB6A002B3FF493ABB8F80C305B067EF5D4ADFFF76F
S32D000628908CBBDAF800B0BBF1FF3F7FF4C9A9FFF7E1B900BF61B60600D58A05000CB430B51B4B9DB0B1F1005F53
S32D000628B8209A1D682BD24FF402730C46ADF8143002900690B9B14B1E9B004FF6FF7104930793ADF8161021ABAA
S32D000628E002A92846019300F0DFFA029B0022A0421A6010D21DB0BDE8304002B070474FF6FF7121ABADF81610BA
S32D00062908284602A904940794019300F0C9FA8B232B604FF0FF30E9E7B40D00202DE9F04F83B00446FCF710FDDE
S32D0006293040F2B1739C4240F3AE805D4A446082FB04516FF4F663E51704EB030CC5EBE117C5EB61154FF4C871C1
S32D00062958A4F2B276A4F26D7301FB17474FEAAC0C40F26D1101FB06CC82FB0361DB17A3EB61139C44B7FA87F36E
S32D000629805B0903EB43031B016FF4C86101936318A2FB0332474E642303FB15450CEBD21C04F00304014600F176
S32D000629A850080B7A4A2B23D0442B31D14B690CEB03028B69D1F828904FEAE37EC2FB063E13EB09034EEBE972E7
S32D000629D0C1E9083228318845E7D1046A816CC36C426A8C4272EB0303B4BF012300230360012003B0BDE8F08F95
S32D000629F84A6902EB0C032CB925B13B2AC8BF01335A1ED6E7002FFBD13B2AC8BF0133F7E7002C40D0DDF804A03E
S32D00062A20254B9A44CB68012B40DD4FEA830BABF10809D144AAF1040263468E4652F8041F91450B44FAD1ABF118
S32D00062A48040B7146DA44DFF86CE01A1D8EFB02E909EB020E4FEAE279C9EBAE09C9EBC909A2EB09094A69DAF8FB
S32D00062A7000E0B2EB09090A6902F1FF3248BF09F10709C2EBC2024A44724502DB073A7245FCDA1A4491E70020A4
S32D00062A9803B0BDE8F08F019B002D0CBF9A464FF0300AB9E76346CEE71F85EB5180510100E8C606009324499250
S32D00062AC0031F00E030B153F8040F51F8042B9042F8D0801A704700BF0B680022026002462BB142F8043B51F8A2
S32D00062AE8043F002BF9D100231360704792B1013A844618D010B40B4601E0013A17D053F8044B4CF8044B002C94
S32D00062B10F7D1581A8010013810BC70470B4653F8042B002AFBD1581A80100138704700220B460260F3E7002287
S32D00062B38CCF8002053F8042B002AFBD1E5E700BF00B50B4C25681446EE681A4685B003460D464CB1074900952E
S32D00062B60CDE901143046064900F056F8F0F7D8FF04490C46F3E700BFB40D0020A8C60600B8C60600A88B06006B
S32D00062B8838B5A1FB02148CBBF2F79AFA0546E0B150F8042C22F00302043A242A17D8132A1AD91B2AC0E900446E
S32D00062BB01DD9242A14BF00F1100200F118024FF00003C0E9024404BF04614461C2E900339360284638BD214633
S32D00062BD8F2F724FF284638BD02460023C2E900339360284638BD00F10802F6E7F0F7CAFF0C2300250360E8E7AD
S32D00062C000148F2F7DBB900BF5C3400200148F2F7D9B900BF5C3400200EB410B583B005AB064C53F8042B01936E
S32D00062C280146206801F0D4FD03B0BDE8104003B0704700BFB40D00202DE9F04F8BB0DDE91859002BDDE9161750
S32D00062C509A46BBBF03F100439A4600232D23612D149C1B9E0B60904600F0EF80412D6CD025F0200BBBF1460FEA
S32D00062C7816D0BBF1450F0297534656D009A9049108A90391022101940091FAF715FEBBF1470F054616D1159B2D
S32D00062CA0DB0713D4099B1BE009A9049108A9039103215346CDE901470091FAF701FE0378302B054600F0D78068
S32D00062CC83B681C4440465146002200232C44EFF741FAF8B1099423465B1B002BC9F8003014DD002E12DD1A9BDE
S32D00062CF0013E6A1E2E44191F01E0B2420AD0134612F8010F41F8040F0233D9F800005B1B9842F2DC1A980BB040
S32D00062D18BDE8F08F099B9C42DED930215A1C09921970099BA342F9D3D6E709A9049108A90391013402210194B4
S32D00062D400091FAF7BDFD0546C0E7104651463A46FDF7B6F800224FF07F53EEF797FF0022002382468B46EFF7B0
S32D00062D68F9F9002800F0908001233B60484B0793DDF86880CDF86490013C05E000220023013CEFF7E7F9E8B9B0
S32D00062D90424B002250465946EEF778FF0F460646EFF724FA0546EEF707FF0B46024639463046EEF7B3FD079B2F
S32D00062DB853F82560631CC146824648F8046B8B462746DBD1344B0022504659463C464F46DDF86490EFF7E6F9B5
S32D00062DE040B92F4B504659460022EFF7B7F9E0B1ED071AD5079BDB6B9E4205D130223A6057F8046D9E42FAD0F7
S32D00062E08392E0ABF079B01369E6A3E601A9B1A98A8EB03084FEAA803C9F800300BB0BDE8F08F002C04F1FF33DB
S32D00062E30F0DB42463021013B981C42F8041BFAD104F1010B08EB8B08E4E7104651463A46FDF736F800224FF074
S32D00062E587F53EEF717FF0022002382468B46EFF779F908B101233B600C4B079380E74046514600220023EFF72B
S32D00062E806DF900287FF420AFC4F101033B601CE7014B079370E700BF48C70600000030400000E03F8CC70600FE
S32D00062EA82DE9F04FADF52B7D0C46109300231E9322930E9182461746FCF7A0FA03681B781F93A3891B0603D5B3
S32D00062ED02369002B00F074870023CDE92633CDE9193336AA179325921693904618930A93D346B946D9F80030D7
S32D00062EF8002B00F0C7804D4604E055F8043F002B00F0B980252BF8D14D4512D0A5EB09039C10279AC8E900930F
S32D00062F2013442793269B0133072B269300F3C08008F108080A9B23440A932B68002B00F0A58000234FF0FF3241
S32D00062F486C681D930C9305F104090B929A462B2709F10409A4F120035A2B00F2AF80DFE813F00F02AD00AD00C6
S32D00062F700A02AD00AD00AD006A00AD00AD00FF013602AD0085001802AD005E025B005B005B005B005B005B00A3
S32D00062F985B005B005B00AD00AD00AD00AD00AD00AD00AD003001AD00DC01AD00300130013001AD00AD00AD0037
S32D00062FC0AD00ED01AD00AD00AD00AD00AD00AD009A01AD00AD00AD00AD00EB06AD00AD00AD00AD00AD00AD00E6
S32D00062FE8AD00AD003001AD00DC017401300130013001F20174017C00AD005102AD003A029F0273027C00AD008C
S32D000630109A0179006302AD00AD00CC06AD007900002303EB830304EB4304A4F1300359F8044BA4F13002092A92
S32D00063038F3D90C938EE75846FCF7E0F9436858461B781E93FCF7DAF9836819931E9B002B40F04486D9F8004041
S32D000630607AE7D9F800404AF0200A75E70C9A109352420C92D9F800404AF0040A6CE7A5EB0903A9454FEAA30479
S32D000630887FF447AF279B002B41F00B810E9B9B8913F0400F0A9B18BF4FF0FF330A930A980DF52B7DBDE8F08FE8
S32D000630B00E9925AA5846FDF751FA0028EAD10DF1D80837E7002CE1D0002346AD1D93012346942F4609930D9368
S32D000630D80023CDE914330F930B9313931AF00203119302D0099B023309931AF08403129305D10C9B099A9E1AB6
S32D00063100002E00F37583279D1D9B7BB11DABC8F80030269B013304350422072B27952693C8F8042000F3A48329
S32D0006312808F10808119B7BB1269B23AA01330835C8F80020072B4FF0080227952693C8F8042000F39D839044F8
S32D00063150129B802B00F064820B9B0D9A9E1A002E00F3A1821AF4807F40F0B8810D9BC8F800709B001D44C8F8CA
S32D000631780430269B27950133072B269300F3258308F108081AF0040F05D00C9B099A9C1A002C00F390830A9BE6
S32D000631A00C9A09998A42ACBF9B185B180A93002D40F0B082002326930F9B1BB10F995846F1F790F80DF1D80844
S32D000631C894E6109D073525F007052B466A68169253F8082B1792169F179E109327F00045B84B304629464FF0AD
S32D000631F0FF32EEF7E5FF002840F0BC84B34B304629464FF0FF32EEF7BDFF002840F0B28430463946002200235D
S32D00063218EEF7AAFF002841F015801D9BAA4FAB4A2AF0800A472C88BF17460022CDE9142203210F9209910D919A
S32D000632400B921392002B3FF44DAF099B0133099348E71AF0200F109D00F07784073525F007052A466B6852F860
S32D00063268085B10921E46002BC0F2BE860B9B013300F012832AF0800A55EA0603CDF824A040F00C830B9B002B44
S32D0006329040F00D8300230B930D93AAAF92E1109D55F8047B00231D93002F00F03C87532C00F064851AF010017C
S32D000632B8139140F05F850B9B5E1C01F029811A4638461E46F2F710FA00B1C61B632E01F27581002E01F061802E
S32D000632E000230F930DF58C7C7A1EACF1040113460233DB1B12F8010F41F8040F9E42F6D8002E14BF324601227D
S32D000633080D920CEB82036746099200261E60CDE914661D9B10950B9690E7632C00F0D286109B53F8042B469211
S32D0006333046AD109300236B601D9301232F4609930D93C9E6D9F800404AF0080A04E6D9F80040682C03BFD9F832
S32D0006335804404AF4007A09F104094AF0400AF7E5109B53F8042B0C92002AFFF67BAED9F800401093ECE5D9F87D
S32D0006338000404AF0010AE7E51D9B002B7FF466AE2023D9F800401D93DEE54A4652F8044B2A2C01F09281A4F17F
S32D000633A83003092B98BF002301F29D8003EB830304EB4304A4F1300352F8044BA4F130010929F3D943EAE373AE
S32D000633D00B939146C2E5D9F800401D97BCE51AF0200F40F075841AF0100F40F080861AF0400F40F063871AF405
S32D000633F8007F00F07886109D0A9A55F8043B10951A7073E5D9F800406C2C03BFD9F804404AF0200A09F10409E5
S32D000634204AF0100A98E5D9F800404AF0800A93E51AF0200640F07C831AF0100300F0B286109BCDF824A053F837
S32D00063448045B109301230EE0109B53F8045B109378243023CDE923344AF002021C4B18930992002602230022F0
S32D000634701D920B9A511C00F08B80099921F0800A55EA060140F08280002A40F09E86002B7FF400AF099B13F045
S32D0006349801030D9300F05E843023A993A9AF8DE01AF0200640F036831AF0100300F05D86109B53F8045B109335
S32D000634C02AF4806309930023D1E700BFFFFFEF7FD0C70600E0C706008CC70600652C40F22D81DDE91610002213
S32D000634E80023EEF737FE002800F01F82BC4BC8F80030269B013304350422072B27952693C8F8042000F3D1859B
S32D0006351008F10808DDE92134A34280F2F5821FABC8F80030269B013304350422072B27952693C8F8042000F309
S32D00063538138408F10808013C002C7FF723AE102C269B40F3D8850E9F402605E008F10808103C102C40F3CF8572
S32D000635600133A24A4035072BC8E90026CDE92635F0DD25AA39465846FCF7F0FF002840F0D180DDE926350DF125
S32D00063588D808E5E7CDF824A0012B00F08781022BAAAF21D1189A05F00F032D0952F8233047F8043D45EA067588
S32D000635B0360955EA0603F2D1DDF824A0AAABDB1B9B100D930B990D981D9B81424FF00002B8BF0146CDE91422BF
S32D000635D80F920991139231E605F00703ED0845EA4675F608303355EA06013A4647F8043DF2D1DDF824A01AF0DD
S32D00063600010FDBD0302BD7D03023083A47F8043CAAAB9B1A9B10DDF824A00D931746D1E70C9B099A9E1A002E92
S32D000636287FF796AD102E269B24DD2A4625460E9C04E0103E102E08F1080819DD6949C8F8001001334032402138
S32D00063650072BCDE92632C8F80410EEDD25AA214658460DF1D808FCF779FF00285AD1103E102EDDE92632E5DC8C
S32D000636782C461546B60001335A4AC8F804603544072BCDE92635C8F8002000F361850B9B0D9A9E1A002E08F1FE
S32D000636A008087FF75FAD102E269B23DD2A4625460E9C04E0103E102E08F1080818DD4B49C8F800100133403268
S32D000636C84021072BCDE92632C8F80410EEDD25AA21465846FCF73EFF00BB103E102EDDE926320DF1D808E6DC85
S32D000636F02C461546B60001333C4AC8F804603544072BCDE92635C8F8002000F3D68108F1080827E50E9925AAD4
S32D000637185846FCF71FFF00283FF448ADDA46DDF83CB0BBF1000F3FF4B1AC59465046F0F7D5FDABE4229B012BEC
S32D0006374040F37181269CC8F80070013404350423072C27952694C8F8043000F3BB8108F1080801341FAB04359C
S32D00063768C8F80030072C4FF00403CDE92645C8F8043000F3B88108F10808DDE9161000220023EEF7E7FC002859
S32D0006379040F06781229B013B01349B0004371D44072CC8F800702694C8F80430279500F34B8108F108081A9B3E
S32D000637B801349B001D44C8F80430072C28AB26942795C8F800307FF7DBAC0E9925AA5846FCF7C0FE0028A1D1F0
S32D000637E0279D0DF1D808D1E42CC8060074C80600102EDDE926322BDD19464B461B94B9460E9C5F4640259B468B
S32D0006380804E0103E102E08F1080817DD0131BF4B40320729C8E90035CDE92612F1DD25AA214638460DF1D8080D
S32D00063830FCF794FE002840F0D683103E102EDDE92612E7DC0B461B9C5946BB464F468946B6000133B518072BEC
S32D00063858AE4AC8F80460CDE92635C8F8002000F3B18308F108084BE40E9925AA5846FCF771FE00287FF452AFBE
S32D00063880279D0DF1D80851E40E9925AA5846FCF765FE00287FF446AF279D0DF1D80857E4CDF824A00A2D76F13F
S32D000638A8000380F0AB8330350123DDF824A0A9950D93A9AF82E6102C269B1FDD0E9F402604E0103C102C08F11A
S32D000638D0080817DD01338F4A4035072BC8E90026CDE92635F1DD25AA394658460DF1D808FCF734FE00287FF4CC
S32D000638F815AF103C102CDDE92635E7DCA4000133824AC8F804402544072BCDE92635C8F800207FF740AC0E992F
S32D0006392025AA5846FCF71AFE00287FF4FBAE279D35E4219A21AB002A0D9340F31D83229B43F31D06139B9E4212
S32D00063948A8BF1E46002E0EDD269BC8F800700133B2001544072B2693C8F80420279500F3858508F10808139CF7
S32D00063970002EA8BFA41B002C00F33182139B1AF4806F07EB83030B9340F04D82229C0D9B1A68A242C0F29182AC
S32D000639981AF0010F40F08D820B9B07EB8406F61AB610A41AA642A8BF2646002E0EDDC8F80030269BB200013381
S32D000639C01544072B2693C8F80420279500F3AC8508F10808002EA8BFA41B002C7FF7D6AB102C269B40F38B830D
S32D000639E80E9F402605E008F10808103C102C40F382830133464A4035072BC8E90026CDE92635F0DD25AA39467C
S32D00063A105846FCF7A3FD00287FF484AEDDE926350DF1D808E5E71AF0010F7FF48BAE269CC8F800700134043593
S32D00063A380423072C27952694C8F804307FF7B5AE0E9925AA5846FCF785FD00287FF466AEDDE926450DF1D80876
S32D00063A60A9E6229E013E002E7FF7A5AE102E40F3B783CDF82CA04027DA46CB46DDF8389005E008F10808103E00
S32D00063A88102E40F3A5830134214B4035072CC8E90037CDE92645F0DD25AA49465046FCF759FD00287FF43BAE91
S32D00063AB0DDE926450DF1D808E5E70E9925AA5846FCF74CFD00287FF42DAE279D0DF1D808FFF748BB0E9925AA30
S32D00063AD85846FCF73FFD00287FF420AEDDE926450DF1D80839E60E9925AA5846FCF732FD00287FF413AEDDE9FE
S32D00063B0026450DF1D8083CE61AF0010F3FF43EAB05E500BF34C8060074C80600109D073525F007052B466E68B2
S32D00063B2853F8085B1093C7E4109DCDF824A0073525F007052B466E6853F8085B1093012391E455F8043B109578
S32D00063B501AF0100F40F0E2821AF0400F40F0B6831AF4007F00F0DA8243F3C0165DB23346FFF77DBB179D2A4603
S32D00063B782846169D2B462946EEF71EFB0990002840F05D85612C00F0E784412C00F09C840B9B591C00F0B5839F
S32D00063BA024F02001472900F019850F9122A9CDE904410B99009121A9642046AD0D9103914AF4807620A907901C
S32D00063BC80291DDE916320196069558461191FFF733F8A8420F99074600F06D85099B0F9346290D9B00F04F84B4
S32D00063BF01B681393139B0D9A412903F1FF330CBF04F10F01214613600CBF01220022002BB8BF139B2891BABF57
S32D00063C18C3F101032D212B21092B28AD696040F3F984AE4E36AA104686FB0321DA17C2EBA10202EB8201A3EB8E
S32D00063C404101303140F8041C194663291346A0F10402ECDCA0F1080136AE30338E4242F8043C40F25E852AA99F
S32D00063C6801E052F8043B41F8043B36AB9A42F8D30DF1DF031B1A23F0030304332AAA13445D1BAB101A93229B91
S32D00063C901A9A012B1A440D9240F3E1840D9B01330D932AF480630D9A43F4807A0023CDE9133322EAE27215930F
S32D00063CB80992119B1E68002E00F0A4832D231D9300230B93FFF7BDBA109D0A9955F8042B1095CB17C2E9001387
S32D00063CE0FFF708B9199B002B3FF4B8A9199B1B78002B3FF4B3A9D9F800404AF4806AFFF72BB9794B18931AF0F9
S32D00063D0820061ED0109D073525F007052B466E6853F8085B10931AF0010F07D055EA060304D030234AF0020A2B
S32D00063D30249423932AF4806309930223FFF797BB6A4B18931AF02006E0D11AF0100300F0FD80109B53F8045BC7
S32D00063D581093E0E7AAAF31E40E9925AA5846FCF7F9FB00287FF4DAAC229C279D0DF1D808FFF7E1BB0B9B581C37
S32D00063D8000F068821A4600213846F9F7F7FB0F90002800F0DA830F9B0B991095DB1B9B109942A8BF19460022E9
S32D00063DA81D9B0D910B9221EAE171CDE9142209910F921392FFF742BA40215046F1F780F90E9B186018610028BF
S32D00063DD000F0B3840E9A40235361FFF77DB8102C269B40F343822A4640260E9D05E008F10808103C102C40F38F
S32D00063DF8388201333C494032072BC8E90016CDE92632F0DD25AA29465846FCF7A3FB00287FF484ACDDE9263288
S32D00063E200DF1D808E5E74246B846149FCDF844A02946CDF84890159DDDF838A0DDF864901E46002F34D0002DEA
S32D00063E4835D109F1FF39013F1EAB136004235360269B01330431072B279126937DDC0832229B99F8000008EB17
S32D00063E7083039B1B9B108342A8BF0346002B0DDD2698166001309C002144072826905460279100F3528199F89F
S32D00063E9800000832002BACBFC41A0446002C19DC06EB8006002FCAD1002D00F07D82013DCAE71FABC8F80030D7
S32D00063EC0269B013304350421072B27952693C8F8041000F3118308F1080861E5102C269B0DDC24E067666666A7
S32D00063EE88CC7060048C7060074C80600103C102C02F1080217DDBF481060013340314020072BCDE92631506012
S32D00063F10F0DD25AA51465846FCF720FB00287FF401AC103C102CDDE9263136AAE7DCA4000133B2485460214423
S32D00063F38072BCDE92631106000F3688299F800000832ADE71AF0400200F01B81109A52F8045B10921E46ADB2DA
S32D00063F60DDE625AA51465846FCF7F8FA00287FF4D9AB279936AA77E7A14BC8F80030269B013304350421072B03
S32D00063F8827952693C8F8041000F37D8108F10808002A40F03581229A0AF0010313433FF4F1A81FABC8F800301C
S32D00063FB0269B013304350421072B27952693C8F8041000F3D28108F1080831E10E9925AA5846FCF7C3FA0028C2
S32D00063FD87FF4A4AB279D0DF1D808FFF791B8DDF83CB0BA46FFF79DBB2D236D421D9366EB4606CDF824A001230A
S32D00064000FFF737BA1E9B1293099B0D944FF0000A03F48063AAAA5446CDF83C80CDF844909046DDF864909A4658
S32D000640280CE00023284631460A22EEF783FC0A2D76F1000330D305460E46B8460A22002328463146EEF776FC14
S32D0006405001343032A8F1040748F8042C2294BAF1000FE2D099F800309C42DED1FF2CDCD00A2D76F1000313D3C3
S32D00064078129B48F8083C0023229399F80130A8F108070BB109F10109284631460A2200230024EEF74FFCCEE7A4
S32D000640A0CDF864900D9CDDF83C80DDF84490FFF783BA0E9925AA5846FCF750FA00287FF431AB279D0DF1D808B3
S32D000640C8FFF724BA1AF0100F7FF42AA9109D55F8040BEFF729FD461C00F023831095469046ADFFF723B9109D87
S32D000640F00A9A55F8043B1A601095FEF7FBBEA40001333E4AC8F804402544072BC8F80020CDE926357FF738A859
S32D00064118FFF75BBBDE171D463346FFF7A4B80B9B364F1095062B28BF06230D930993FEF7CFBF25AA5146584670
S32D000641400B93FCF70BFA00287FF4ECAA99F8000027990B9B36AAA1E60E9925AA5846FCF7FDF900287FF4DEAA06
S32D00064168279D0DF1D808FEF7F3BF1AF0400200F0BA80109A52F8045B10921E46ADB2FFF79BB9109B1AF4007633
S32D0006419014BF53F8045B53F8045B10931CBF1646EDB2BCE51AF0400240F096801AF40076109B00F02B8253F811
S32D000641B8045B10931646CDF824A0EDB20123FFF752B9012BCDF824A07FF4E1A9FFF76BBBD946D346DDF82CA081
S32D000641E0064BC8F80030B60001343544072CCDE92645C8F804607FF7DCAA25E474C806002CC8060010C806006F
S32D000642081FABC8F80030269B013304350421072B27952693C8F8041000F3A38008F10808002AC0F2A981229A19
S32D00064230C8F80070920001331544072BCDE92635C8F804207EF7A0AFFFF7C3BA2D231D93FEF7E8BF38461095EE
S32D00064258F9F702F800221D9B0D900B9220EAE071A3E51546A4000133AC4AC8F804402544072BCDE92635C8F8B8
S32D00064280002000F3818008F10808FFF777BB0E9925AA5846FCF762F900287FF443AA0D9B279D1A680DF1D8080F
S32D000642A876E60E9C25AA21465846FCF753F9A389FEF7EEBE109D0A9A55F8043B10951A80FEF714BE43F3C036ED
S32D000642D01DB23346FEF7CBBF109ACDF824A052F8045B10921E46ADB20123FFF7C0B8109B1AF4007614BF53F8D3
S32D000642F8045B53F8045B10931CBF1646EDB2FFF7DBB8099B0F9346AD06230B93284622A9CDE904410B9900911E
S32D000643206421079121A90D9103914AF4807620A90690DDE916320196029158461191FEF77FFCA842074672D05C
S32D0006434824F0200147297FF44BAC0D9B1B681393DA1C02DB0B9A934238DD023C24F0200144E40E9925AA584650
S32D00064370FCF7F4F800287FF4D5A90D9B0DF1D8081A68DDE926354FE70E9925AA5846FCF7E5F800287FF4C6A9D4
S32D00064398279D0DF1D808FFF7EDBA46AB09960D960F961F46FEF7B1BF229CCDF86490474607EB84039E4228BFCC
S32D000643C01E46DDF844A0DDF848900B9690460D46FFF7DDBA229B139A9A4270DB1AF0010F00F0298113460133D6
S32D000643E80D931AF4806F64D0139B002BB24600F382810D9B23EAE373099367240023CDE9143356E41D9B0B9624
S32D00064410FEF718BF25AA51465846FCF79FF800287FF480A999F80000279936AA3CE5229B642B89DD0F9A002A83
S32D0006443886D199005846F0F743FE0F90002800F070810F99069122A9CDE904410D9903911199CDE901610B994D
S32D00064460009122990791DDE916325846FEF7E8FB074669E70E9925AA5846FCF76FF800287FF450A9279D0DF15F
S32D00064488D808FFF770BA1A681392002A0AF0010340F335810B990B4340F0CC80139B0D931AF4806FB24640F0E7
S32D000644B0DC800D9B09936624A4E7B2469DE7139A002AD4BFC2F10202012213440D938CE723AB30221A605822E5
S32D000644D85A600B9B632B4AF0020A42DC46AD00230F93284613E7002391460B93FEF732BD0E9925AA5846FCF7BB
S32D000645002DF800287FF40EA90D9B229C1A68279D0DF1D808FFF744BA3846F3F791F90646FEF7D8BE74C8060087
S32D000645280E9925AA5846FCF715F800287FF4F6A80D9B229C1B68279DE41A0DF1D808FFF745BA0B9B09930D93B2
S32D00064550CDE914001D9B10950B901390FEF772BE23AB30221A607822B6E7591C89005846F0F7AAFD002800F09A
S32D00064578D8800F9046ADCAE65442103233DA2A4640260E9D04E008F10808103C102C29DD01336E494032072B05
S32D000645A0C8E90016CDE92632F1DD25AA29465846FBF7D4FF00287FF4B5A8DDE926320DF1D808E6E7711C8900CC
S32D000645C85846F0F77DFD8446002800F0AA800F90FEF786BE002B69D10F9346AD01230B93284694E61546A40039
S32D000645F00133584AC8F804402544072BCDE92635C8F800206DDC08F1080810E6CDF824A053F8045B10930123EF
S32D00064618FEF729BF002A70D13022AA602BAA303342F8043B521B93101A93FFF72CBB139B0D93D6E60B460133F0
S32D0006464013440D9330E7169B434F444A002BB6BF2D231D9B1D932AF0800AFEF7E7BD1AF0010F3FF41EABFFF7C6
S32D0006466819BB662419990B78FF2B6AD00025139A284603E001300131FF2B08D0934206DAD21A4B78002BF5D14A
S32D000646900B780135F4E713922B460D9A199103441A44149015950D920D9B23EAE3730993FFF703BB099B0F93C8
S32D000646B846AD28462BE6229B642B3FF7BAAEFFF78DBA109BD9F80440914653F8042B109342EAE2720B92FEF76F
S32D000646E03BBC0E9925AA5846FBF738FF00287FF419A8DDE92635229A0DF1D80898E56724B4E72AAA8FE70B9AC9
S32D00064708134305D1012309930D93B246662475E6134602330D930993F7E702231A93FFF7B2BA0E998B8943F04A
S32D00064730400213468A81FEF7AFBC0C23CAF800304FF0FF330A93FEF7AEBC0023CDE91433AAE700BF74C806000F
S32D00064758F0C7060000C806002DE9F84F4B6E9C0490462DD59368126843B38B46064602F1080959E9025A5FEAA1
S32D000647809A0715D0043D002401E0A7420ED055F8041F5A463046FAF7EFF8431C04F10104F3D10023C8E90133EF
S32D000647A8BDE8F88FD8F808302AF0030AA3EB0A03C8F8083009F10809002BDAD10020ECE7F0F7B6F80023C8E9B2
S32D000647D00133BDE8F88F00BF2DE9F04FBDB0CDE904301C460191174618B1836B002B00F08682019A536EDE077E
S32D000647F840F18F81B2F90C108AB2900408D441F4005201994B6E8A8123F4005392B24B66110740F1F780019B39
S32D000648201B69002B00F0F28002F01A030A2B00F0FB8013AB10930023CDE91133CDE90A3308930DF14C090993A9
S32D0006484803933B78002B00F051813C4604E014F8013F002B00F02C81252BF8D1E51B40F029812378002B00F0E3
S32D0006487041814FF0000300258DF83B30671C637802954FF0FF3B2B240137A3F120025A2A00F25281DFE812F03E
S32D0006489898025001500194025001500150016A005001500136026B0250014102A6025001A2025B005B005B0034
S32D000648C05B005B005B005B005B005B00500150015001500150015001500150015001230284005001500150012D
S32D000648E85001500150015001500150015001DD00500150015001070250015902500150011E0550015001500128
S32D000649105001500150015001500150015001230286005001500150014F02860080005001450250018102DF00FC
S32D000649386F028000500107027E003E0550015001400550017E00A3F13002002117F8013B01EB810102EB4101BA
S32D00064960A3F13002092AF5D902918EE7DDF814804046FAF747FD43680A931846F2F760FF0B9006464046FAF7E4
S32D000649883DFD83680993002E40F07B843B7877E73B7845F0200573E745F01005AC06049E40F16F81073626F053
S32D000649B007063246736852F8086B04929846002BC0F22D84BBF1FF3F00F0108556EA080325F0800A00F00884DF
S32D000649D80A2E78F1000380F0BD84303601238DF8EF60554600930DF1EF04DDF800809DF83B30D845B8BFD846D2
S32D00064A00002B00F0A88008F10108A4E0019D05982946F8F7F1FD002840F08885AA8902F01A030A2B7FF405AF2F
S32D00064A280199B1F90E30002BFFF6FFAE4B6EDE0702D4950540F156850199059823463A463DB0BDE8F04F00F010
S32D00064A5093BD45F0100515F0200800F00781049E073626F007063346D6F8048053F8086B049325F4806A0023AB
S32D00064A784FF000028DF83B20BBF1FF3F00F0C88156EA08022AF0800540F0C181BBF1000F40F0AB84002B40F0F6
S32D00064AA0A8831AF00103009300F0D68330238DF8EF300DF1EF049CE7E51B1BD0119B129A01332A44072BC9E999
S32D00064AC800751292119305DC09F10809039B2B440393C6E6002A00F07F830199059810AAFFF73AFE40B90DF190
S32D00064AF04C09EFE7129B002B40F0098500231193019A536ED90740F1A68093895B0600F1198503983DB0BDE83E
S32D00064B18F08F019BB3F90C108D058AB23FF56DAE1D46986DF0F746FAB5F90C108AB264E6002BDBD08DF88C3073
S32D00064B404FF001084FF000038DF83B30CDF8008023AC4FF0000B15F00203069318BF08F1020815F084030793C6
S32D00064B6805D1029BA3EB0806002E00F36C82DDE91121501C9DF83B608EB10DF13B020131C9F8002007284FF06C
S32D00064B900102CDE91101C9F8042000F33B82024609F108090130069BDBB10FAB0231C9F8003007284FF002038F
S32D00064BB8CDE91101C9F8043040F34082002900F006830199059810AAFFF7C6FD002893D1DDE911210DF14C09F4
S32D00064BE0501C079B802B00F05881009BABEB0306002E00F3B681009BC9F8004019440728CDE91101C9F80430A8
S32D00064C0840F34481002900F072820199059810AAFFF7A2FD00287FF46FAF12990DF14C09680705D5029BA3EBC2
S32D00064C300804002C00F36982DDE902234245ACBF9B1843440393002940F0D581002311930DF14C09F9E5019B4A
S32D00064C589B899A053FF556AF019CA06DF0F7AEF9A3894FE715F0100340F0238315F0400200F0EB83049A52F817
S32D00064C80046B04929846B6B2F3E656F8043B0496E80600F1ED82690640F1E78243F3C0381EB243468BE6049EC4
S32D00064CA856F8044B4FF000038DF83B30002C00F0B183BBF1FF3F00F02E835A4600212046F0F712FD002800F0F9
S32D00064CD01284031B009304964FF0000B89E6049E4FF000038DF83B304FF0010856F8043B8DF88C300496CDF8CD
S32D00064CF8008023AC29E7EFF7AFF876E5049B53F8042B0292002A80F29F82029A0493524202923B7845F004058B
S32D00064D20B2E53B786C2B03BF7B7845F02005013745F01005A8E53B78682B03BF7B7845F40075013745F0400505
S32D00064D489EE545F0100A1AF0200800F05582049E073626F007063346D6F8048053F8086B0493012384E63B7809
S32D00064D708DF83B4088E5049B53F8046B049330238DF83C3078238DF83D30B94B089345F0020A4FF00008022395
S32D00064D986EE6AE0600F18382EC0600F13383680600F19283A90540F12D83049E039A56F8043B04961A7044E534
S32D00064DC03B7845F001055FE59DF83B30002B7FF4E1AD20238DF83B303B7855E53B7845F0800551E5394611F816
S32D00064DE8013B2A2B00F0B383A3F13002092A0F464FF0000B3FF645AD17F8013B0BEB8B0B02EB4B0BA3F1300241
S32D00064E10092AF5D939E5AA46012B3FF4DDAD022B3CAC12D1089A06F00F033609D35C04F8013D46EA08764FEA45
S32D00064E38181856EA0803F2D13CAB1B1B55460093D3E506F00703F60846EA48764FEAD808303356EA08012246EC
S32D00064E6004F8013DF1D11AF0010FE9D0302BE7D03023023A04F8013C3CAB9B1A554600931446B6E50099139476
S32D00064E8801231491129111930DF14C0909F10809C6E6029BA3EB0806002E7FF7A2AE102E40F35183DFF8C4A12E
S32D00064EB05346CDE906B4BA46DDF814B0019C2F461D4607E002F1020C09F108090246103E102E1EDD501C103148
S32D00064ED810230728CDE91101C9F80050C9F80430ECDD10AA002900F08B80214658460DF14C09FFF731FC00282C
S32D00064F007FF4FEADDDE91121103E102E02F1010CE0DCDDE906B42B463D4657469A463144BCF1070FCDE911C16E
S32D00064F28C9F800A0C9F8046040F39581002900F0BB820199059810AAFFF70EFC00287FF4DBAD009BDDE9112189
S32D00064F50ABEB0306002E02F101000DF14C097FF74AAE102EDFF80CA131DD5346CDE90645BA46059C019D4FF0C3
S32D00064F78100B1F4607E002F1020C09F108090246103E102E19DD501C10310728C9E9007BCDE91101EFDD10AA71
S32D00064FA019B3294620460DF14C09FFF7D9FB00287FF4A6ADDDE91121103E102E02F1010CE5DCDDE906453B465A
S32D00064FC8604657469A4631440728CDE91101C9F800A0C9F8046000F3E68009F10809013005E64FF0010C0A4684
S32D00064FF00DF14C09C8E70199059810AAFFF7B0FB00283FF423AE7BE54FF0010C0A460DF14C095CE7002900F022
S32D00065018DB800199059810AAFFF79EFB00287FF46BADDDE911210DF14C09501CB7E502210FAB1491139301203A
S32D000650400DF14C09024609F10809501CC9E5102E40F35782DDE911C1DFF81CA0CDE90CB410235446DDF804B03B
S32D00065068DDF814A062460DE050BF0600C4C80600B4C8060002F1020C09F108090246103E102E1BDD501C103148
S32D000650900728C9E90043CDE91101EFDD10AA21B3594650460DF14C09FFF75AFB00287FF427ADDDE91121103E1E
S32D000650B8102E02F1010C4FF01003E3DCA246DDF830B00D9C62463144072ACDE91121C9F800A0C9F8046000F380
S32D000650E0A78009F10809501C48E50A464FF0010C0DF14C09C7E76C07119150D5029BA3EB0804002C4BDD0DF171
S32D000651084C09102C40F30982DFF8ECA2119A059EDDF804B053461025BA461F4606E0901C09F108091A46103C6C
S32D00065130102C19DD531C1031072BC9E90075CDE91131F0DD10AA29B359463046FFF708FB00287FF4D5ACDDE9C5
S32D000651581121103C102C02F101000DF14C09E5DC3B4657469A4621440728C9E900A4CDE911017FF75DAD71B10F
S32D000651800199059810AAFFF7EBFA00287FF4B8AC129951E501200A460DF14C09C7E7DDE902234245ACBF9B184D
S32D000651A8434403934EE500293FF468AE0199059810AAFFF7D1FA00287FF49EAC1198129901300DF14C0912E5AB
S32D000651D0069B002B77D101200A460DF14C0900E511920DF14C0975E4BBF1000F7FF4F9AB55464FF0000BCDF823
S32D000651F800B03CACFFF7F9BB1AF010033AD11AF0400200F01381049A52F8046B04929846B6B201232CE42D2392
S32D0006522076428DF83B3068EB4808AA46012327E400297DD00199059810AAFFF791FA00287FF45EACDDE911216B
S32D000652480DF14C09501C95E404933B78FFF718BB3CACFFF7CABB09F108090CF101006246BFE4AA0500F13881D7
S32D000652704FEAE3781E464346FFF7A1BB049B53F8046B04930123FFF7F7BB099B002B3FF481AB099B1B78002BEB
S32D000652983FF47CAB3B7845F48065FFF7F1BADDE9031656F8042B0496CB17C2E90013FFF7C8BA049B53F8046BAF
S32D000652C00493FFF7D6BB02210FAB149113930DF14C09B8E64B4A089215F0200836D0049E073626F007063246A7
S32D000652E8D6F8048052F8086B0492EA0709D556EA080206D08DF83D30302345F002058DF83C3025F4806A022364
S32D00065310FFF7B2BBAA461AE53B4A0892DCE720460496F2F78DFA4FF0000B0090FFF761BB9DF83B20002A00F0CF
S32D00065338C18001200DF13B02149013920DF14C09014628E415F0100242D0049A52F8046B0492CAE70AF480630D
S32D00065360CDF800B0CDF81890BB46DDF8249000253CAC1F4609E030464146EDF7DFFA0A2E78F100031BD30646BA
S32D000653888846304641460A220023EDF7D3FA1146303104F8011C0A220023013C0135002FE5D099F80010A94223
S32D000653B0E1D1FF2DDFD00A2E78F1000364D23CAB1B1BCDF824905F46DDF81890DDF800B000935546FFF70DBB39
S32D000653D815F0400147D0049951F8046B04919046B6B282E7AA46FFF7F3BA012BAA467FF412ADFFF7F2BA00BF71
S32D00065400B4C806002898060050BF0600049E039A56F8043B1A600496FFF717BABBF1060FD84628BF4FF0060861
S32D00065428504CCDF800800496FFF78FBB049B1AF4007814BF53F8046B53F8046B04931CBF9046F6B20123FFF71F
S32D0006545013BB049B15F4007814BF53F8046B53F8046B04931CBF9046F6B2FFF702BB049A15F4007814BF52F814
S32D00065478046B52F8046B04921CBF8846F6B234E70B9B0A99E41A1A462046FAF70BFE99F801300BB109F101094D
S32D000654A0304641460A2200230025EDF747FA6AE701200A460DF14C09FFF797BB069B002B7FF4B9AD0A460120CF
S32D000654C80DF14C09FFF78DBB049E039A56F8043B04961A80FFF7B5B943F3C0185EB24346FFF769BA886DEFF720
S32D000654F069FDFFF7A5BACDF800B004968346FFF778BA119A1299DFF868A00132DFE50199059810AAFFF724F99D
S32D0006551800283FF4EFAAFFF7EFBA1198DFF848A0013020E6019B5B6EDB0707D4019B9B899F0503D4019B986D2F
S32D00065540EFF740FD4FF0FF330393FFF7E2BADFF824A08446E3E4049A7B780F4652F8041B049241EAE17BFFF7ED
S32D000655688FB900BF64BF0600B4C80600C4C80600F0B51F468B89ADF26C4D23F00203ADF80C304B6E1993CB89A3
S32D00065590ADF80E30CB6907934B6A09931AAB009304934FF48063154606460293059316A800230C460693EFF74A
S32D000655B8FBFC2A463B4669463046FFF709F9051E07DB69463046EEF7D9FB002818BF4FF0FF35BDF80C305B0613
S32D000655E003D5A38943F04003A3811698EFF7E2FC28460DF26C4DF0BD38B505460C462846214600220023ECF72D
S32D00065608B3FD28B928462146BDE8384000F00AB8284604F1004100F005F8404261EB410138BD00BFD0B50C4B08
S32D00065630002206460F46ECF729FBECF7FFFD0446ECF7AAFA074B0022ECF720FB02460B4630463946ECF762F98E
S32D00065658ECF7F0FD2146D0BD0000F03D0000F041024B58221A604FF0FF307047A4340020024B58221A604FF01E
S32D00065680FF307047A4340020024B58221A604FF0FF307047A4340020024B58221A604FF0FF307047A43400205C
S32D000656A8024B58221A600020704700BFA4340020024B58221A604FF0FF307047A4340020024B58221A604FF021
S32D000656D0FF307047A4340020024B58221A604FF0FF307047A4340020044A05491368002B08BF0B461844106044
S32D000656F818467047D0340020D4340020024B58221A604FF0FF307047A4340020FEE700BF303135304632515735
S32D00065720440000004175746F000000004A6F79737469636B000000005049442054756E696E670000506F73651F
S32D0006574820457374696D617465000000696E632050000000696E632049000000696E632044000000646563209A
S32D000657705000000064656320490000006465632044000000503A2000493A2000443A200054563A2000000000A1
S32D0006579841563A2000000000504F3A200000000044656275670000007700000054656C2E7478740054656C6558
S32D000657C06D657472793A0A0056656C3A20252E32662C2054617267657456656C3A20252E32662C20456E636FE4
S32D000657E86465723A2025642054696D653A20252E3266200A000000005344205361766564000000004D6F76561F
S32D0006581065635820000000004D6F765665635900506F736520783A00506F736520790000506F736520746865EA
S32D00065838746100004C696D697453746174653A20000000004F70746F4C3A20004F70746F4D3A20004F70746FDA
S32D00065860523A2000436F6D706F737465722D3E00436F6D706F737465723C2D00536572766F30646567000000AD
S32D00065888536572766F3138306465670046726F6E742056656C3A00004261636B204C6566742056656C00000027
S32D000658B04261636B2052696768742056656C000046726F6E7420506F733A00004261636B204C65667420506F5E
S32D000658D8730000004261636B20526967687420506F7300004344532043656C6C0000000056656C00506F770071
S32D000659002566000057696E646F77310057696E646F773120537562506174683A20000000456C61707365643A6D
S32D0006592820000000206D7300506F3A205B0000002C2000005D00000054473A205B0000004D563A205B00000066
S32D0006595062617369635F737472696E673A3A5F4D5F636F6E737472756374206E756C6C206E6F742076616C69AF
S32D000659786400000000000000A059060009FB010009FB010009FB010009FB010009FB010000000000000000007F
S32D000659A0B4630600A859060037436F6D6D616E6400000000256600005374617274427574746F6E00205375625A
S32D000659C8506174683A200000456C61707365643A20000000206D7300506F3A205B0000002C2000005D0000008F
S32D000659F054473A205B0000004D563A205B00000062617369635F737472696E673A3A5F4D5F636F6E7374727556
S32D00065A186374206E756C6C206E6F742076616C696400000030303031303230333034303530363037303830391A
S32D00065A40313031313132313331343135313631373138313932303231323232333234323532363237323832393A
S32D00065A6833303331333233333334333533363337333833393430343134323433343434353436343734383439EA
S32D00065A90353035313532353335343535353635373538353936303631363236333634363536363637363836399A
S32D00065AB8373037313732373337343735373637373738373938303831383238333834383538363837383838394A
S32D00065AE0393039313932393339343935393639373938393900000000000000001C5B0600311101007911010000
S32D00065B08F9170100111801002B180100A51A0100D51A010030640600285B0600A0590600313153746172744266
S32D00065B307574746F6E000000256600004170706C654261736B657444726F706F666600004170706C6542617358
S32D00065B586B657444726F706F666620537562506174683A2000000000456C61707365643A20000000206D7300BC
S32D00065B80506F3A205B0000002C2000005D00000054473A205B0000004D563A205B00000062617369635F7374E4
S32D00065BA872696E673A3A5F4D5F636F6E737472756374206E756C6C206E6F742076616C69640000000000000039
S32D00065BD0F05B06006D1B0100B91B0100F9270100112801002B280100492801007928010030640600FC5B060038
S32D00065BF8A059060031384170706C654261736B657444726F706F666600000000256600004170706C6542617362
S32D00065C206B6574004170706C654261736B657420537562506174683A20000000456C61707365643A2000000077
S32D00065C48206D7300506F3A205B0000002C2000005D00000054473A205B0000004D563A205B00000062617369C4
S32D00065C70635F737472696E673A3A5F4D5F636F6E737472756374206E756C6C206E6F742076616C6964000000C7
S32D00065C9800000000BC5C0600212901006D290100B5320100CD320100E73201000533010035330100306406009A
S32D00065CC0C85C0600A059060031314170706C654261736B657400000025660000436F6D706F7374657200000092
S32D00065CE8436F6D7020537562506174683A200000456C61707365643A20000000206D7300506F3A205B0000003C
S32D00065D102C2000005D00000054473A205B0000004D563A205B00000062617369635F737472696E673A3A5F4DF6
S32D00065D385F636F6E737472756374206E756C6C206E6F742076616C696400000000000000785D0600DD3301008B
S32D00065D603134010069410100814101009B410100B9410100E941010030640600845D0600A059060039436F6D60
S32D00065D88706F73746572000025660000427574746F6E7300427574746F6E7320537562506174683A20000000B0
S32D00065DB0456C61707365643A20000000206D7300506F3A205B0000002C2000005D00000054473A205B0000003A
S32D00065DD84D563A205B00000062617369635F737472696E673A3A5F4D5F636F6E737472756374206E756C6C20E8
S32D00065E006E6F742076616C696400000000000000305E060089420100E9420100FD4A0100154B01002F4B01003D
S32D00065E284D4B01007D4B0100306406003C5E0600A059060037427574746F6E73000000004E6F6E6500000000F5
S32D00065E50766563746F723A3A5F4D5F7265616C6C6F635F696E736572740000009A99193F000000000AD7A33CEB
S32D00065E78000000BFD7B35D3F000000BFD7B35DBF417373657274696F6E204572726F723A204D6F746F722069D6
S32D00065EA073206E6F7420696E2052554E5F544F5F504F534954494F4E206D6F6465000000417373657274696FF9
S32D00065EC86E204572726F723A204D6F746F72206973206E6F7420696E2056454C4F43495459206D6F64650000EB
S32D00065EF0809A90B68EB78F80D2D3D4D8D7DE8E8F909292E299E3EAEB59999A9D9C9D9E9FB5D6E0E9A5A5A6A736
S32D00065F18A8A9AAABAC21AEAFB0B1B2B3B4B5B6B7B8B9BABBBCBDBEBFC0C1C2C3C4C5C7C7C8C9CACBCCCDCECF94
S32D00065F40D0D1D2D3D4D5D6D7D8D9DADBDCDDDEDFE0E1E2E3E5E5E6E7E7E9EAEBEDEDEEEFF0F1F2F3F4F5F6F7A0
S32D00065F68F8F9FAFBFCFDFEFF222A2B2C3A3B3C3D3E3F5B5D7C7F00000000000040787D0100D8B805000000009D
S32D00065F90000000010000090200001A03000000040000020500001A0600001B0700001A08000009090000090A20
S32D00065FB800001A0B0000DB0C00001A0D000000000000000F00001A1000001A1100001A120000000000001A14C4
S32D00065FE00000000000001A1600001A1700001A1800001A1900001A1A00001A1B00001B1C00001B1D00001A1EB7
S32D000660080000000000001A2000001A2100001A2200001A2300001A2400001A2500001B260000022700001A284D
S32D000660300000022900001B2A0000000000000000000000000000000000000000000000000000000000000000CC
S32D0006605800001A3300001A3400001A350000000000001A3700001B3800000000000000000000000000001B3C2F
S32D0006608000001B3D00000000000000000101010101010101020202020202000000000000000000000004040474
S32D000660A804040303010101010101010100000101010101000001010000010100000000000100000000000000A4
S32D000660D00B0000000A00000007000000060000000500000004000000010000000000000000000000010000006F
S32D000660F808000000090000000A0000000B00000011000000100000000F0000000E0000000D0000000C000000F7
S32D000661200B0000000A00000009000000080000000700000019000000180000001A0000001B0000001C0000009C
S32D0006614801000000060000000F0000000E0000000D0000000C0000000B0000000A0000000900000008000000C0
S32D000661700E0000000F0000000400000005000000060000000700000011000000010000001400000001000000A1
S32D0006619814000000000000001300000000000000130000000B0000000A00000012000000110000001000000051
S32D000661C010000000040000000500000007000000060000000B0000000A0000000700000006000000050000005E
S32D000661E8040000000100000000000000000000000100000008000000090000000A0000000B0000001100000046
S32D00066210100000000F0000000E0000000D0000000C0000000B0000000A000000090000000800000007000000E7
S32D0006623819000000180000001A0000001B0000001C0000007630322E30392E3030000000256400002D25642E46
S32D00066260253033640000000025642E2530336400747275650000000066616C736500000072000000722B0000A1
S32D0006628877000000772B000061000000612B000077780000772B780046696C65206661696C656420746F206F3C
S32D000662B070656E0053442043617264206E6F74206465746563746564210000005344204361726420496E69746D
S32D000662D869616C697A65206661696C65642100004572726F72207072696E74696E6720746F2066696C65000016
S32D000663004572726F722072656164696E672066726F6D2066696C65005344206361726420696E697469616C690D
S32D000663287A65640053444843206361726420696E697469616C697A65642021004641542066696C6573797374BD
S32D00066350656D206D6F756E7465642021000000004661696C656420746F206D6F756E74205344206361726420BE
S32D00066378210000003064060088630600546406004E31305F5F637878616269763131375F5F636C6173735F74E5
S32D000663A07970655F696E666F45000000000000007C6306000DFA010021FA01003DFC01003DFC01009DFA010016
S32D000663C8CDF9010081FA01003DFA010001FA010070757265207669727475616C206D6574686F642063616C6CEA
S32D000663F065640A0030640600006406007C6306004E31305F5F637878616269763132305F5F73695F636C61732C
S32D00066418735F747970655F696E666F450000000000000000F46306001DFB010031FB01003DFC01003DFC010055
S32D000664409DFA0100CDF901000DFC010089FB01004DFB0100B46306005C640600537439747970655F696E666F41
S32D000664680000000043000000B4630600786406004E5374366C6F63616C65356661636574450000004C2E0020EC
S32D00066490A82D0020302E00209C2D0020382E0020A42D0020542E0020B02D0020502E0020AC2D00205C2E002025
S32D000664B8B82D0020582E0020B42D0020342E0020A02D0020AC2E0020E82D0020902E0020DC2D0020982E002079
S32D000664E0E42D0020B42E0020F02D0020B02E0020EC2D0020BC2E0020F82D0020B82E0020F42D0020942E002069
S32D00066508E02D0020000000000000000000000000488706003512020071120200000000003C8706008D12020025
S32D00066530C91202000000000040910600E51202002113020000000000349106003D1302007913020074727565E9
S32D000665580000000066616C7365000000740000007200000075000000650000000000000066000000610000007D
S32D000665806C0000007300000065000000000000000000000024870600D91902000D1A0200000000001C91060022
S32D000665A8291A02005D1A020053743132636F64656376745F6261736500000000B4630600B065060000000000BD
S32D000665D0DC660600000000000000000009FB010009FB010009FB010009FB010009FB010009FB010009FB01002C
S32D000665F8000000009C660600000000000000000009FB010009FB010009FB010009FB010009FB010009FB010049
S32D0006662009FB010000000000BC660600000000000000000009FB010009FB010009FB010009FB010009FB010000
S32D0006664809FB010009FB0100000000007C660600000000000000000009FB010009FB010009FB010009FB010018
S32D0006667009FB010009FB010009FB01007C9606002C67060000000000020000007064060002000000C465060029
S32D00066698020000007C9606005C67060000000000020000007064060002000000C4650600020000007C960600C4
S32D000666C08C67060000000000020000007064060002000000C4650600020000007C960600BC670600000000005D
S32D000666E8020000007064060002000000C46506000200000030640600EC6706007C660600306406000C68060080
S32D000667109C6606003064060028680600BC6606003064060048680600DC660600537432335F5F636F64656376FF
S32D00066738745F61627374726163745F62617365494469447531305F6D6273746174655F74450000005374323369
S32D000667605F5F636F64656376745F61627374726163745F626173654944696331305F6D6273746174655F744591
S32D0006678800000000537432335F5F636F64656376745F61627374726163745F62617365494473447531305F6D78
S32D000667B06273746174655F7445000000537432335F5F636F64656376745F61627374726163745F626173654952
S32D000667D844736331305F6D6273746174655F744500000000537437636F6465637674494469447531305F6D6287
S32D0006680073746174655F744500000000537437636F64656376744944696331305F6D6273746174655F74450024
S32D00066828537437636F6465637674494473447531305F6D6273746174655F744500000000537437636F646563D9
S32D0006685076744944736331305F6D6273746174655F74450000000000FC660600A91F020011200200B5230200C0
S32D00066878551D020061220200391D02003D1D020031220200411D02000000000008670600811F0200D91F020079
S32D000668A0B5240200451D020039250200391D02003D1D020009250200411D02000000000014670600951F0200AA
S32D000668C8F51F02000D2302004D1D020025240200391D02003D1D0200B5220200411D0200000000002067060023
S32D000668F06D1F0200BD1F0200FD210200311D020005270200391D02003D1D02000D260200411D0200756E696E67
S32D00066918697469616C697A6564205F5F616E795F737472696E67000063616E6E6F74206372656174652073685E
S32D00066940696D20666F7220756E6B6E6F776E206C6F63616C653A3A6661636574000000004E5374366C6F6361C5
S32D000669686C65356661636574365F5F7368696D4500000000B4630600606906007C960600846B0600000000000F
S32D000669900200000074870600020000007C690600020C00007C960600B86B060000000000020000008C9106006F
S32D000669B8020000007C690600020C00007C960600EC6B0600000000000200000098870600020000007C69060027
S32D000669E0021000007C960600246C06000000000002000000B0910600020000007C690600021000007C96060063
S32D00066A085C6C06000000000002000000B8870600020000007C690600020C00007C960600946C0600000000002C
S32D00066A3002000000D0910600020000007C690600020C00007C960600CC6C06000000000002000000C487060025
S32D00066A58020000007C690600020800007C960600046D06000000000002000000DC910600020000007C69060022
S32D00066A80020800007C9606003C6D06000000000002000000F0870600020000007C690600020800007C96060083
S32D00066AA8746D0600000000000200000008920600020000007C690600020800007C960600AC6D06000000000003
S32D00066AD002000000FC870600020000007C690600020800007C960600E46D0600000000000200000014920600F3
S32D00066AF8020000007C690600020800007C9606001C6E06000000000002000000D8860600020000007C69060078
S32D00066B20020C00007C960600586E06000000000002000000F8860600020000007C690600020C00007C960600B6
S32D00066B48946E06000000000002000000D0900600020000007C690600020C00007C960600D06E06000000000052
S32D00066B7002000000F0900600020000007C690600020C00002A4E537431335F5F66616365745F7368696D733156
S32D00066B98325F474C4F42414C5F5F4E5F313132636F6C6C6174655F7368696D49634545002A4E537431335F5FFD
S32D00066BC066616365745F7368696D7331325F474C4F42414C5F5F4E5F313132636F6C6C6174655F7368696D496C
S32D00066BE8774545002A4E537431335F5F66616365745F7368696D7331325F474C4F42414C5F5F4E5F3131336DB1
S32D00066C10657373616765735F7368696D49634545000000002A4E537431335F5F66616365745F7368696D733107
S32D00066C38325F474C4F42414C5F5F4E5F3131336D657373616765735F7368696D49774545000000002A4E5374F5
S32D00066C6031335F5F66616365745F7368696D7331325F474C4F42414C5F5F4E5F3131336E756D70756E63745F0C
S32D00066C887368696D49634545000000002A4E537431335F5F66616365745F7368696D7331325F474C4F42414C97
S32D00066CB05F5F4E5F3131336E756D70756E63745F7368696D49774545000000002A4E537431335F5F66616365EC
S32D00066CD8745F7368696D7331325F474C4F42414C5F5F4E5F31313374696D655F6765745F7368696D496345458A
S32D00066D00000000002A4E537431335F5F66616365745F7368696D7331325F474C4F42414C5F5F4E5F3131337491
S32D00066D28696D655F6765745F7368696D49774545000000002A4E537431335F5F66616365745F7368696D7331EB
S32D00066D50325F474C4F42414C5F5F4E5F3131346D6F6E65795F6765745F7368696D496345450000002A4E537480
S32D00066D7831335F5F66616365745F7368696D7331325F474C4F42414C5F5F4E5F3131346D6F6E65795F67657404
S32D00066DA05F7368696D497745450000002A4E537431335F5F66616365745F7368696D7331325F474C4F42414C0B
S32D00066DC85F5F4E5F3131346D6F6E65795F7075745F7368696D496345450000002A4E537431335F5F6661636580
S32D00066DF0745F7368696D7331325F474C4F42414C5F5F4E5F3131346D6F6E65795F7075745F7368696D4977450F
S32D00066E18450000002A4E537431335F5F66616365745F7368696D7331325F474C4F42414C5F5F4E5F3131356D38
S32D00066E406F6E657970756E63745F7368696D49634C623045454500002A4E537431335F5F66616365745F736832
S32D00066E68696D7331325F474C4F42414C5F5F4E5F3131356D6F6E657970756E63745F7368696D49634C62314506
S32D00066E90454500002A4E537431335F5F66616365745F7368696D7331325F474C4F42414C5F5F4E5F3131356D7B
S32D00066EB86F6E657970756E63745F7368696D49774C623045454500002A4E537431335F5F66616365745F7368A6
S32D00066EE0696D7331325F474C4F42414C5F5F4E5F3131356D6F6E657970756E63745F7368696D49774C6231457A
S32D00066F084545000000000000846906005135020029360200B92A0200493002006924030000000000A4690600EC
S32D00066F30F135020069360200092D02009930020085DB030000000000C4690600A1310200B1320200ED2C0200F7
S32D00066F5845310200E12C020000000000E4690600C931020011330200392F0200E93002002D2F02000000000006
S32D00066F80046A0600F1340200893502004D240300552403007D290300FD2803003D29030000000000246A0600C4
S32D00066FA8E1330200BD35020069DB030071DB030039DF0300B9E0030031E0030000000000446A06002132020041
S32D00066FD011340200192C0200D92B0200992B0200592B0200192B0200D92A020000000000646A06005132020009
S32D00066FF881340200692E0200292E0200E92D0200A92D0200692D0200292D020000000000846A06008132020033
S32D0006702071330200252C02005939020000000000A46A0600E1320200A9330200752E0200993802000000000030
S32D00067048C46A0600F131020049340200A12C0200CD2F020000000000E46A060041330200B9340200F12E020096
S32D00067070552F020000000000046B0600DD360200793702006D23030075230300FD2703003D2803007D280300C5
S32D00067098BD2803007D23030085230300B123030000000000246B0600A9360200B5370200DD230300E523030045
S32D000670C03D2703007D270300BD270300FD260300ED230300F52303002124030000000000446B0600113702000C
S32D000670E82D38020089DA030091DA0300C9DE0300A9DF0300EDDF030075E0030099DA0300A1DA0300CDDA03003F
S32D0006711000000000646B060045370200F1370200F9DA030001DB030059DE0300FDE0030041E1030085E1030071
S32D0006713809DB030011DB03003DDB030025733A205F5F706F732028776869636820697320257A7529203E20748A
S32D000671606869732D3E73697A6528292028776869636820697320257A7529000062617369635F737472696E6794
S32D000671883A3A636F7079000062617369635F737472696E673A3A5F535F6372656174650062617369635F73746B
S32D000671B072696E673A3A5F4D5F7265706C6163655F6175780000000062617369635F737472696E673A3A6173B3
S32D000671D87369676E0000000062617369635F737472696E673A3A617070656E640000000062617369635F7374A6
S32D0006720072696E673A3A726573697A650000000062617369635F737472696E673A3A5F535F636F6E7374727519
S32D000672286374206E756C6C206E6F742076616C69640000005374313063747970655F626173650000B46306007B
S32D000672503C7206007C96060080720600000000000200000070640600020000004C720600020000003064060008
S32D000672788C7206004C9106005374356374797065496345005374356374797065497745000000000054720600F7
S32D000672A055610200F5610200BD62020045630200D1620200916302004D610200B561020051610200A161020034
S32D000672C800000000747206007D610200C9610200DD63020051650200B565020031660200F1640200F964020035
S32D000672F02165020029650200AD660200B5660200D9660200FD66020073706163650000007072696E7400000041
S32D00067318636E74726C00000075707065720000006C6F776572000000616C7068610000006469676974000000B2
S32D0006734070756E63740000007864696769740000616C6E756D000000677261706800000062617369635F7374EF
S32D0006736872696E673A3A5F4D5F636F6E737472756374206E756C6C206E6F742076616C6964000000430000001E
S32D0006739062617369635F737472696E673A3A657261736500252E2A4C66000000256D2F25642F25790000000007
S32D000673B825483A254D00000025483A254D3A255300000000537431306D6F6E65795F626173650000B463060056
S32D000673E0CC730600537431336D657373616765735F62617365000000B4630600E473060053743974696D655F2F
S32D000674086261736500000000B4630600007406000000000078750600D5690200996A0200F1690200BD6A020061
S32D00067430FD68020000000000A47506006D18020099180200E1680200E9680200F16B0200996F020001700200EF
S32D000674580000000058750600750F0200A10F02007168020079680200916D0200F96D0200616E0200C96E0200C5
S32D000674808168020089680200B56802000000000038750600D90F0200051002000168020009680200316F0200A7
S32D000674A8C16C0200296D0200596C02001168020019680200456802000000000084750600A5690200C16902003A
S32D000674D0F568020029940400F968020000000000D0750600156902005169020049880200F18802000000000030
S32D000674F8DC750600296902006D69020089920200ED93020000000000B07506003D69020089690200F1680200DC
S32D000675207DAD020059AE02008D9E0200C99F0200E595020035AF02007C960600E875060000000000020000008C
S32D000675487064060002000000DC730600020000007C960600087606000000000002000000706406000200000062
S32D00067570DC730600020000003064060028760600706406007C96060040760600000000000200000070640600C8
S32D0006759802000000F873060002000000306406005C760600706406007C960600787606000000000002000000F0
S32D000675C07064060002000000107406000200000030640600C07606007064060030640600087706007064060086
S32D000675E84E5374375F5F637878313131306D6F6E657970756E637449634C6230454545004E5374375F5F6378BF
S32D0006761078313131306D6F6E657970756E637449634C6231454545004E5374375F5F637878313137636F6C6CBF
S32D0006763861746549634545004E5374375F5F6378783131386D6573736167657349634545000000004E537437DD
S32D000676605F5F6378783131386E756D70756E637449634545000000004E5374375F5F63787831313874696D65F5
S32D000676885F6765744963537431396973747265616D6275665F6974657261746F72496353743131636861725F85
S32D000676B0747261697473496345454545000000004E5374375F5F6378783131396D6F6E65795F67657449635391
S32D000676D87431396973747265616D6275665F6974657261746F72496353743131636861725F74726169747349F3
S32D0006770063454545450000004E5374375F5F6378783131396D6F6E65795F7075744963537431396F73747265FC
S32D00067728616D6275665F6974657261746F72496353743131636861725F74726169747349634545454500000030
S32D000677507C96060050790600000000000200000078750600020000007C690600020C00007C9606008479060013
S32D00067778000000000200000078800600020000007C690600020C00007C960600B8790600000000000200000091
S32D000677A084750600020000007C690600021000007C960600F07906000000000002000000848006000200000022
S32D000677C87C690600021000007C960600287A06000000000002000000A4750600020000007C690600020C0000B4
S32D000677F07C960600607A06000000000002000000A4800600020000007C690600020C00007C960600987A060016
S32D000678180000000002000000B0750600020000007C690600020800007C960600D07A06000000000002000000AE
S32D00067840B0800600020000007C690600020800007C960600087B06000000000002000000D075060002000000F7
S32D000678687C690600020800007C960600407B06000000000002000000D0800600020000007C69060002080000CF
S32D000678907C960600787B06000000000002000000DC750600020000007C690600020800007C960600B07B06001A
S32D000678B80000000002000000DC800600020000007C690600020800007C960600E87B06000000000002000000BE
S32D000678E038750600020000007C690600020C00007C960600247C06000000000002000000587506000200000031
S32D000679087C690600020C00007C960600607C0600000000000200000038800600020000007C690600020C00009D
S32D000679307C9606009C7C0600000000000200000058800600020000007C690600020C00002A4E537431335F5FB1
S32D0006795866616365745F7368696D7331325F474C4F42414C5F5F4E5F313132636F6C6C6174655F7368696D49C6
S32D00067980634545002A4E537431335F5F66616365745F7368696D7331325F474C4F42414C5F5F4E5F313132632A
S32D000679A86F6C6C6174655F7368696D49774545002A4E537431335F5F66616365745F7368696D7331325F474C94
S32D000679D04F42414C5F5F4E5F3131336D657373616765735F7368696D49634545000000002A4E537431335F5F66
S32D000679F866616365745F7368696D7331325F474C4F42414C5F5F4E5F3131336D657373616765735F7368696DFA
S32D00067A2049774545000000002A4E537431335F5F66616365745F7368696D7331325F474C4F42414C5F5F4E5F23
S32D00067A483131336E756D70756E63745F7368696D49634545000000002A4E537431335F5F66616365745F736817
S32D00067A70696D7331325F474C4F42414C5F5F4E5F3131336E756D70756E63745F7368696D497745450000000052
S32D00067A982A4E537431335F5F66616365745F7368696D7331325F474C4F42414C5F5F4E5F31313374696D655F52
S32D00067AC06765745F7368696D49634545000000002A4E537431335F5F66616365745F7368696D7331325F474CD0
S32D00067AE84F42414C5F5F4E5F31313374696D655F6765745F7368696D49774545000000002A4E537431335F5F43
S32D00067B1066616365745F7368696D7331325F474C4F42414C5F5F4E5F3131346D6F6E65795F6765745F736869DD
S32D00067B386D496345450000002A4E537431335F5F66616365745F7368696D7331325F474C4F42414C5F5F4E5FB1
S32D00067B603131346D6F6E65795F6765745F7368696D497745450000002A4E537431335F5F66616365745F73689C
S32D00067B88696D7331325F474C4F42414C5F5F4E5F3131346D6F6E65795F7075745F7368696D49634545000000E6
S32D00067BB02A4E537431335F5F66616365745F7368696D7331325F474C4F42414C5F5F4E5F3131346D6F6E65791E
S32D00067BD85F7075745F7368696D497745450000002A4E537431335F5F66616365745F7368696D7331325F474C2B
S32D00067C004F42414C5F5F4E5F3131356D6F6E657970756E63745F7368696D49634C623045454500002A4E537436
S32D00067C2831335F5F66616365745F7368696D7331325F474C4F42414C5F5F4E5F3131356D6F6E657970756E632D
S32D00067C50745F7368696D49634C623145454500002A4E537431335F5F66616365745F7368696D7331325F474CE6
S32D00067C784F42414C5F5F4E5F3131356D6F6E657970756E63745F7368696D49774C623045454500002A4E5374AA
S32D00067CA031335F5F66616365745F7368696D7331325F474C4F42414C5F5F4E5F3131356D6F6E657970756E63B5
S32D00067CC8745F7368696D49774C62314545450000000000005077060065BF02003DC0020039B10200E5B8020019
S32D00067CF0FD6802000000000070770600D1BF02007DC002008DB302009DB9020099DA020000000000907706001F
S32D00067D180DBC0200F5BC02006DB3020039B9020061B3020000000000B0770600E5BB020085BD0200BDB5020006
S32D00067D40F5B90200B1B5020000000000D0770600FDBE020009C00200E1680200E9680200F16B0200996F02001C
S32D00067D680170020000000000F0770600B5BD02009DBF02007DDA020085DA020061DC02004DDE020089DE0200A6
S32D00067D90000000001078060055BD02008DBE020099B2020059B2020019B20200D9B1020099B1020059B10200C5
S32D00067DB835AF0200000000003078060095BC02002DBF0200EDB40200ADB402006DB402002DB40200EDB3020014
S32D00067DE0ADB30200E51803000000000050780600C5BC0200E5BD0200A5B202004DB602000000000070780600CC
S32D00067E0865BC02001DBE0200F9B40200C9B70200000000009078060025BD0200C5BE020021B3020059BA0200B3
S32D00067E3000000000B078060035BC020055BE020075B502001DBB020000000000D078060059C1020041C2020073
S32D00067E580168020009680200316F0200C16C0200296D0200596C0200116802001968020045680200000000003B
S32D00067E80F0780600F1C0020005C202007168020079680200916D0200F96D0200616E0200C96E020081680200C9
S32D00067EA889680200B56802000000000010790600BDC00200C9C102009DD90200A5D9020031DD020001DF020010
S32D00067ED03DDF0200C5DE0200ADD90200B5D90200E1D90200000000003079060025C102008DC102000DDA020017
S32D00067EF815DA0200C9DC020011DE020099DD0200D5DD02001DDA020025DA020051DA020000000000788006007C
S32D00067F2071DB02003DDC02008DDB020079DF020099DA020000000000A480060075190200A11902007DDA0200BC
S32D00067F4885DA020061DC02004DDE020089DE020000000000588006006D110200991102000DDA020015DA0200EB
S32D00067F70C9DC020011DE020099DD0200D5DD02001DDA020025DA020051DA02000000000038800600D111020050
S32D00067F98FD1102009DD90200A5D9020031DD020001DF02003DDF0200C5DE0200ADD90200B5D90200E1D9020024
S32D00067FC0000000008480060041DB02005DDB020091DA02008D94040095DA020000000000D0800600B1DA020045
S32D00067FE8EDDA020035F60200DDF6020000000000DC800600C5DA020009DB020005000300250103000000000080
S32D00068010B0800600D9DA020025DB02008DDA02004D17030019180300B50A0300DD0B0300D5020300E5180300C4
S32D000680387C960600E880060000000000020000007064060002000000DC730600020000007C96060008810600B2
S32D0006806000000000020000007064060002000000DC730600020000003064060028810600706406007C9606007C
S32D000680884081060000000000020000007064060002000000F873060002000000306406005C8106007064060055
S32D000680B07C9606007881060000000000020000007064060002000000107406000200000030640600C08106003A
S32D000680D8706406003064060008820600706406004E5374375F5F637878313131306D6F6E657970756E637449DB
S32D00068100774C6230454545004E5374375F5F637878313131306D6F6E657970756E637449774C62314545450047
S32D000681284E5374375F5F637878313137636F6C6C61746549774545004E5374375F5F6378783131386D65737350
S32D000681506167657349774545000000004E5374375F5F6378783131386E756D70756E6374497745450000000056
S32D000681784E5374375F5F63787831313874696D655F6765744977537431396973747265616D6275665F697465CA
S32D000681A07261746F72497753743131636861725F747261697473497745454545000000004E5374375F5F63784D
S32D000681C8783131396D6F6E65795F6765744977537431396973747265616D6275665F6974657261746F724977FD
S32D000681F053743131636861725F7472616974734977454545450000004E5374375F5F6378783131396D6F6E6523
S32D00068218795F7075744977537431396F73747265616D6275665F6974657261746F724977537431316368617288
S32D000682405F74726169747349774545454500000000000000D0820600891A0300A11A03009DCC0300A1CC0300A8
S32D00068268551B0300991D0300451B0300E5CC0300C91C0300011B0300F11A0300151B0300BD1C0300ED1C03006F
S32D0006829000000000DC820600BD1A0300D51A030001CD030005CD0300A51B0300351D03004D1B030049CD030048
S32D000682B8051C03004D1C0300F51B0300611C0300911C0300111D030030640600E8820600F48D06003064060063
S32D000682E020830600FC8D06004E395F5F676E755F6378783138737464696F5F73796E635F66696C6562756649C4
S32D000683086353743131636861725F74726169747349634545450000004E395F5F676E755F6378783138737464B1
S32D00068330696F5F73796E635F66696C65627566497753743131636861725F7472616974734977454545000000DD
S32D0006835862617369635F696F733A3A636C65617200000000000000008C8306002D1F0300551F030000000000EF
S32D0006838098830600411F0300711F030030640600A4830600EC83060030640600C8830600EC83060053743962B4
S32D000683A8617369635F696F73496353743131636861725F747261697473496345450000005374396261736963B6
S32D000683D05F696F73497753743131636861725F74726169747349774545000000B4630600F48306005374386906
S32D000683F86F735F626173650000000000EC83060081210300D12103007C96060030840600020000000200000090
S32D000684209484060002000000E48A06000208000053640000488406005C840600080000000000000094840600F5
S32D000684481D2203006D220300F8FFFFFFF8FFFFFF948406004122030095220300788406008C84060008000000E4
S32D0006847000000000AC840600C522030015230300F8FFFFFFF8FFFFFFAC840600E92203003D2303007C960600D4
S32D00068498C484060000000000010000008C83060003F4FFFF7C960600C8840600000000000100000098830600CB
S32D000684C003F4FFFF536900005374313362617369635F6973747265616D497753743131636861725F74726169C0
S32D000684E874734977454500000000000074870600F9250300D9260300BD290300C92A030069240300000000009C
S32D00068510B8870600311B0200851B02004D240300552403007D290300FD2803003D2903000000000080870600CB
S32D00068538A924030045250300897E0300517E0300B1880300BD8F0300C99603006D9E0300E5A5030049740300AE
S32D00068560717503009976030001970300000000008C870600BD240300612503000DB903005D4D0300DD4E030027
S32D0006858819510300B15203009D5503008D580300094F03000000000030870600D12403007D25030000000000BA
S32D000685B018870600152603005126030000000000F8860600C514020019150200DD230300E52303003D27030036
S32D000685D87D270300BD270300FD260300ED230300F52303002124030000000000D88606003515020089150200F5
S32D000686006D23030075230300FD2703003D2803007D280300BD2803007D23030085230300B123030000000000D4
S32D0006862898870600C9250300E525030061240300FD940400652403000000000054870600000000000000000071
S32D0006865009FB010009FB010009FB010009FB010009FB010009FB010009FB010000000000F087060081240300AE
S32D000686780D25030015B70300D1B7030000000000FC8706009524030029250300B146030049480300000000001B
S32D000686A0E4870600E524030091250300913C030000000000C4870600F9240300AD2503005D240300A5690300C5
S32D000686C8816A0300D95E030015600300E92E03007C960600088806000000000002000000706406000200000038
S32D000686F0DC730600020000007C9606002088060000000000020000007064060002000000DC7306000200000004
S32D00068718306406003888060070640600306406004C8806007064060030640600648806007064060030640600A5
S32D00068740808806007064060030640600A0880600706406007C960600C088060000000000020000007064060039
S32D0006876802000000C46506000200000030640600EC8806007064060030640600FC880600706406003064060024
S32D0006879038890600706406007C9606007489060000000000020000007064060002000000F873060002000000A8
S32D000687B83064060084890600706406007C96060094890600000000000200000070640600020000001074060063
S32D000687E00200000030640600D089060070640600306406000C8A06007064060030640600488A06007064060034
S32D00068808537431306D6F6E657970756E637449634C62304545000000537431306D6F6E657970756E6374496388
S32D000688304C62314545000000537431315F5F74696D6570756E63744963450000537431365F5F6E756D70756E6B
S32D0006885863745F636163686549634500537431375F5F74696D6570756E63745F636163686549634500000000C7
S32D00068880537431385F5F6D6F6E657970756E63745F636163686549634C62304545000000537431385F5F6D6F53
S32D000688A86E657970756E63745F636163686549634C62314545000000537432335F5F636F64656376745F6162CA
S32D000688D07374726163745F6261736549636331305F6D6273746174655F744500537437636F6C6C617465496384
S32D000688F8450000005374376E756D5F6765744963537431396973747265616D6275665F6974657261746F7249F9
S32D000689206353743131636861725F74726169747349634545450000005374376E756D5F707574496353743139A5
S32D000689486F73747265616D6275665F6974657261746F72496353743131636861725F747261697473496345455B
S32D00068970450000005374386D6573736167657349634500005374386E756D70756E637449634500005374387469
S32D00068998696D655F6765744963537431396973747265616D6275665F6974657261746F72496353743131636859
S32D000689C061725F7472616974734963454545000053743874696D655F7075744963537431396F73747265616D01
S32D000689E86275665F6974657261746F72496353743131636861725F747261697473496345454500005374396D04
S32D00068A106F6E65795F6765744963537431396973747265616D6275665F6974657261746F7249635374313163C8
S32D00068A386861725F7472616974734963454545005374396D6F6E65795F7075744963537431396F737472656113
S32D00068A606D6275665F6974657261746F72496353743131636861725F747261697473496345454500988A060063
S32D00068A88AC8A06000400000000000000E48A060045BB03008DBB0300FCFFFFFFFCFFFFFFE48A060065BB03002F
S32D00068AB0B1BB0300C88A0600DC8A06000400000000000000FC8A0600DDBB030025BC0300FCFFFFFFFCFFFFFF5E
S32D00068AD8FC8A0600FDBB030049BC03007C960600148B060000000000010000008C83060003F4FFFF7C9606003B
S32D00068B00188B060000000000010000009883060003F4FFFF536F00005374313362617369635F6F7374726561A5
S32D00068B286D497753743131636861725F7472616974734977454500006E6F7420656E6F756768207370616365C2
S32D00068B5020666F7220666F726D617420657870616E73696F6E2028506C65617365207375626D69742066756C2F
S32D00068B786C20627567207265706F72742061742068747470733A2F2F6763632E676E752E6F72672F6275677368
S32D00068BA02F293A0A202020200000000030313233343536373839000000000000E88C0600BDC3030031C4030083
S32D00068BC89DCC030005CA03004DC70300DDC80300E1CC0300EDC303000DCF03000DC40300DDCE030075C303007D
S32D00068BF045CE030029CA03004000000000000000E48A06000000000000000000C0FFFFFFC0FFFFFFE48A0600A3
S32D00068C1800000000000000004800000000000000948406000000000000000000B8FFFFFFB8FFFFFF948406003A
S32D00068C400000000000000000480000000000000010840600000000000000000040000000F8FFFFFF108406004F
S32D00068C680000000000000000B8FFFFFFB8FFFFFF108406000000000000000000B88C0600548C06002C8C0600E6
S32D00068C90408C0600048C0600188C06007C8C0600688C0600E08C0600CC8C06004800000000000000F48C0600F8
S32D00068CB8D5C40300A9C5030040000000F8FFFFFFF48C060065C4030015C60300B8FFFFFFB8FFFFFFF48C0600C6
S32D00068CE03DC503008DC6030030640600008D0600F48D060030640600388D0600108406004E5374375F5F63786D
S32D00068D08783131313562617369635F737472696E67627566496353743131636861725F74726169747349634568
S32D00068D3053614963454545004E5374375F5F6378783131313862617369635F737472696E6773747265616D49EB
S32D00068D586353743131636861725F74726169747349634553614963454545000000000000F48D060065CD0300EB
S32D00068D8095CD03009DCC0300A1CC0300A5CC0300BDCC0300E1CC0300E5CC03000DCF0300E9CC0300DDCE0300D5
S32D00068DA8F1CC030045CE0300F9CC030000000000FC8D06007DCD0300B1CD030001CD030005CD030009CD03001D
S32D00068DD021CD030045CD030049CD030099CF03004DCD0300ADCE030055CD0300CDCD03005DCD0300B46306003E
S32D00068DF8048E0600B4630600308E06005374313562617369635F73747265616D62756649635374313163686176
S32D00068E20725F74726169747349634545000000005374313562617369635F73747265616D627566497753743171
S32D00068E4831636861725F747261697473497745450000000062617369635F737472696E673A3A5F4D5F63726536
S32D00068E706174650062617369635F737472696E673A3A7265706C61636500000062617369635F737472696E6754
S32D00068E983A3A5F4D5F7265706C61636500000000000000008C91060015DD030035DE0300C9E10300D9E20300B2
S32D00068EC085DB0300000000004C910600000000000000000009FB010009FB010009FB010009FB010009FB01001F
S32D00068EE809FB010009FB010009FB010009FB010009FB010009FB010009FB010000000000D0910600451C020069
S32D00068F10991C020069DB030071DB030039DF0300B9E0030031E003000000000098910600C5DB030061DC030003
S32D00068F38B1360400793604003D400400AD4604002D4D0400BD540400895B0400C92C0400E12D0400F92E04003E
S32D00068F60654D040000000000A4910600D9DB03007DDC0300CD0D04009D0D040069080400C9100400690B040083
S32D00068F884D130400CD150400990804000000000028910600EDDB030099DC0300000000001091060031DD03000C
S32D00068FB06DDD030000000000F0900600D516020029170200F9DA030001DB030059DE0300FDE0030041E1030097
S32D00068FD885E1030009DB030011DB03003DDB030000000000D0900600451702009917020089DA030091DA0300C1
S32D00069000C9DE0300A9DF0300EDDF030075E0030099DA0300A1DA0300CDDA030000000000B0910600E5DC030037
S32D0006902801DD03007DDB03000D95040081DB0300000000006C910600000000000000000009FB010009FB0100C6
S32D0006905009FB010009FB010009FB010009FB010009FB010000000000089206009DDB030029DC0300416E0400FD
S32D00069078FD6E04000000000014920600B1DB030045DC030075030400CD04040000000000FC91060001DC030032
S32D000690A0ADDC0300C5F6030000000000DC91060015DC0300C9DC030079DB0300B92104008522040051F7030018
S32D000690C879F8030035E603007C9606002092060000000000020000007064060002000000DC73060002000000DD
S32D000690F07C9606003892060000000000020000007064060002000000DC730600020000003064060050920600AD
S32D0006911870640600306406006492060070640600306406007C92060070640600306406009892060070640600AD
S32D0006914030640600B8920600706406007C960600D8920600000000000200000070640600020000004C7206000D
S32D00069168020000007C960600F892060000000000020000007064060002000000C4650600020000003064060080
S32D0006919024930600706406003064060034930600706406003064060070930600706406007C960600AC930600F9
S32D000691B800000000020000007064060002000000F87306000200000030640600BC930600706406007C96060051
S32D000691E0CC93060000000000020000007064060002000000107406000200000030640600089406007064060076
S32D00069208306406004494060070640600306406008094060070640600537431306D6F6E657970756E6374497718
S32D000692304C62304545000000537431306D6F6E657970756E637449774C62314545000000537431315F5F74693B
S32D000692586D6570756E63744977450000537431365F5F6E756D70756E63745F63616368654977450053743137F4
S32D000692805F5F74696D6570756E63745F636163686549774500000000537431385F5F6D6F6E657970756E63748B
S32D000692A85F636163686549774C62304545000000537431385F5F6D6F6E657970756E63745F63616368654977C4
S32D000692D04C62314545000000537432315F5F63747970655F61627374726163745F626173654977450000000042
S32D000692F8537432335F5F636F64656376745F61627374726163745F6261736549776331305F6D627374617465F0
S32D000693205F744500537437636F6C6C6174654977450000005374376E756D5F676574497753743139697374727A
S32D0006934865616D6275665F6974657261746F72497753743131636861725F7472616974734977454545000000AC
S32D000693705374376E756D5F7075744977537431396F73747265616D6275665F6974657261746F72497753743119
S32D0006939831636861725F74726169747349774545450000005374386D6573736167657349774500005374386E84
S32D000693C0756D70756E6374497745000053743874696D655F6765744977537431396973747265616D6275665F99
S32D000693E86974657261746F72497753743131636861725F7472616974734977454545000053743874696D655FCE
S32D000694107075744977537431396F73747265616D6275665F6974657261746F72497753743131636861725F7483
S32D000694387261697473497745454500005374396D6F6E65795F6765744977537431396973747265616D62756664
S32D000694605F6974657261746F72497753743131636861725F7472616974734977454545005374396D6F6E6579DB
S32D000694885F7075744977537431396F73747265616D6275665F6974657261746F72497753743131636861725F20
S32D000694B07472616974734977454545007374643A3A6261645F616C6C6F63000030640600D894060078950600F3
S32D000694D85374396261645F616C6C6F630000000000000000CC9406000176040015760400F97504007374643A68
S32D000695003A6261645F636173740000003064060018950600789506005374386261645F6361737400000000003C
S32D000695280C950600397604004D760400317604007374643A3A657863657074696F6E00007374643A3A626164CF
S32D000695505F657863657074696F6E0000B463060080950600B4630600A095060030640600C4950600789506001D
S32D00069578B4630600D89506004E31305F5F637878616269763131355F5F666F726365645F756E77696E644500CC
S32D000695A04E31305F5F637878616269763131395F5F666F726569676E5F657863657074696F6E45005374313354
S32D000695C86261645F657863657074696F6E000000537439657863657074696F6E00000000000000006C95060044
S32D000695F0A57C0400B97C0400B17C04003064060008960600789506004E395F5F676E755F63787832307265638A
S32D000696187572736976655F696E69745F6572726F7245000000000000FC9506001585040029850400A97C04008F
S32D00069640306406004C9606007C6306004E31305F5F637878616269763132315F5F766D695F636C6173735F7447
S32D000696687970655F696E666F45000000000000004096060065850400798504003DFC01003DFC01009DFA010058
S32D00069690CDF90100F18904001D860400958504007465726D696E6174652063616C6C6564207265637572736931
S32D000696B876656C790A0000007465726D696E6174652063616C6C6564206166746572207468726F77696E672082
S32D000696E0616E20696E7374616E6365206F66202700000000270A00007465726D696E6174652063616C6C656457
S32D0006970820776974686F757420616E2061637469766520657863657074696F6E0A000000202077686174282930
S32D000697303A202000254C66006C6F63616C653A3A66616365743A3A5F535F6372656174655F635F6C6F63616CA8
S32D0006975865206E616D65206E6F742076616C69640000000030640600849706005487060030640600A0970600A3
S32D000697806C910600537437636F646563767449636331305F6D6273746174655F74450000537437636F646563F9
S32D000697A8767449776331305F6D6273746174655F74450000000000006C970600E58E04008D8F04009D8E0400E9
S32D000697D0AD8E0400B58E0400C58E0400C98E0400CD8E0400C58E04000000000078970600198F04004D8F0400D6
S32D000697F82D900400D98E0400F990040071910400E18E0400A5910400919104002D2B78583031323334353637E7
S32D00069820383961626364656630313233343536373839414243444546000000002D2B78583031323334353637E8
S32D00069848383961626364656641424344454600002D3031323334353637383900474D540048535400414B53544D
S32D0006987000000000505354004D5354004353540045535400415354004E5354004345540049535400454554007C
S32D000698984A535400470000004D0000005400000000000000480000005300000054000000000000004100000093
S32D000698C04B000000530000005400000000000000500000005300000054000000000000004D00000053000000EB
S32D000698E85400000000000000430000005300000054000000000000004500000053000000540000000000000022
S32D00069910410000005300000054000000000000004E0000005300000054000000000000004300000045000000BE
S32D0006993854000000000000004900000053000000540000000000000045000000450000005400000000000000D9
S32D000699604A0000005300000054000000000000000203000430640600A49906007895060030640600B4990600FC
S32D000699887499060030640600C89906007499060030640600DC99060078950600537431316C6F6769635F6572EF
S32D000699B0726F7200537431326C656E6774685F6572726F7200000000537431326F75745F6F665F72616E6765D9
S32D000699D8000000005374313372756E74696D655F6572726F720000000000000074990600799504008196040063
S32D00069A00359504000000000080990600019604001197040035950400000000008C99060041960400C9960400C7
S32D00069A2835950400000000009899060039950400B995040035950400414D0000504D000053756E646179000074
S32D00069A504D6F6E646179000054756573646179005765646E6573646179000000546875727364617900000000A3
S32D00069A78467269646179000053617475726461790000000053756E004D6F6E005475650057656400546875002F
S32D00069AA046726900536174004A616E75617279004665627275617279000000004D6172636800000041707269B8
S32D00069AC86C0000004D6179004A756E65000000004A756C7900000000417567757374000053657074656D6265F3
S32D00069AF0720000004F63746F626572004E6F76656D62657200000000446563656D626572000000004A616E0094
S32D00069B18466562004D617200417072004A756E004A756C0041756700536570004F6374004E6F760044656300C7
S32D00069B40250000006D0000002F00000025000000640000002F00000025000000790000000000000025000000B5
S32D00069B68480000003A000000250000004D0000003A000000250000005300000000000000410000004D00000095
S32D00069B9000000000500000004D0000000000000053000000750000006E00000064000000610000007900000090
S32D00069BB8000000004D0000006F0000006E00000064000000610000007900000000000000540000007500000048
S32D00069BE06500000073000000640000006100000079000000000000005700000065000000640000006E000000AD
S32D00069C08650000007300000064000000610000007900000000000000540000006800000075000000720000006F
S32D00069C307300000064000000610000007900000000000000460000007200000069000000640000006100000069
S32D00069C587900000000000000530000006100000074000000750000007200000064000000610000007900000012
S32D00069C800000000053000000750000006E000000000000004D0000006F0000006E0000000000000054000000FC
S32D00069CA8750000006500000000000000570000006500000064000000000000005400000068000000750000005D
S32D00069CD00000000046000000720000006900000000000000530000006100000074000000000000004A000000CD
S32D00069CF8610000006E00000075000000610000007200000079000000000000004600000065000000620000009B
S32D00069D207200000075000000610000007200000079000000000000004D00000061000000720000006300000059
S32D00069D486800000000000000410000007000000072000000690000006C000000000000004D00000061000000D9
S32D00069D7079000000000000004A000000750000006E00000065000000000000004A000000750000006C00000089
S32D00069D987900000000000000410000007500000067000000750000007300000074000000000000005300000052
S32D00069DC0650000007000000074000000650000006D000000620000006500000072000000000000004F000000CC
S32D00069DE863000000740000006F000000620000006500000072000000000000004E0000006F0000007600000095
S32D00069E10650000006D0000006200000065000000720000000000000044000000650000006300000065000000A2
S32D00069E386D000000620000006500000072000000000000004A000000610000006E0000000000000046000000F1
S32D00069E606500000062000000000000004D000000610000007200000000000000410000007000000072000000C4
S32D00069E88000000004A000000750000006E000000000000004A000000750000006C00000000000000410000000D
S32D00069EB0750000006700000000000000530000006500000070000000000000004F000000630000007400000054
S32D00069ED8000000004E0000006F000000760000000000000044000000650000006300000000000000696F737458
S32D00069F007265616D00000000696F73747265616D206572726F720000556E6B6E6F776E206572726F72000000A0
S32D00069F283A200000537431335F5F696F735F6661696C75726500000034A006002C9F06006C9F06000000000074
S32D00069F50409F0600319E0400559E0400A59D040030640600909F060080A0060030640600B89F060088A00600CE
S32D00069F787C960600D89F06000000000001000000F4630600000000002A4E31325F474C4F42414C5F5F4E5F313B
S32D00069FA03137696F5F6572726F725F63617465676F727945000000004E537438696F735F6261736537666169C9
S32D00069FC86C757265423563787831314500000000537431395F5F696F736661696C5F747970655F696E666F003A
S32D00069FF000000000609F0600759D0400899D04002D9D040039A20400819E040099A10400A1A10400D1A104002E
S32D0006A018000000006C9F0600A99D0400BD9D0400A59D040000000000789F0600D99D0400ED9D04003DFC0100B6
S32D0006A0403DFC01009DFA0100099E04000DFC010089FB01004DFB010067656E657269630073797374656D000015
S32D0006A0683064060094A0060080A0060030640600C0A0060080A00600B4630600ECA006003064060008A10600AC
S32D0006A090989906002A4E31325F474C4F42414C5F5F4E5F31323173797374656D5F6572726F725F6361746567EA
S32D0006A0B86F727945000000002A4E31325F474C4F42414C5F5F4E5F31323267656E657269635F6572726F725F25
S32D0006A0E063617465676F7279450000004E5374335F563231346572726F725F63617465676F72794500000000E9
S32D0006A1085374313273797374656D5F6572726F72000000000000000068A00600E9A10400F1A10400E1A0040014
S32D0006A13039A2040075A20400E9A00400A1A10400D1A104000000000074A00600EDA10400FDA10400D9A00400ED
S32D0006A15839A2040075A2040099A10400A1A10400D1A104000000000088A0060009A204001DA204003595040071
S32D0006A1807374643A3A6261645F61727261795F6E65775F6C656E67746800000030640600A8A10600CC9406006E
S32D0006A1A8537432306261645F61727261795F6E65775F6C656E67746800000000000000009CA1060019A3040028
S32D0006A1D02DA3040011A30400256400005F474C4F42414C5F0000000028616E6F6E796D6F7573206E616D657392
S32D0006A1F870616365290000006175746F000000006465636C74797065286175746F290000737472696E67206C31
S32D0006A22069746572616C0000737464006465636C74797065286E756C6C707472290000005B6162693A000000C1
S32D0006A2483A3A00007B64656661756C7420617267230000007D3A3A006175746F3A00000074656D706C61746551
S32D0006A27020706172616D65746572206F626A65637420666F72200000767461626C6520666F7220005654542098
S32D0006A298666F722000000000636F6E737472756374696F6E20767461626C6520666F7220000000002D696E2DAA
S32D0006A2C00000000074797065696E666F20666F722000000074797065696E666F206E616D6520666F72200000BF
S32D0006A2E874797065696E666F20666E20666F7220000000006E6F6E2D7669727475616C207468756E6B20746F8D
S32D0006A31020000000636F76617269616E742072657475726E207468756E6B20746F2000006A61766120436C6133
S32D0006A338737320666F7220006775617264207661726961626C6520666F722000544C5320696E69742066756E54
S32D0006A3606374696F6E20666F72200000544C5320777261707065722066756E6374696F6E20666F722000000004
S32D0006A3887265666572656E63652074656D706F72617279202300000068696464656E20616C69617320666F72AF
S32D0006A3B0200000006E6F6E2D7472616E73616374696F6E20636C6F6E6520666F722000005F53617420000000DC
S32D0006A3D85F467261637400005F416363756D00002C2000006F70657261746F72000000006F70657261746F7296
S32D0006A400200000003E28000071750000203A20006E65772000000000756C00006C6C0000756C6C006A61766130
S32D0006A428207265736F757263652000006465636C74797065202800002E2E2E0074686973000000007B706172B6
S32D0006A4506D230000676C6F62616C20636F6E7374727563746F7273206B6579656420746F20000000676C6F6285
S32D0006A478616C2064657374727563746F7273206B6579656420746F20000000007B6C616D6264612800000000A8
S32D0006A4A0292300007B756E6E616D65642074797065230000205B636C6F6E65200000000020726573747269630C
S32D0006A4C87400000020766F6C6174696C6500000020636F6E73740000207472616E73616374696F6E5F736166C6
S32D0006A4F065000000206E6F657863657074000000207468726F77000026260000205F436F6D706C657800000056
S32D0006A518205F496D6167696E617279003A3A2A00205F5F766563746F72280000282E2E2E000000002E2E2E2953
S32D0006A540000000007374643A3A616C6C6F6361746F720000616C6C6F6361746F720000007374643A3A626173B1
S32D0006A56869635F737472696E6700000062617369635F737472696E67000000007374643A3A737472696E6700AF
S32D0006A5907374643A3A62617369635F737472696E673C636861722C207374643A3A636861725F74726169747367
S32D0006A5B83C636861723E2C207374643A3A616C6C6F6361746F723C636861723E203E00007374643A3A69737406
S32D0006A5E07265616D000000007374643A3A62617369635F6973747265616D3C636861722C207374643A3A6368DD
S32D0006A60861725F7472616974733C636861723E203E00000062617369635F6973747265616D0000007374643A04
S32D0006A6303A6F73747265616D000000007374643A3A62617369635F6F73747265616D3C636861722C2073746435
S32D0006A6583A3A636861725F7472616974733C636861723E203E00000062617369635F6F73747265616D000000F4
S32D0006A6807374643A3A696F73747265616D0000007374643A3A62617369635F696F73747265616D3C6368617225
S32D0006A6A82C207374643A3A636861725F7472616974733C636861723E203E000062617369635F696F7374726572
S32D0006A6D0616D0000614E0000263D0000615300003D000000616100006164000026000000616E00006174000034
S32D0006A6F8616C69676E6F66200000000061770000636F5F617761697420000000617A000063630000636F6E739B
S32D0006A720745F636173740000636C000028290000636D00002C000000636F00007E000000645600002F3D0000F5
S32D0006A7486461000064656C6574655B5D200000006463000064796E616D69635F6361737400000000646500004E
S32D0006A7702A000000646C000064656C6574652000647300002E2A000064740000647600002F000000654F000064
S32D0006A7985E3D0000656F00005E000000657100003D3D0000664C000066520000666C0000667200003E3D0000E1
S32D0006A7C06773000067740000697800005B5D00006C5300003C3C3D003C3D00006C6900006F70657261746F72E9
S32D0006A7E8222220006C7300003C3C00006C7400003C0000006D4900002D3D00006D4C00002A3D00006D69000050
S32D0006A8102D0000006D6C00006D6D00002D2D00006E6100006E65775B5D0000006E650000213D00006E740000F6
S32D0006A838210000006E7700006E6577006F5200007C3D00006F6F00007C7C00007C000000704C00002B3D0000AC
S32D0006A860706C00002B000000706D00002D3E2A00707000002B2B000070730000707400002D3E00003F000000A4
S32D0006A888724D0000253D0000725300003E3E3D00726300007265696E746572707265745F63617374000000006A
S32D0006A8B0726D000025000000727300003E3E00007350000073697A656F662E2E2E000000735A0000736300008F
S32D0006A8D87374617469635F63617374003C3D3E0073697A656F662000737A0000747200007468726F770000004C
S32D0006A900747700007468726F772000007369676E6564206368617200626F6F6C00000000626F6F6C65616E0020
S32D0006A92863686172000000006279746500000000646F75626C6500006C6F6E6720646F75626C6500666C6F6141
S32D0006A950740000005F5F666C6F61743132380000756E7369676E65642063686172000000696E7400756E7369CB
S32D0006A978676E656420696E7400000000756E7369676E656400000000756E7369676E6564206C6F6E6700000018
S32D0006A9A05F5F696E7431323800000000756E7369676E6564205F5F696E7431323800000073686F72740000008E
S32D0006A9C8756E7369676E65642073686F72740000766F69640000000077636861725F74006C6F6E67206C6F6EFB
S32D0006A9F067000000756E7369676E6564206C6F6E67206C6F6E670000646563696D616C33320000006465636906
S32D0006AA186D616C3634000000646563696D616C313238000068616C660000000063686172385F7400636861721A
S32D0006AA4031365F74000000006368617233325F74000000007400000028A206000300000028A2060003000000B8
S32D0006AA6800000000000000006100000044A506000E00000044A506000E00000054A506000900000062000000F5
S32D0006AA9060A506001100000060A506001100000074A506000C0000007300000084A506000B00000090A5060047
S32D0006AAB84600000074A506000C00000069000000D8A506000C000000E8A50600310000001CA606000D00000068
S32D0006AAE06F0000002CA606000C0000003CA606003100000070A606000D0000006400000080A606000D00000010
S32D0006AB0890A6060032000000C4A606000E0000000CA906000B0000000CA906000B0000000000000018A90600DA
S32D0006AB300400000020A90600070000000700000028A906000400000030A90600040000000000000038A906006B
S32D0006AB580600000038A90600060000000800000040A906000B00000040A906000B000000080000004CA90600D7
S32D0006AB80050000004CA90600050000000800000054A906000A00000054A906000A0000000800000060A9060063
S32D0006ABA80D00000060A906000D0000000000000070A906000300000070A90600030000000100000074A90600E8
S32D0006ABD00C00000084A906000800000002000000000000000000000000000000000000000000000048BE0600FC
S32D0006ABF80400000048BE0600040000000300000090A906000D00000090A906000D00000004000000A0A9060027
S32D0006AC2008000000A0A906000800000000000000ACA9060011000000ACA90600110000000000000000000000C9
S32D0006AC4800000000000000000000000000000000000000000000000000000000000000000000000000000000D8
S32D0006AC7000000000000000000000000000000000C0A9060005000000C0A906000500000000000000C8A9060051
S32D0006AC980E000000C8A906000E000000000000000000000000000000000000000000000000000000D8A906006E
S32D0006ACC004000000D8A906000400000009000000E0A906000700000028A906000400000000000000E8A90600C0
S32D0006ACE80900000048BE06000400000005000000F4A9060012000000F4A90600120000000600000040A40600C0
S32D0006AD100300000040A40600030000000000000008AA06000900000008AA0600090000000000000014AA0600D9
S32D0006AD380900000014AA0600090000000000000020AA06000A00000020AA06000A000000000000002CAA060081
S32D0006AD60040000002CAA0600040000000800000034AA06000700000034AA060007000000000000003CAA060011
S32D0006AD88080000003CAA0600080000000000000048AA06000800000048AA060008000000000000002CA20600C7
S32D0006ADB0110000002CA206001100000000000000D4A60600D8A606000200000002000000DCA60600E0A606005D
S32D0006ADD80100000002000000E4A6060008A506000200000002000000E8A60600ECA606000100000001000000CF
S32D0006AE00F0A60600ECA606000100000002000000F4A60600F8A60600080000000100000004A7060008A7060034
S32D0006AE28090000000100000014A70600F8A60600080000000100000018A706001CA706000A00000002000000E4
S32D0006AE5028A706002CA70600020000000200000030A7060034A70600010000000200000038A706003CA706008D
S32D0006AE78010000000100000040A7060044A70600020000000200000048A706004CA706000900000001000000CA
S32D0006AEA058A706005CA706000C000000020000006CA7060070A70600010000000100000074A7060078A70600E4
S32D0006AEC8070000000100000080A7060084A70600020000000200000088A70600CCA8060001000000020000003A
S32D0006AEF08CA7060090A70600010000000200000094A7060098A7060002000000020000009CA70600A0A7060095
S32D0006AF180100000002000000A4A70600A8A706000200000002000000ACA7060040A4060003000000030000000F
S32D0006AF40B0A7060040A406000300000003000000B4A7060040A406000300000002000000B8A7060040A40600F1
S32D0006AF68030000000200000014BA0600BCA706000200000002000000C0A7060048A2060002000000010000000F
S32D0006AF90C4A7060018A606000100000002000000C8A70600CCA706000200000002000000D0A70600D4A7060065
S32D0006AFB8030000000200000044BB0600D8A706000200000002000000DCA70600E0A706000B00000001000000B0
S32D0006AFE0ECA70600F0A706000200000002000000F4A70600F8A706000100000002000000FCA7060000A8060063
S32D0006B008020000000200000004A8060008A8060002000000020000000CA8060010A80600010000000200000029
S32D0006B03014A8060070A70600010000000200000018A806001CA80600020000000100000020A8060024A80600D7
S32D0006B05805000000030000002CA8060030A8060002000000020000002C69060010A806000100000001000000A5
S32D0006B08034A8060038A8060001000000010000003CA8060040A80600030000000300000044A8060048A806000C
S32D0006B0A802000000020000004CA8060050A806000200000002000000B0BB060054A806000100000002000000FE
S32D0006B0D058A806005CA80600020000000200000060A8060064A80600010000000200000068A806006CA80600E5
S32D0006B0F8030000000200000070A8060074A80600020000000100000078A8060064A806000100000001000000A2
S32D0006B1207CA8060080A80600020000000200000008A4060084A80600010000000300000088A806008CA8060047
S32D0006B148020000000200000090A8060094A80600030000000200000098A806009CA806001000000002000000A8
S32D0006B170B0A80600B4A806000100000002000000B8A80600BCA806000200000002000000C0A80600C4A8060034
S32D0006B1980900000001000000D0A80600C4A806000900000001000000D4A80600D8A806000B000000020000006A
S32D0006B1C034B90600E4A80600030000000200000024A70600E8A806000700000001000000F0A80600E8A806002E
S32D0006B1E80700000001000000F4A80600F8A80600050000000000000000A9060004A90600060000000100000075
S32D0006B21000000000000000000000000000000000306406002CB20600789506004E537438696F735F62617365E7
S32D0006B238376661696C757265450000000000000020B206000D0305004D03050009030500DB0F49BFE4CB164034
S32D0006B260E4CB16C000000080DB0F4940DB0F49C0000FC93F000F494000CB9640000FC9400053FB4000CB164137
S32D0006B28800ED2F41000F49410031624100537B41003A8A4100CB9641005CA34100EDAF41007EBC41000FC94161
S32D0006B2B000A0D5410031E24100C2EE410053FB4100F20342003A0A420083104200CB164200141D42005C2342F7
S32D0006B2D800A5294200ED2F4200363642007E3C4200C74242000F4942A2000000F9000000830000006E000000B9
S32D0006B3004E000000440000001500000029000000FC0000002700000057000000D1000000F500000034000000D5
S32D0006B328DD000000C0000000DB0000006200000095000000990000003C00000043000000900000004100000099
S32D0006B350FE0000005100000063000000AB000000DE000000BB000000C500000061000000B700000024000000D2
S32D0006B3786E0000003A000000420000004D000000D2000000E000000006000000490000002E000000EA00000051
S32D0006B3A009000000D1000000920000001C000000FE0000001D000000EB0000001C000000B100000029000000F5
S32D0006B3C8A70000003E000000E80000008200000035000000F50000002E000000BB000000440000008400000027
S32D0006B3F0E90000009C0000007000000026000000B40000005F0000007E00000041000000390000009100000072
S32D0006B418D600000039000000830000005300000039000000F40000009C000000840000005F0000008B000000E4
S32D0006B440BD000000F9000000280000003B0000001F000000F800000097000000FF000000DE000000050000002F
S32D0006B468980000000F000000EF0000002F000000110000008B0000005A0000000A0000006D0000001F0000005F
S32D0006B4906D000000360000007E000000CF00000027000000CB00000009000000B70000004F0000004600000051
S32D0006B4B83F000000660000009E0000005F000000EA0000002D0000007500000027000000BA000000C70000008A
S32D0006B4E0EB000000E5000000F10000007B0000003D0000000700000039000000F70000008A00000052000000AC
S32D0006B50892000000EA0000006B000000FB0000005F000000B10000001F0000008D0000005D000000080000000C
S32D0006B53056000000030000003000000046000000FC0000007B0000006B000000AB000000F0000000CF000000CC
S32D0006B558BC000000200000009A000000F4000000360000001D000000A9000000E3000000910000006100000084
S32D0006B5805E000000E60000001B000000080000006500000099000000850000005F00000014000000A00000009A
S32D0006B5A868000000400000008D000000FF000000D8000000800000004D000000730000002700000031000000CB
S32D0006B5D006000000060000001500000056000000CA00000073000000A8000000C900000060000000E2000000E0
S32D0006B5F87B000000C00000008C0000006B0000000000C93F0000F0390000DA370000A2330000842E0000502BA9
S32D0006B6200000C2270000D0220000C41F0000C61B000044170400000007000000090000003863ED3EDA0F493FB1
S32D0006B6485E987B3FDA0FC93F6937AC3168212233B40F14336821A2330020202020202020202028282828282062
S32D0006B67020202020202020202020202020202020208810101010101010101010101010101004040404040404F2
S32D0006B6980404041010101010101041414141414101010101010101010101010101010101010101011010101028
S32D0006B6C01010424242424242020202020202020202020202020202020202020210101010200000000000000022
S32D0006B6E8000000000000000000000000000000000000000000000000000000000000000000000000000000002E
S32D0006B7100000000000000000000000000000000000000000000000000000000000000000000000000000000005
S32D0006B73800000000000000000000000000000000000000000000000000000000000000000000000000000000DD
S32D0006B76000000000B80D0020504F5349580000004E6F74206F776E65720000004E6F20737563682066696C6571
S32D0006B788206F72206469726563746F72790000004E6F20737563682070726F6365737300496E7465727275708F
S32D0006B7B07465642073797374656D2063616C6C00492F4F206572726F720000004E6F207375636820646576693E
S32D0006B7D86365206F722061646472657373000000417267206C69737420746F6F206C6F6E6700000045786563B1
S32D0006B80020666F726D6174206572726F72000000536F636B657420616C726561647920636F6E6E6563746564E3
S32D0006B828000000004261642066696C65206E756D626572004E6F206368696C6472656E0044657374696E61741A
S32D0006B850696F6E2061646472657373207265717569726564000000004E6F206D6F72652070726F6365737365E3
S32D0006B878730000004E6F7420656E6F756768207370616365000000005065726D697373696F6E2064656E6965D8
S32D0006B8A064000000426164206164647265737300446576696365206F72207265736F7572636520627573790047
S32D0006B8C846696C65206578697374730043726F73732D646576696365206C696E6B0000004E6F207375636820E7
S32D0006B8F064657669636500004E6F742061206469726563746F727900486F737420697320646F776E000000009B
S32D0006B918436F6E6E656374696F6E20616C726561647920696E2070726F677265737300004973206120646972C1
S32D0006B9406563746F72790000496E76616C696420617267756D656E74000000004E6574776F726B20696E746539
S32D0006B9687266616365206973206E6F7420636F6E6669677572656400436F6E6E656374696F6E2061626F7274AF
S32D0006B9906564206279206E6574776F726B000000546F6F206D616E79206F70656E2066696C657320696E2073FF
S32D0006B9B8797374656D00000046696C652064657363726970746F722076616C756520746F6F206C617267650070
S32D0006B9E04E6F74206120636861726163746572206465766963650000546578742066696C6520627573790000DC
S32D0006BA0846696C6520746F6F206C617267650000486F737420697320756E726561636861626C65004E6F207369
S32D0006BA3070616365206C656674206F6E20646576696365004E6F7420737570706F72746564000000496C6C6534
S32D0006BA5867616C207365656B00000000526561642D6F6E6C792066696C652073797374656D000000546F6F207C
S32D0006BA806D616E79206C696E6B73000042726F6B656E2070697065004D617468656D617469637320617267752E
S32D0006BAA86D656E74206F7574206F6620646F6D61696E206F662066756E6374696F6E0000526573756C74207423
S32D0006BAD06F6F206C61726765000000004E6F206D657373616765206F66206465736972656420747970650000A0
S32D0006BAF84964656E7469666965722072656D6F7665640000496C6C6567616C20627974652073657175656E6363
S32D0006BB2065000000446561646C6F636B000000004E6574776F726B20697320756E726561636861626C650000F5
S32D0006BB484E6F206C6F636B004E6F7420612073747265616D0000000053747265616D20696F63746C2074696DD4
S32D0006BB70656F7574000000004E6F2073747265616D207265736F7572636573005669727475616C2063697263D8
S32D0006BB9875697420697320676F6E650050726F746F636F6C206572726F720000556E6B6E6F776E2070726F74F1
S32D0006BBC06F636F6C000000004D756C7469686F7020617474656D707465640000426164206D657373616765005E
S32D0006BBE846756E6374696F6E206E6F7420696D706C656D656E746564000000004469726563746F7279206E6F0C
S32D0006BC107420656D7074790046696C65206F722070617468206E616D6520746F6F206C6F6E670000546F6F209A
S32D0006BC386D616E792073796D626F6C6963206C696E6B73004E6F2062756666657220737061636520617661691C
S32D0006BC606C61626C650000004E6F206461746100416464726573732066616D696C79206E6F7420737570706F09
S32D0006BC88727465642062792070726F746F636F6C2066616D696C790050726F746F636F6C2077726F6E67207477
S32D0006BCB079706520666F7220736F636B65740000536F636B6574206F7065726174696F6E206F6E206E6F6E2D13
S32D0006BCD8736F636B6574000050726F746F636F6C206E6F7420617661696C61626C650000436F6E6E65637469F8
S32D0006BD006F6E20726566757365640000436F6E6E656374696F6E2072657365742062792070656572000000000A
S32D0006BD284164647265737320616C726561647920696E20757365000041646472657373206E6F742061766169C3
S32D0006BD506C61626C65000000536F6674776172652063617573656420636F6E6E656374696F6E2061626F727457
S32D0006BD7800000000536F636B6574206973206E6F7420636F6E6E656374656400536F636B657420697320616C9C
S32D0006BDA0726561647920636F6E6E6563746564004F7065726174696F6E2063616E63656C6564000053746174EB
S32D0006BDC865206E6F74207265636F76657261626C6500000050726576696F7573206F776E657220646965640069
S32D0006BDF04F7065726174696F6E206E6F7420737570706F72746564206F6E20736F636B657400000056616C75B9
S32D0006BE186520746F6F206C6172676520666F7220646566696E6564206461746120747970650000004D6573736A
S32D0006BE4061676520746F6F206C6F6E6700000000436F6E6E656374696F6E2074696D6564206F757400000000A4
S32D0006BE685375636365737300257325302E2A64002573252E2A640000252E32640000000025326400252E32641E
S32D0006BE902F252E32642F252E32640000256C7500592D256D2D2564002E2A7500252E336400000000252E3264DA
S32D0006BEB83A252E3264000000256C6C6400000000252E32643A252E32643A252E32640000252B30336C64252ECD
S32D0006BEE0326C64006E660000696E69747900000035000000CEFBFFFFCB0300000100000000000000340000002C
S32D0006BF08CEFBFFFFCB0300000100000000000000BC89D897B2D29C3C33A7A8D523F649393DA7F444FD0FA5326E
S32D0006BF309D978CCF08BA5B25436FAC6428066811494E4600696E66004E414E006E616E003031323334353637D3
S32D0006BF58383961626364656600000000286E756C6C2900003000000020202020202020202020202020202020B3
S32D0006BF803030303030303030303030303030303065256C64000000000A0001000200030004000500060007000D
S32D0006BFA8080009000A000B000C000D000E000F001000000025612025622025652025483A254D3A255320255999
S32D0006BFD00000000025612025622025652025483A254D3A255320255A202559006D64000025493A254D3A2553A1
S32D0006BFF820257000149B0600189B06001C9B0600209B0600CC9A0600249B0600289B06002C9B0600309B0600DC
S32D0006C020349B0600389B06003C9B0600A89A0600B09A0600BC9A0600C49A0600CC9A0600D09A0600D89A0600B5
S32D0006C048E09A0600E89A0600F49A0600FC9A0600089B06008C9A0600909A0600949A0600989A06009C9A0600DF
S32D0006C070A09A0600A49A0600489A0600509A0600589A0600609A06006C9A0600789A0600809A0600C0730600CB
S32D0006C098AC730600BCBF0600409A0600449A0600D4BF0600A89A0600B09A0600BC9A0600C49A0600CC9A0600AD
S32D0006C0C0D09A0600D89A0600E09A0600E89A0600F49A0600FC9A0600089B0600ECBF0600F0BF0600A88B0600E4
S32D0006C0E8A88B0600A88B0600A88B0600A88B0600545A00002531305B5E302D392C2B2D5D256E00002568752522
S32D0006C1106E3A256875256E3A256875256E0000004D256875256E2E256875256E2E256875256E00002F25687556
S32D0006C138256E3A256875256E3A256875256E0000250000007300000025000000300000002E0000002A0000005D
S32D0006C16064000000000000002500000073000000250000002E0000002A000000640000000000000025000000A9
S32D0006C188320000006400000000000000250000002E00000032000000640000002F000000250000002E00000082
S32D0006C1B032000000640000002F000000250000002E000000320000006400000000000000250000006C0000001C
S32D0006C1D87500000000000000590000002D000000250000006D0000002D000000250000006400000000000000F0
S32D0006C2002E0000002A0000007500000000000000250000002E000000330000006400000000000000250000002E
S32D0006C2286C0000006C0000006400000000000000250000002E00000032000000640000003A000000250000005E
S32D0006C2502E00000032000000640000003A000000250000002E00000032000000640000000000000025000000AE
S32D0006C2782B00000030000000330000006C00000064000000250000002E000000320000006C00000064000000DF
S32D0006C2A000000000626C616E6B0000004E614E00496E66696E6974790000000042616C6C6F632073756363659B
S32D0006C2C865646564000000002F6D6E742F776F726B73706163652F776F726B73706163652F4743432D31302D7F
S32D0006C2F0706970656C696E652F6A656E6B696E732D4743432D31302D706970656C696E652D3333385F323032DA
S32D0006C31831313031385F313633343531363230332F7372632F6E65776C69622F6E65776C69622F6C6962632FC9
S32D0006C3407374646C69622F64746F612E630000002F6D6E742F776F726B73706163652F776F726B737061636565
S32D0006C3682F4743432D31302D706970656C696E652F6A656E6B696E732D4743432D31302D706970656C696E6568
S32D0006C3902D3333385F32303231313031385F313633343531363230332F7372632F6E65776C69622F6E65776C56
S32D0006C3B869622F6C6962632F7374646C69622F6764746F612D6765746865782E6300000000000000000000008B
S32D0006C3E00000000000000000000000000000000000000000000000000000000000000000000000000000000029
S32D0006C40810111213141516171819000000000000001A1B1C1D1E1F000000000000000000000000000000000088
S32D0006C4300000000000000000001A1B1C1D1E1F000000000000000000000000000000000000000000000000002D
S32D0006C45800000000000000000000000000000000000000000000000000000000000000000000000000000000B0
S32D0006C4800000000000000000000000000000000000000000000000000000000000000000000000000000000088
S32D0006C4A80000000000000000000000000000000000000000000000000000000000000000000000000000000060
S32D0006C4D00000000000000000CCA80600A88B0600C01700202F6D6E742F776F726B73706163652F776F726B73AD
S32D0006C4F8706163652F4743432D31302D706970656C696E652F6A656E6B696E732D4743432D31302D70697065E6
S32D0006C5206C696E652D3333385F32303231313031385F313633343531363230332F7372632F6E65776C69622FD2
S32D0006C5486E65776C69622F6C6962632F7374646C69622F6D707265632E630000000000000080E03779C3414396
S32D0006C570176E05B5B5B89346F5F93FE9034F384D321D30F94877825A3CBF737FDD4F1575000000000000F03F40
S32D0006C598000000000000244000000000000059400000000000408F40000000000088C34000000000006AF84036
S32D0006C5C00000000080842E4100000000D01263410000000084D797410000000065CDCD41000000205FA0024278
S32D0006C5E8000000E876483742000000A2941A6D42000040E59C30A2420000901EC4BCD64200003426F56B0C43DD
S32D0006C6100080E03779C3414300A0D8855734764300C84E676DC1AB43003D9160E458E143408CB5781DAF154419
S32D0006C63850EFE2D6E41A4B4492D54D06CFF08044F64AE1C7022DB544B49DD9794378EA44050000001900000053
S32D0006C6607D00000020202020202020202020202020202020303030303030303030303030303030300A0001001E
S32D0006C688020003000400050006000700080009000A000B000C000D000E000F00100000002C2066756E63746922
S32D0006C6B06F6E3A2000000000617373657274696F6E2022257322206661696C65643A2066696C652022257322D0
S32D0006C6D82C206C696E65202564257325730A00001F0000001C0000001F0000001E0000001F0000001E000000A2
S32D0006C7001F0000001F0000001E0000001F0000001E0000001F0000001F0000001D0000001F0000001E000000D4
S32D0006C7281F0000001E0000001F0000001F0000001E0000001F0000001E0000001F000000300000003100000087
S32D0006C7503200000033000000340000003500000036000000370000003800000039000000410000004200000086
S32D0006C7784300000044000000450000004600000000000000300000003100000032000000330000003400000081
S32D0006C7A03500000036000000370000003800000039000000610000006200000063000000640000006500000063
S32D0006C7C86600000000000000490000004E0000004600000000000000690000006E0000006600000000000000BD
S32D0006C7F04E000000410000004E000000000000006E000000610000006E00000000000000280000006E00000065
S32D0006C818750000006C0000006C00000029000000000000003000000000000000200000002000000020000000E6
S32D0006C8402000000020000000200000002000000020000000200000002000000020000000200000002000000084
S32D0006C86820000000200000002000000030000000300000003000000030000000300000003000000030000000EC
S32D0006C8903000000030000000300000003000000030000000300000003000000030000000300000002020202044
S32D0006C8B820202020202020202020202030303030303030303030303030303030F8B500BFF8BC08BC9E4670474D
S32D0006C8E059D7050065C4000011010100D90C01003DC20100B5D2010089F1010035F2010099F20100F9F4010028
S32D0006C90875F9010095B00200051A030081BA0300E16F04004D780400E1A20400F8B500BFF8BC08BC9E467047C2
S32D0006C93008B10181B0B000840000000039B5FD7FB0AF0200FFFF0158CC0104D40500FC0104B80600AA0204A8D1
S32D0006C9580600D802049A0600A804048C0600DA0404FE0500860504F00500B60504E20500DE05040000EC0504FA
S32D0006C9800000FA0504000088060400009606040000A406040000B406040000C206040000D5B4FD7FB0B0A80009
S32D0006C9A8FF1011010816223C014004000001000000000000B9B4FD7FB0B0AA00FF1029011DA60102AE0101AA2C
S32D0006C9D00102B80101B20104C20103BC0104CA0103C6010A000001007F000000000000000000000081B4FD7F68
S32D0006C9F8B0AF0200FF1061015442040000820104E00401CA02040000D20302CC04018804040000B60402D60495
S32D0006CA2001C40402EE0401C80402F80401D00404820503DA04048A0503EA0404A20500F20404920503FC040452
S32D0006CA48AA050386051C0000A60514000001007F00000000000000000000000011B4FD7FB0AF0800FF107501F5
S32D0006CA706C4E20EA0C01980104B00D03A20128EA0C01D40104A20D03E00104EA0C01A20204940D03AC0204EA53
S32D0006CA980C01F20204860D03FC028402EA0C01B60504CC0D03C00528EA0C01F20504BE0D03FE0504EA0C01E628
S32D0006CAC00804DA0D03F00804EA0C01AC0904F80C03B609BE02EA0C01F40C7800007F00007D00000000000000AF
S32D0006CAE88DB3FD7FB0B0A800FFFF010C10021C00140400002204000075B3FD7FB0B0A800FFFF010C10022200F4
S32D0006CB10140432002E0400005DB3FD7FB0B0A800FFFF010C10021C00140400002204000045B3FD7FB0B0A800EE
S32D0006CB38FFFF010C10022200140432002E0400002DB3FD7FB0B0A800FFFF010C10021C00140400002204000033
S32D0006CB6015B3FD7FB0B0A800FFFF010C10022200140432002E040000FDB2FD7FB0B0A800FFFF010C10021C002E
S32D0006CB881404000022040000E5B2FD7FB0B0A800FFFF010C10022200140432002E040000CDB2FD7FB0B0A80062
S32D0006CBB0FFFF01080404120018040000B9B2FD7FB0B0A800FFFF01080404120018040000A5B2FD7FB0B0A8000D
S32D0006CBD8FFFF0108040412001804000091B2FD7FB0B0A800FFFF010804041200180400007DB2FD7FA908B100DB
S32D0006CC00FFFF011418043A00240400002C02380030040000460400005DB2FD7FB0B0A800FFFF010804041200D7
S32D0006CC281804000049B2FD7FA908B100FFFF011418043A00240400002C023800300400004604000029B2FD7F17
S32D0006CC50B0B0A800FFFF0108040412001804000015B2FD7FA908B100FFFF011418043A00240400002C023800CF
S32D0006CC783004000046040000F5B1FD7FB0B0A800FFFF01080404120018040000E1B1FD7FA908B100FFFF011420
S32D0006CCA018043A00240400002C0238003004000046040000C1B1FD7FB0B0A800FFFF01080404120018040000CB
S32D0006CCC8ADB1FD7FB0B0A800FFFF010C10021C00140400002204000095B1FD7FB0B0A800FFFF010C10022200D6
S32D0006CCF0140432002E0400007DB1FD7FB0B0A800FFFF010C10021C00140400002204000065B1FD7FB0B0A800D1
S32D0006CD18FFFF010C10022200140432002E0400004DB1FD7FB0B0A800FFFF0108040412001804000039B1FD7F07
S32D0006CD40B0B0A800FFFF0108040412001804000025B1FD7FA908B100FFFF011418043A00240400002C023800CF
S32D0006CD68300400004604000005B1FD7FB0B0A800FFFF01080404120018040000F1B0FD7FA908B100FFFF011410
S32D0006CD9018043A00240400002C0238003004000046040000D1B0FD7FB0B0A800FFFF01080404120018040000CB
S32D0006CDB8BDB0FD7FB0A90400FFFF0100B1B0FD7FB0AF0400FFFF01382404F404004404BA05007204B005009E9B
S32D0006CDE00104A605008402040000B802049C0500D80204920500840304880500AE0304FE04008C04B8010000F9
S32D0006CE086DB0FD7FB0AC1100FFFF0108203868007004000059B0FD7FB0AD1200FFFF010824386C00740400007A
S32D0006CE3045B0FD7FB0A90A00FFFF010C16143E003A043E00460400002DB0FD7FB0A90A00FFFF010C16143E0092
S32D0006CE583A043E004604000015B0FD7FB0A90C00FFFF010C24144C0048044C0054040000FDAFFD7FB0A90C002E
S32D0006CE80FFFF010C24144C0048044C0054040000E5AFFD7FB0B0A800FFFF0100D9AFFD7FB0B0A800FFFF0100DD
S32D0006CEA8CDAFFD7FB0B0A800FFFF0100C1AFFD7FB0B0A800FFFF0100B5AFFD7FB0AB1600FFFF010F4204AC0112
S32D0006CED0007834AC0100B4010400000099AFFD7FB0AB1600FFFF010F4204AC01007834AC0100B40104000000D4
S32D0006CEF87DAFFD7FB0AC0100FFFF0123102A00004412AE020074020000800112A40200AE01020000B80112B0C4
S32D0006CF200200AA02040000004DAFFD7FB0AC0100FFFF0129102600003E12C402006C020000840112D80200B84B
S32D0006CF4801020000D00174CE0200CA020E0000DA0204D8020000000015AFFD7FB0A90200FFFF010C1002000051
S32D0006CF70180A500056040000FDAEFD7FB0A90200FFFF010C10020000180A500056040000E5AEFD7FB0AC0300E8
S32D0006CF98FFFF012E103200004C12A603007C020000880112A40300B601020000C20112980300F001020000FC17
S32D0006CFC00112A20300A8027A00000000A9AEFD7FB0AC0300FFFF012E103200004C12A603007C020000880112A0
S32D0006CFE8A40300B601020000C20112980300F001020000FC0112A20300A8027A000000006DAEFD7FB0AD040082
S32D0006D010FFFF0145103200004A12E003007A020000940112D20300C801020000E20112EA03009602020000AE3A
S32D0006D0380212EC0300E0027C0000DC0304D20300E603040000EE0304EC0300F20304EA030000000019AEFD7FB1
S32D0006D060B0AD0400FFFF0145103200004A12E003007A020000940112D20300C801020000E20112EA0300960239
S32D0006D088020000AE0212EC0300E0027C0000DC0304D20300E603040000EE0304EC0300F20304EA0300000000F4
S32D0006D0B0C5ADFD7FB0A80100FFFF010C0E0400001C024A0050040000ADADFD7FB0A80100FFFF010C0E040000E0
S32D0006D0D81C024A005004000095ADFD7FB0AB0600FFFF0113140400002A029A0100320A8A0100960104000000F6
S32D0006D10075ADFD7FB0AB0600FFFF0113140400002A029A0100320A8A010096010400000055ADFD7F01AD0E006F
S32D0006D128FFFF010F4C020000980120F20100F8010400000039ADFD7F01AD0E00FFFF010F4C020000980120F2A9
S32D0006D1500100F801040000001DADFD7F01AD0A00FFFF010E2E0400005202B4010094012A0000000001ADFD7F7E
S32D0006D17801AC0900FFFF010E2A0400005202B4010094012A00000000E5ACFD7FAB08B100FFFF01980198010424
S32D0006D1A00000A001048A0900B401260000E601048809008002049C090088021C0000AE0204AA0900C4020400CA
S32D0006D1C800D00204CC0900DC024C0000B60304CA0900D00304BC0900D803300000960404BA0900B00404AC0959
S32D0006D1F000B804040000C00404CE0900D6042A00008C0504860900A60504F80800AE0594020000D007049A090E
S32D0006D21800EA07048C0900F207340000B40804F00800CE0804DA0800D6081A000000000008B10181B0B005849B
S32D0006D2400000000008B10181B0B005840000000025ACFD7FB0B0A800FFFF010019ACFD7FB0B0A800FFFF0100FA
S32D0006D2680DACFD7FB0B0A800FFFF010001ACFD7FB0B0A800FFFF0100F5ABFD7FB0B0A800FFFF010810042400C3
S32D0006D2902E040000E1ABFD7FB0B0A800FFFF0100D5ABFD7FB0B0A800FFFF0100C9ABFD7FB0AF0C00FFFF010EBE
S32D0006D2B8180400002A049A0100A4010400000000ADABFD7FB0B0A800FFFF0100A1ABFD7FB0AF0A00FF1029016F
S32D0006D2E0202A04A202003C048002007404F80101960162A40201FC01048202009E02040000010000000000002A
S32D0006D308AB010181B0B008B10000000061ABFD7FB0AF1E00FF104101371E0400006604F416007ABC0E841700A8
S32D0006D330BA0F04A21701E80F04921701F40F040000C610A40684170080170400009E1704A81700AC17040000A1
S32D0006D358010000000000000015ABFD7FB0AF1E00FF104101371E0400006604F416007ABC0E841700BA0F04A27B
S32D0006D3801701E80F04921701F40F040000C610A40684170080170400009E1704A81700AC1704000001000000BF
S32D0006D3A800000000C9AAFD7FB0AC1100FFFF010A44549A0100A4010400000000B1AAFD7FB0AF1000FFFF010FBC
S32D0006D3D01A04000054A001F6010080020400000095AAFD7FB0AF1C00FF1071016820040000BC0130980800C009
S32D0006D3F802EC02FC0700880604980800960604FC0700A00604AA0801CE06049A0801DA06040000FA061A9808C3
S32D0006D42000B20704FC0700C60704980800DA0704FC0700E40704980800EA0704FC0700F2070A980800940804F5
S32D0006D4480000A60804B00800B4080400000100000000000019AAFD7FB0AF1C00FF1071016820040000BC0130D1
S32D0006D470980800C002EC02FC0700880604980800960604FC0700A00604AA0801CE06049A0801DA06040000FAAA
S32D0006D498061A980800B20704FC0700C60704980800DA0704FC0700E40704980800EA0704FC0700F2070A98085D
S32D0006D4C0009408040000A60804B00800B408040000010000000000009DA9FD7FAF109700FFFF01103274D802C6
S32D0006D4E800F00150C20200D40204000081A9FD7FB0B0A800FFFF010810041A00200400006DA9FD7FB0AC190023
S32D0006D510FFFF01114A048C0200880184018C020094020400000000004DA9FD7FB0AC1900FFFF01114A048C02F2
S32D0006D538008A0182018C020094020400000000002DA9FD7FB0A90A00FFFF010C161A4400400444004C0400007D
S32D0006D56015A9FD7FB0AA0B00FFFF010C241A52004E0452005A040000FDA8FD7FB0A90A00FFFF010C161C460054
S32D0006D588420446004E040000E5A8FD7FB0AA0B00FFFF010C241C5400500454005C040000CDA8FD7FB0AD12001C
S32D0006D5B0FFFF01106C04AE0100840122AE0100B601040000B1A8FD7FB0AC1100FFFF01106C04B201008A0128E1
S32D0006D5D8B20100BA0104000095A8FD7FB0B0A800FFFF010089A8FD7FB0B0A800FFFF01007DA8FD7FB0B0A80090
S32D0006D600FFFF010071A8FD7FB0B0A800FFFF010065A8FD7FB0AC0500FFFF0122102A00003E12D401006C020083
S32D0006D628007612EC0100A401020000AA0112E40100E001040000000035A8FD7FB0AD0600FFFF012E102600000C
S32D0006D6503A12F60100680200007E12920200B201020000C8011286020082020400008E020486020094020492ED
S32D0006D67802000000F9A7FD7FB0AA0700FFFF010D10020000185E7C008801040000000000DDA7FD7FB0AA070001
S32D0006D6A0FFFF010E1002000018748C010098010400000000C1A7FD7FB0AC0700FFFF012D103200004612B202C0
S32D0006D6C800740200007E12CC0200AC01020000B60112CA0200E401020000EE0112C202009A02280000000000A6
S32D0006D6F085A7FD7FB0AC0700FFFF012D103200004612B20200740200007E12CC0200AC01020000B60112CA0269
S32D0006D71800E401020000EE0112C202009A0228000000000049A7FD7FB0AD0800FFFF0140103200004612EA02D7
S32D0006D74000740200008C01128C0300C001020000D601128603008A02020000A00212FA0200D20228000082031D
S32D0006D76804FA02008803048603008E03048C0300FDA6FD7FB0AD0800FFFF0140103200004612EA020074020092
S32D0006D790008C01128C0300C001020000D601128603008A02020000A00212FA0200D202280000820304FA020043
S32D0006D7B88803048603008E03048C0300B1A6FD7FB0A90600FFFF010C100400001E0234003E04000099A6FD7F5F
S32D0006D7E0B0A90600FFFF010C100400001E0234003E04000081A6FD7FB0AC0F00FFFF01131E0400003602C801BE
S32D0006D808003E6AAE0100C4010400000061A6FD7FB0AC0F00FFFF0113200400003802BC0100407CCA0100C60163
S32D0006D8300400000041A6FD7F01AD1200FFFF01104C020000A0019001B60200C00204000025A6FD7F01AD120089
S32D0006D858FFFF01104C0200009E01A401C20200CC0204000009A6FD7F01AD0E00FFFF010E3004000054029E0148
S32D0006D8800094011800000000EDA5FD7F01AC0D00FFFF010E2E0400005602A0010096011800000000D1A5FD7F26
S32D0006D8A8AB08B100FFFF0198019801040000A001048A0900B401260000E601048809008002049C090088021C53
S32D0006D8D00000AE0204AA0900C402040000D00204CC0900DC024C0000B60304CA0900D00304BC0900D8033000E7
S32D0006D8F800960404BA0900B00404AC0900B804040000C00404CE0900D6042A00008C0504860900A60504F808F8
S32D0006D92000AE0594020000D007049A0900EA07048C0900F207340000B40804F00800CE0804DA0800D6081A00E9
S32D0006D9480000000029A5FD7FB0B0A800FFFF01001DA5FD7FB0B0A800FFFF010011A5FD7FB0AF0C00FFFF010E6B
S32D0006D970180400002A04A00100AA010400000000F5A4FD7FB0B0A800FFFF0100E9A4FD7FB0AF0A00FF10350116
S32D0006D9982D2A04BE02004604B802008601048C0201A80164C002019002049802009402048C0201B4020400003F
S32D0006D9C0BA0204B80200010000000000A9A4FD7FB0AF1E00FF104101381E0400006E049215008201B00DF61464
S32D0006D9E800B60E04A61501E60E04941501F20E0400009E0FD605F614008E15040000A21504AC1500B015040063
S32D0006DA1000010000000000005DA4FD7FB0AF1E00FF104101381E0400006E049215008201B00DF61400B60E0411
S32D0006DA38A61501E60E04941501F20E0400009E0FD605F614008E15040000A21504AC1500B015040000010000D9
S32D0006DA600000000011A4FD7FB0AC1100FFFF010A44549A0100A4010400000000F9A3FD7FBF840F00FFFF010E98
S32D0006DA881A040000545AB00100BA010400000000DDA3FD7FB0AF1C00FF107101681A480000A40130820800B05D
S32D0006DAB002E802E80700F60504820800840604E807008E0604940801BE0604840801C806040000E80618820875
S32D0006DAD8009E0704E80700B20704820800C60704E80700D00704820800D60704E80700DE070A820800FE0704C4
S32D0006DB0000009008049A08009E080400000100000000000061A3FD7FB0AF1C00FF107101681A480000A40130ED
S32D0006DB28820800B002E802E80700F60504820800840604E807008E0604940801BE0604840801C806040000E86A
S32D0006DB5006188208009E0704E80700B20704820800C60704E80700D00704820800D60704E80700DE070A8208AC
S32D0006DB7800FE070400009008049A08009E0804000001000000000000E5A2FD7FAF0C9700FFFF01102C788202FB
S32D0006DBA000B2014E8E02008A02040000C9A2FD7FB0B0A800FFFF010810041A002004000008B10181B0B00084C9
S32D0006DBC80000000008B10181B0B000840000000008B10181B0B000840000000008B10181B0B0008400000000CC
S32D0006DBF085A2FD7FB0B0A800FFFF01080E041C00180E000071A2FD7FB0B0A800FFFF01080E041C00180E000009
S32D0006DC185DA2FD7FAB029701B0B00FB1FFFF010C300400003E044C00480E000041A2FD7FB0B0A800FFFF010867
S32D0006DC400E041C00180E000008B10181B0B000840000000008B10181B0B000840000000008B10181B0B00084FF
S32D0006DC680000000008B10181B0B0008400000000FDA1FD7FB0B0AA00FF1019010C12021C01200426032A080060
S32D0006DC900001007F000000000000000000000000D5A1FD7FB0B0A800FFFF0100C9A1FD7FB0B0A800FFFF0100FA
S32D0006DCB8BDA1FD7FA908B100FFFF0100B1A1FD7FB0B0A800FFFF0100A5A1FD7FB0AF0200FFFF010F1C040000D7
S32D0006DCE034BA01F40100F0010E00000089A1FD7FB0AF0400FF1035012B20048A020036049402004604A4020143
S32D0006DD087C049C0201940104A402018602048A02009002040000A00204B00200010000000000000049A1FD7F1B
S32D0006DD30B0B0A800FFFF01081C0424002A04000035A1FD7FB0B0A800FFFF010810041A002004000021A1FD7F4D
S32D0006DD58B0AF0800FF107D01730C0400003A04FC06014A04DA06035804CA0603940104F20603A40104D2060367
S32D0006DD80B20104900603DE0104820703EE01048E0703FC019C02840703C20402FC0601D00402FA0603D8040874
S32D0006DDA8840703EA0402F80603FC0412840703D40504F40603DA0504FC0601E00504E40603C60604EA0600EEE4
S32D0006DDD0060400000100007D0000000099A0FD7FB0AF0E00FF109C010190010C0400006E04C007017E04B407B0
S32D0006DDF8038C0104EE0603C80104A80703D80104F80603E60104F00603920204A60703A20204AC0703B00204CF
S32D0006DE20AA0703DA0204EC0603EA02048C0703F8024A820703AA0402C00701B2040E0000CA0402E20603D8041C
S32D0006DE48029C0603E60402920703EE040A8207038606049407038C06049C0703920604A20703980604C00701D3
S32D0006DE70C40704C80700CC070400000100007D0000000000F19FFD7FB0AF0E00FF109C010190010C0400006E56
S32D0006DE9804C007017E04B407038C0104EE0603C80104A80703D80104F80603E60104F00603920204A60703A297
S32D0006DEC00204AC0703B00204AA0703DA0204EC0603EA02048C0703F8024A820703AA0402C00701B2040E0000A1
S32D0006DEE8CA0402E20603D804029C0603E60402920703EE040A8207038606049407038C06049C0703920604A210
S32D0006DF100703980604C00701C40704C80700CC070400000100007D0000000000499FFD7FB0AF1000FF104D0146
S32D0006DF384520040000B8018001FA0600E2028A02EA0600FE0416FA06009A050EEA0600BC05048C0701EA0504B1
S32D0006DF60FC0601F605040000920658FA0600F6060400008807049207009607040000010000000000F19EFD7FC2
S32D0006DF88B0AF1000FF104D014520040000B8018001FA0600E2028A02EA0600FE0416FA06009A050EEA0600BC25
S32D0006DFB005048C0701EA0504FC0601F605040000920658FA0600F60604000088070492070096070400000100ED
S32D0006DFD800000000999EFD7FAF0A9700FFFF01103270F60200F6017EF8020086030400007D9EFD7FAB08B10072
S32D0006E000FF101D01141A0452013E045A0148040000560468006C04000001000000000000559EFD7FB0AF0C0044
S32D0006E028FFFF013E180E00008A01A009DC1100AE0A040000E20BBE01DC1100C40DF4010000EC0F1ADC1100A67D
S32D0006E05010020000BE1004DC1100CA10040000DA104CDC1100E2110400000000099EFD7FB0AD0C00FFFF010B3D
S32D0006E07820D2019402009A0204000000F19DFD7FB0AD0C00FFFF010B20D2019402009A0204000000D99DFD7FB3
S32D0006E0A0B0AD0C00FFFF010B20D2019402009A0204000000C19DFD7FB0AF0E00FFFF013C18740000B201048269
S32D0006E0C80D00BC01160000840504820D00C205020000E60602820D00C207020000DC07E002820D00BE0B0200F8
S32D0006E0F0009E0C02820D00BC0C500000799DFD7FB0AF0E00FFFF015216760000B20104DC0D00BC01180000F662
S32D0006E1180404DC0D00B405020000E80602DC0D00C407020000DE07CA02DC0D00E60A0400009A0B02DC0D009AC9
S32D0006E1400C020000E80C02DC0D00FC0C020000940D02DC0D00E20D0400000000199DFD7FB0AF0E00FFFF015245
S32D0006E16816760000B20104C80D00BC01180000F60404C80D00B405020000E00602C80D00BC07020000D607C2E7
S32D0006E19002C80D00D60A0400008A0B02C80D00860C020000D40C02C80D00E80C020000800D02C80D00CE0D04B0
S32D0006E1B800000000B99CFD7FB0AF0E00FFFF015216760000B20104C80D00BC01180000F60404C80D00B4050229
S32D0006E1E00000E00602C80D00BC07020000D607C202C80D00D60A0400008A0B02C80D00860C020000D40C02C885
S32D0006E2080D00E80C020000800D02C80D00CE0D0400000000599CFD7FB0AF1200FFFF013C16740000B20104FC42
S32D0006E2300D00BC01160000AA0504FC0D00F805020000BC0702FC0D009808020000B2088E03FC0D00C80C020085
S32D0006E258009C0D02FC0D00BA0D4C0000119CFD7FB0AF1000FFFF015216740000B00104B60E00BA011600008E80
S32D0006E2800504B60E00DC050200009E0702B60E00FA070200009408E002B60E00BA0B040000E80B02B60E00EA9E
S32D0006E2A80C020000B80D02B60E00CC0D020000E80D02B60E00BC0E0400000000B19BFD7FB0AF1200FF103D01BF
S32D0006E2D032180400005604F4100062D20BE41000C00C04D61001EE0C04C61001FA0C0400008A0DA403E4100073
S32D0006E2F8D21004DC1000E010140000010000000000000000699BFD7FB0AF1200FF103D0132180400005604F441
S32D0006E320100062D20BE41000C00C04D61001EE0C04C61001FA0C0400008A0DA403E41000D21004DC1000E010FC
S32D0006E348140000010000000000000000219BFD7FB0AC0B00FFFF010A3E52A80100AE010400000000099BFD7FD8
S32D0006E370B0AF0E00FFFF010F1E040000509A018602008C0204000000ED9AFD7FA908B100FF10290118140234D7
S32D0006E398032C040000480868005E047000620E0000740400000200017D00000000000000A4B1FFFFB99AFD7F0A
S32D0006E3C0A908B100FFFF0100AD9AFD7FB0AF0200FF103D012C100400007C469C04038C02669C0403B803649C60
S32D0006E3E80403B00408D00400C60404E00400CA0404DE0400DA040400000200017D0000000000000050B1FFFFA3
S32D0006E410659AFD7FB0AF0A00FF104101311004000064028602037A04A20200CC0104860203FA010C8602039AC3
S32D0006E4380208CA0200A802040000BA0204C40200BE0204A202000200017D00000000000004B1FFFF199AFD7FDC
S32D0006E460A908B100FF10290118140234032C040000480868005E047000620E0000740400000200017D00000066
S32D0006E48800000000D0B0FFFFE599FD7FB0AD0800FFFF010F56040000C00174BE0200C80204000000C999FD7F7A
S32D0006E4B0AB08B100FFFF01152E048E01003E04AC0100860104900100A801040000000000A599FD7FB0AB020030
S32D0006E4D8FFFF010824204A005404000008B10181B0B000840000000008B10181B0B00084000000007999FD7F57
S32D0006E500B0B0A800FFFF01006D99FD7FB0B0A800FFFF01006199FD7FA908B100FFFF01005599FD7FB0B0A8000E
S32D0006E528FFFF01004999FD7FB0AF0200FFFF010F1C04000034C001FA0100F6010E0000002D99FD7FB0AF02003B
S32D0006E550FF104101382004C602004004C002006A04940201A60104A20201BE0104940201900204C602009E026F
S32D0006E57804A80200B802040000BC0204A20201C20204C0020001000000000000E198FD7FB0B0A800FFFF01080D
S32D0006E5A01C0424002A040000CD98FD7FB0B0A800FFFF010810041A0020040000B998FD7FB0AF0800FF107D01D2
S32D0006E5C8720C0400003404AA0401440494050352048C0503A60104B20503B40104840503F40104860503820233
S32D0006E5F052FA04038E0304A20503980304AC0503AC0302B60503BA0302AA0401C80302B20403D00308FA0403D3
S32D0006E618A00404F40403A60404E80403AE0404EC0400F0040400009E0504A40503AE0504B405030100007D00AC
S32D0006E640000000003198FD7FB0AF0E00FF10AC0101A1010C0400006404BA070174048A0803820104FE0703DCE3
S32D0006E6680104C40703EA0104CE0703AE0204860803BC0204880803FE0204D207038C034CDE0703A20404F40702
S32D0006E69003AC0404840803B60404800803C404020000DC0402BA0701E404080000F80402820803860502A007AA
S32D0006E6B8038E050ADE0703A40502D00603C00604980703C60604A80703CC0604AE0703940704B20700B607048D
S32D0006E6E00000C00704D00703E20704EA0703E60704EC07030100007D000000007997FD7FB0AF0E00FF10AC0166
S32D0006E70801A1010C0400006404BA070174048A0803820104FE0703DC0104C40703EA0104CE0703AE02048608AC
S32D0006E73003BC0204880803FE0204D207038C034CDE0703A20404F40703AC0404840803B60404800803C40402BC
S32D0006E7580000DC0402BA0701E404080000F80402820803860502A007038E050ADE0703A40502D00603C0060464
S32D0006E780980703C60604A80703CC0604AE0703940704B20700B607040000C00704D00703E20704EA0703E60727
S32D0006E7A804EC07030100007D00000000C196FD7FB0AF0E00FF104D01451A4A0000A4018401F20600D2028A02FD
S32D0006E7D0E20600EE0416F206008A0510E20600A00504840701D00504F40601DC050400008A0658F20600EE06E4
S32D0006E7F80400008007048A07008E070400000100000000006996FD7FB0AF0E00FF104D01451A4A0000A401841C
S32D0006E82001F20600D2028A02E20600EE0416F206008A0510E20600A00504840701D00504F40601DC050400000E
S32D0006E8488A0658F20600EE060400008007048A07008E070400000100000000001196FD7FAF089700FFFF01108E
S32D0006E8702C74BA0200B8017EBC0200CA02040000F595FD7FAF069700FF102901215CA4010000C20204A003013A
S32D0006E898EA02048E0301F4020400009C0304A60300AA03040000010000000000C195FD7FAF089700FF10290179
S32D0006E8C02166EA010000DC0204BA0301840304A803018E03040000B60304C00300C403040000010000000000FA
S32D0006E8E88D95FD7FAB08B100FF101D01141C04560142045E014C0400005A046C0070040000010000000000000E
S32D0006E9106595FD7FB0AF0C00FFFF0148180E00008C01A609EA1200BE0B040000EE0C6EEA1200A40E86010000E3
S32D0006E938B61016EA1200D4100A0000EA1054EA1200D411020000E61104EA1200F011040000801202EA1200F038
S32D0006E960120400001195FD7FB0AD0C00FFFF010B20E0018402008A0204000000F994FD7FB0AD0C00FFFF010B45
S32D0006E98820E0018402008A0204000000E194FD7FB0AD0C00FFFF010B20E0018402008A0204000000C994FD7FF0
S32D0006E9B0B0AF0E00FFFF013C18740000B40104DA0C00BE01160000A00504DA0C00E005020000EC06A203DA0C98
S32D0006E9D800820B0C0000E60B0EDA0C00860C020000940C02DA0C00A60C3E00008194FD7FB0AF0E00FFFF013E46
S32D0006EA001680010000BE0104C20C00C801180000940504C20C00D405020000E606F602C20C00820A84010000D0
S32D0006EA28CC0B10C20C00E20B160000820C02C20C00940C38000000003594FD7FB0AF0E00FFFF013D1676000052
S32D0006EA50B20104AE0C00BC01180000880504AE0C00C605020000E206F202AE0C00E6098A010000C00B0EAE0C91
S32D0006EA7800D60B020000EE0B02AE0C00820C360000000000E993FD7FB0AF0E00FFFF013E1680010000BC010414
S32D0006EAA0BE0C00C601180000920504BE0C00D005020000EA06F202BE0C00EE098A010000C80B10BE0C00DE0B97
S32D0006EAC8160000FE0B02BE0C00920C36000000009D93FD7FB0AF1200FFFF013C16740000B20104EA0D00BC010E
S32D0006EAF0160000C20504EA0D009006020000BA07D603EA0D00940C0A0000F80C0EEA0D00980D020000A60D02E2
S32D0006EB18EA0D00BC0D3800005593FD7FB0AF1000FFFF013D16740000B001048A0D00BA01160000A005048A0DDB
S32D0006EB4000EE05020000A2078C038A0D00C00A8C0100009E0C0E8A0D00B40C020000CE0C028A0D00E40C3000E2
S32D0006EB68000000000993FD7FB0AF1000FF104101371604000054048A120060BA0CA41200A20D04941201D20D47
S32D0006EB9004AC1201DE0D040000960EF003A4120090120400009812049C1200A012040000010000000000000099
S32D0006EBB8BD92FD7FB0AF1000FF104101371604000054048A120060BA0CA41200A20D04941201D20D04AC120181
S32D0006EBE0DE0D040000960EF003A4120090120400009812049C1200A01204000001000000000000007192FD7F8D
S32D0006EC08B0AC0B00FFFF010A3E52A80100AE0104000000005992FD7FB0AF0C00FFFF010E1E0400005064D201F4
S32D0006EC3000D801040000000008B10181B0B000840000000008B10181B0B000840000000008B10181B0B0008476
S32D0006EC58000000001992FD7FB0AF0400FF1019010F320A3C01840142CC0100D4010400000100000000000000DF
S32D0006EC80F591FD7FA908B100FFFF010008B10181B0B0008400000000DD91FD7FB0AF1200FF101901101E98078D
S32D0006ECA80000D80704A20901C40804000001000000000000B991FD7F8408B101B0B0B000FF1019010C0206087F
S32D0006ECD0010C0410051E08000001007F00007D00000000000000000008B10181B0B000840000000008B101816D
S32D0006ECF8B0B00084000000007591FD7FB0AA0100FF10290118323000006C04A40103762E0000C00118E80100F6
S32D0006ED20E2010E00000200017D0000000000000048A8FFFF4191FD7FB0AD0200FF1011010A1E0490010194013F
S32D0006ED480800007F00000000000000002191FD7FB0AE0100FF1011010A1E04A60101AA010800007F000000005C
S32D0006ED70000000000191FD7FAD08B100FF1011010A1C049E0101A2010800007F000000000000000008B10181AB
S32D0006ED98B0B0008400000000D590FD7FB0B0A800FFFF010C0A041C001404000026040000BD90FD7FB0B0A80032
S32D0006EDC0FFFF010C0A041C001404000026040000A590FD7FB0B0A800FFFF010C0A042200140436003204000030
S32D0006EDE88D90FD7FB0B0A800FFFF010C0A04220014043600320400007590FD7FB0B0A800FFFF010810041A00D9
S32D0006EE10240400006190FD7FB0B0A800FFFF010810041A00240400004D90FD7F8408B101B0B0B000FF100D0110
S32D0006EE380802041201160800007F0000000000002D90FD7F8408B101B0B0B000FF100D0108020408010C080019
S32D0006EE60007F0000000000000D90FD7F8408B101B0B0B000FF100D010806040C01100800007F000000000000C5
S32D0006EE88ED8FFD7FB0B0AE00FF100D01081E045A015E0800007F000000000000D18FFD7FB0B0AE00FF100D01C2
S32D0006EEB0081E045A015E0800007F000000000000B58FFD7FB0AB0200FFFF01081C4A66006C040000A18FFD7FB8
S32D0006EED8B0AB0200FFFF01081C4A66006C0400008D8FFD7FB0B0A800FFFF0100818FFD7FB0B0A800FFFF010034
S32D0006EF00758FFD7FB0A90200FFFF01081E163A0044040000618FFD7FB0AD1600FFFF01213E04BA02004E04D422
S32D0006EF2802008C0104C80200C20104D60200860204BA02009202360000000000318FFD7FB0A90200FFFF010C05
S32D0006EF502204500036044400401A0000198FFD7FB0B0A800FFFF01080E0416001C040000058FFD7FB0A8050057
S32D0006EF78FFFF010C0C02000014042A0036040000ED8EFD7FA908B100FF101101080A041203240800007F000080
S3250006EFA07D0000000000000008B10181B0B000840000000008B10181B0B00084000000008A
S32D0006EFC0000AFB7F01000000040AFB7FB0AA0380300AFB7F01000000F40AFB7FB0B0A880280BFB7F4CD9FF7F2E
S32D0006EFE8340BFB7F010000001C0CFB7FB0B0AC80400CFB7F01000000740CFB7F38D9FF7F2010FB7FB0B0A8808B
S32D0006F0103810FB7F8CD9FF7F9410FB7F01000000B810FB7FB0B0A880D010FB7F01000000D010FB7F88D9FF7FAA
S32D0006F0389C11FB7F010000000812FB7FB0D9FF7FC814FB7F01000000CC15FB7F10DAFF7F781DFB7F01000000B7
S32D0006F060E41DFB7FB0B0A8800C1FFB7F7CDAFF7F301FFB7F8CDAFF7F601FFB7F9CDAFF7F841FFB7FACDAFF7F45
S32D0006F088B41FFB7FA908B180DC20FB7FB4DAFF7F0021FB7FC4DAFF7F3021FB7FD4DAFF7F5421FB7FE4DAFF7FCA
S32D0006F0B08421FB7FB0B0A880B821FB7FECDAFF7FCC21FB7FB0B0A8800022FB7FF0DAFF7F1422FB7FB0B0A880E3
S32D0006F0D84822FB7FF4DAFF7F5C22FB7FB0B0A8809022FB7FF8DAFF7FA422FB7FB0B0A880CC23FB7FFCDAFF7F53
S32D0006F1001824FB7F14DBFF7F2C24FB7F20DBFF7F7824FB7F38DBFF7F8C24FB7FA908B180B425FB7F3CDBFF7FDA
S32D0006F1280026FB7F54DBFF7F1426FB7F60DBFF7F6026FB7F78DBFF7F7426FB7FA908B1802427FB7F7CDBFF7F98
S32D0006F1504827FB7F8CDBFF7F7827FB7FB0B0A8801428FB7F94DBFF7F3828FB7FA4DBFF7F6828FB7FB0B0A88010
S32D0006F1789428FB7FACDBFF7FA828FB7FB0B0A880D428FB7FB0DBFF7FE828FB7FA908B1809829FB7FB4DBFF7F23
S32D0006F1A0E429FB7FCCDBFF7FF829FB7FB0B0A880942AFB7FD0DBFF7FE02AFB7FE8DBFF7FF42AFB7FF4DBFF7F61
S32D0006F1C8682BFB7F010000006C35FB7FF0DBFF7FE038FB7F00840280F838FB7FB0A90A80303AFB7F0100000097
S32D0006F1F0343AFB7FB0AA0F80A83AFB7FB0A90A80E03AFB7F01000000E43AFB7FB0A80180F83AFB7F0084028023
S32D0006F218103BFB7FB0A90A80483CFB7F010000004C3CFB7FB0AA0F80C03CFB7FB0A90A80F43CFB7F010000002C
S32D0006F240F83CFB7FB0A801800C3DFB7FBCDBFF7F7C3DFB7FC8DBFF7FF03DFB7FD4DBFF7F383EFB7FE4DBFF7FE6
S32D0006F268803EFB7FF4DBFF7FD43EFB7F04DCFF7F283FFB7F01000000D042FB7F0CDCFF7F0043FB7F0100000071
S32D0006F2906043FB7F08DCFF7F9043FB7F0CDCFF7FC843FB7F10DCFF7F0044FB7F01000000E845FB7F0CDCFF7F5D
S32D0006F2B8A046FB7F20DCFF7F5847FB7F010000006447FB7F2CDCFF7F9448FB7F54DCFF7FF449FB7F01000000C7
S32D0006F2E0244AFB7F7CDCFF7F804AFB7F8CDCFF7FDC4AFB7F9CDCFF7F804CFB7FD0DCFF7F244EFB7F04DDFF7FC1
S32D0006F3081C50FB7F50DDFF7F1452FB7F9CDDFF7F6452FB7FACDDFF7FB452FB7FBCDDFF7F5053FB7FD4DDFF7F4F
S32D0006F330EC53FB7F010000000C54FB7F01A90A808C56FB7FDCDDFF7F8C57FB7FF0DDFF7F8C58FB7F04DEFF7FE8
S32D0006F3584C59FB7F18DEFF7F0C5AFB7F2CDEFF7FF05EFB7FCCDEFF7F305FFB7F01000000945FFB7FB0B0A88097
S32D0006F3800460FB7FB0B0AA804860FB7FB0B0A8805460FB7F010000005060FB7FB0AF02804461FB7FB0B0A88066
S32D0006F3A87861FB7FAB08B180F061FB7FB0AB02807C62FB7F01000000A862FB7FA908B180F862FB7FB0A90280E4
S32D0006F3D04C63FB7FAB08B1804464FB7FB0B0AC80BC64FB7FB0B0A880EC64FB7FAB08B1803865FB7FB0A801808E
S32D0006F3F87065FB7FB0B0AA80C865FB7FB0B0A880DC65FB7F38DEFF7F2066FB7F010000004466FB7FB0B0A880DD
S32D0006F420A866FB7FAB08B180E866FB7FB0B0A880F466FB7F01000000F066FB7FB0AF0280F467FB7FB0B0A88019
S32D0006F4482868FB7FB0B0AA807068FB7FAB08B1809C68FB7FB0AB02803069FB7F010000005C69FB7FB0B0AA808E
S32D0006F470AC69FB7FB0A90280006AFB7FAB08B180006BFB7FB0B0AC807C6BFB7FB0B0A880A86BFB7FB0B0AA80C5
S32D0006F498EC6BFB7FB0A80180246CFB7FB0B0AC80846CFB7FB0B0A8809C6CFB7F010000009C6CFB7F94DDFF7F1A
S32D0006F4C0BC6CFB7F98DDFF7FD86CFB7F01000000F86CFB7F94DDFF7F1C6DFB7F98DDFF7F446DFB7FAB3F00806C
S32D0006F4E8986DFB7F94DDFF7FCC6DFB7F010000004C6EFB7FB0B0AC80DC6EFB7F01000000AC70FB7FB0AF0280D2
S32D0006F5109C71FB7F010000008C74FB7F78DDFF7FA074FB7F01000000AC74FB7F74DDFF7FC074FB7F78DDFF7F79
S32D0006F5386075FB7F8CDDFF7F7C75FB7F90DDFF7FA876FB7FB0AB0280187BFB7FB4DDFF7F907BFB7FB8DDFF7FEA
S32D0006F5603887FB7FFCDDFF7FE092FB7F40DEFF7F8093FB7F50DEFF7F8094FB7F64DEFF7FC098FB7FD8DEFF7FD2
S32D0006F588009DFB7F4CDFFF7F5C9EFB7FB0A906809C9EFB7FB0AF048044A0FB7FB0AC0D8040A1FB7FAF08978035
S32D0006F5B0DCA8FB7FB0AC1B8010AAFB7FB0AD2680A4ABFB7FB0AF2080B4B7FB7FB0AC098064B9FB7FB0AF0C80E7
S32D0006F5D894BAFB7F18DFFF7FB4BAFB7F0100000050BBFB7F0084028068BBFB7FB0A90A80A0BCFB7F01000000F7
S32D0006F600A4BCFB7FB0AA0F8018BDFB7FB0A90A8050BDFB7F0100000054BDFB7FB0A801806CBDFB7F008402804C
S32D0006F62884BDFB7FB0A90A80BCBEFB7F01000000C0BEFB7FB0AA0F8034BFFB7FB0A90A8068BFFB7F0100000048
S32D0006F6506CBFFB7FB0A8018084BFFB7FB0AA0180ECBFFB7FA4DEFF7F00C1FB7FB0AA018058C1FB7FB4DEFF7F92
S32D0006F6786CC2FB7FCCDEFF7FB8C2FB7FDCDEFF7F14C3FB7FECDEFF7F64C3FB7FFCDEFF7FC0C3FB7F0CDFFF7F6A
S32D0006F6A07CC4FB7F20DFFF7F3CC5FB7F01000000B4C8FB7F2CDFFF7FE4C8FB7F0100000010C9FB7F28DFFF7F05
S32D0006F6C840C9FB7F010000006CC9FB7F24DFFF7FA4C9FB7F28DFFF7FDCC9FB7F0100000094CBFB7F24DFFF7F74
S32D0006F6F07CCCFB7F4CDFFF7F8CCDFB7F01000000BCCDFB7F78DFFF7F48CEFB7F8CDFFF7FE4CEFB7FA0DFFF7F2D
S32D0006F7182CD0FB7FD4DFFF7F74D1FB7F08E0FF7F00D3FB7F4CE0FF7F8CD4FB7F90E0FF7FC8D4FB7FA0E0FF7F1E
S32D0006F74004D5FB7FB0E0FF7FD0D5FB7FC8E0FF7FA8D6FB7F01000000C8D6FB7F01A90A8048D9FB7FD0E0FF7FE1
S32D0006F7688CDAFB7FE4E0FF7FDCDBFB7FF8E0FF7F84DCFB7F0CE1FF7F30DDFB7F20E1FF7F14E2FB7F0100000008
S32D0006F790B0E3FB7FB8E1FF7FC4E3FB7F01000000D0E3FB7FB4E1FF7FE4E3FB7FB8E1FF7F8CE4FB7FCCE1FF7F52
S32D0006F7B8A8E4FB7FB0AB0280D8E5FB7FA908B180B0E7FB7FC0E1FF7FFCE8FB7FF8E1FF7FA8F3FB7F3CE2FF7F8B
S32D0006F7E054FEFB7F80E2FF7FF4FEFB7F90E2FF7FACFFFB7FA4E2FF7FD803FC7F18E3FF7F0408FC7F8CE3FF7F81
S32D0006F8081C09FC7FB0A906805809FC7FB0AF0480BC0AFC7FB0AB1080A00BFC7FAF0897808C12FC7FB0AC1D805C
S32D0006F830AC13FC7FB0AD26802C15FC7FB0AF20800C1FFC7FB0AC0B809C20FC7FB0AF10808C21FC7F58E3FF7F18
S32D0006F858AC21FC7F010000009022FC7FB0B0A880DC22FC7F01000000E422FC7FAB08B1807C23FC7FB0B0A880FD
S32D0006F8808423FC7FB0B0AC80C423FC7FB0B0A8800024FC7FAB08B1802424FC7F010000002824FC7FA908B180CC
S32D0006F8A84424FC7F14E3FF7F6024FC7F18E3FF7F7C24FC7F01AB02803C25FC7F14E3FF7F5425FC7F18E3FF7F55
S32D0006F8D06C25FC7F1CE3FF7F9425FC7F28E3FF7FBC25FC7F34E3FF7F1426FC7F48E3FF7F3C26FC7F0100000091
S32D0006F8F89426FC7F4CE3FF7FAC26FC7F50E3FF7FB826FC7FA908B1803827FC7F4CE3FF7F5027FC7F50E3FF7F97
S32D0006F9205C27FC7FA908B180E027FC7F010000001C28FC7F44E3FF7F4828FC7F01000000882CFC7F5CE3FF7F14
S32D0006F9489C2CFC7F01000000A82CFC7F58E3FF7FBC2CFC7F5CE3FF7FF02CFC7F01000000FC2CFC7FB0B0AA805A
S32D0006F970682DFC7F50E3FF7F842DFC7FB0A902803C30FC7F4CE3FF7F4031FC7F60E3FF7F7C32FC7FB0AB028054
S32D0006F998CC32FC7FAB08B1800033FC7F88E3FF7F2C33FC7F94E3FF7F4C33FC7FB0B0A8808033FC7FB0AF0480E5
S32D0006F9C02835FC7FB0AC0D802436FC7FB0B0A8805836FC7F80E3FF7FE439FC7FB0B0A880903AFC7FF8E3FF7F4D
S32D0006F9E85C3EFC7FB0B0A880903EFC7F90E4FF7F5C42FC7FB0B0A8809042FC7F2F8425803843FC7F01000000D6
S32D0006FA10CC44FC7FB0AB02801C45FC7FB0A902804045FC7F08E5FF7FE048FC7F58E5FF7F804CFC7FA8E5FF7F88
S32D0006FA38104EFC7FB0A90680504EFC7FB0B0AE80D44FFC7FB0A90280EC4FFC7F01000000F450FC7F9CE5FF7F4D
S32D0006FA606451FC7FAF089780F452FC7FB0A906801853FC7FAF0897806454FC7FB0A906808854FC7FB0AC0780D4
S32D0006FA88D854FC7FAF0A97808856FC7FB0AA0580B056FC7FAF0A97801058FC7FB0AA05803858FC7FAF109780A7
S32D0006FAB0EC5AFC7FB0AA0780185BFC7FAF109780CC5DFC7FB0AA0780F85DFC7FB0A80180745EFC7FB0B0A880B9
S32D0006FAD89C5EFC7FAF0697809061FC7FAF049780F063FC7FB0AC1B802465FC7FB0AD2680B866FC7FB0AF1E8021
S32D0006FB00A46EFC7FB0AC09805470FC7F14E5FF7F3879FC7F58E5FF7F587AFC7F68E5FF7F787BFC7F78E5FF7F61
S32D0006FB28987CFC7F88E5FF7F2083FC7FB0A807805083FC7FB0AF0E808886FC7FB8E5FF7F688DFC7FB0A8078004
S32D0006FB50988DFC7F08E6FF7F6494FC7FB0A807809494FC7F58E6FF7F609BFC7FB0A80780909BFC7FB0AC0B80E2
S32D0006FB78E89BFC7FA0E6FF7FECA2FC7FB0A807801CA3FC7FD8E6FF7F54AAFC7FB0A8078084AAFC7F28E7FF7F6B
S32D0006FBA0F8B2FC7F68E7FF7F6CBBFC7FA8E7FF7F20BCFC7FB8E7FF7F34BDFC7FA908B1804CBDFC7FAF0A97807A
S32D0006FBC8B8BEFC7F01000000A4C0FC7FB0B0A880B0C0FC7FACE7FF7F20C1FC7FA908B1805CC1FC7FD0E7FF7FA9
S32D0006FBF098C1FC7F01000000A0C1FC7FCCE7FF7F04C4FC7FA908B18030C4FC7F04E8FF7F7CC5FC7FB0B0A880BD
S32D0006FC188CC5FC7F40E8FF7FFCC5FC7FAB1C978040C6FC7F0100000098C6FC7FB0B0AC803CC7FC7F01000000C6
S32D0006FC400CCBFC7FB0AD028094CCFC7F01AC018048CDFC7FB0AB0280ACCDFC7FB0B0A880C8CDFC7F2CE8FF7FCB
S32D0006FC680CCFFC7F40E8FF7FD4CFFC7F5CE8FF7F24D0FC7F010000004CD1FC7FAD08B18024D2FC7FB0B0A880A5
S32D0006FC907CD2FC7FAD08B18000D3FC7FB0B0AE8088D3FC7FB0B0A88008D4FC7F010000001CD4FC7F30E8FF7FFE
S32D0006FCB85CD4FC7FB0A90280A4D4FC7F01000000B0D4FC7FB0AC018014D5FC7FB0AF0280B8D5FC7F0100000074
S32D0006FCE000D6FC7FB0B0A8800CD6FC7F010000005CD6FC7FB0B0A88060D6FC7F01000000F0D6FC7FB0AA0180B6
S32D0006FD0874D7FC7F0100000074D7FC7FB0AC01801CD8FC7FB0A8018040D8FC7FB0AF0480C4D9FC7FB0A90280AC
S32D0006FD30DCD9FC7FB0A8018004DAFC7FB0AA018038DAFC7FB0AB028084DAFC7FA4E7FF7F88DAFC7FA908B18057
S32D0006FD58B0DAFC7FB0B0A880F4DAFC7F010000005CDCFC7FB0B0A88070DCFC7FB0AA0180D8DCFC7FA908B180B2
S32D0006FD8008DDFC7F010000005CDFFC7F70E7FF7F70DFFC7F010000007CDFFC7F6CE7FF7F90DFFC7F70E7FF7F32
S32D0006FDA8C4DFFC7F01000000D0DFFC7FB0B0AA8028E0FC7FB0B0AC8074E0FC7F5CE7FF7F90E0FC7FB0AB0280ED
S32D0006FDD0D8E1FC7FB0A90280F0E3FC7F50E7FF7FF8E4FC7F64E7FF7F48E6FC7FA8E7FF7F74E6FC7FB4E7FF7F29
S32D0006FDF894E6FC7FB0B0A880C8E6FC7FB0AF04802CE8FC7FB0AB108010E9FC7FAF08978028ECFC7FB0B0A8807B
S32D0006FE205CECFC7F98E7FF7F38EFFC7FB0B0A880E4EFFC7F10E8FF7FF8F3FC7FB0B0A8802CF4FC7FB8E8FF7F59
S32D0006FE4840F8FC7FB0B0A88074F8FC7FAD08B280F8F8FC7FB0AC1D8018FAFC7FB0AD268098FBFC7F010000007A
S32D0006FE703CFDFC7FB0AB028094FDFC7FB0A90280BCFDFC7F30E9FF7F5001FD7F80E9FF7FE404FD7FD0E9FF7FCC
S32D0006FE983406FD7FB0A906807006FD7FAD08B1807007FD7FB0A902808807FD7F01000000F807FD7FC4E9FF7F49
S32D0006FEC0A809FD7FB0A80580D009FD7FB0AC0780200AFD7F01000000C00AFD7FD8E9FF7F880CFD7F8184068005
S32D0006FEE8B40CFD7FFCE9FF7F280DFD7FAF069780A40EFD7FB0A80580CC0EFD7FAF089780C011FD7F81840680C3
S32D0006FF10EC11FD7FAF0C97803414FD7FB0AA07805C14FD7FAF0C9780A416FD7FB0AA0780CC16FD7FB0A80180C1
S32D0006FF384417FD7FB0B0A8806C17FD7FAF069780D01AFD7FB0AF1C806822FD7FB0AC0B80F823FD7FB4E9FF7F6B
S32D0006FF60682DFD7F00EAFF7F782EFD7F10EAFF7F882FFD7F20EAFF7F9830FD7F30EAFF7FF836FD7FB0A807803A
S32D0006FF882837FD7FB0AF0E80603AFD7F60EAFF7FA440FD7FB0A80780D440FD7F9CEAFF7F0447FD7FB0A8078026
S32D0006FFB03447FD7FD8EAFF7F744DFD7FB0A80780A44DFD7FB0AC0B80FC4DFD7F0CEBFF7FEC54FD7FB0A80780A1
S32D0006FFD81C55FD7F44EBFF7FA85BFD7FB0A80780D85BFD7F80EBFF7F1065FD7FC4EBFF7F486EFD7F08ECFF7FA3
S32D00070000FC6EFD7F18ECFF7FD86FFD7F010000009470FD7F24ECFF7FD870FD7FB0A902801871FD7FB0AF02800C
S32D00070028C071FD7FB0AA01804072FD7FB0AB0280E472FD7FB0A801800873FD7FB0AF0480AC74FD7FB0AB028012
S32D00070050FC74FD7FB0B0A8804075FD7FB0AA01809875FD7F010000000876FD7FB0AC0780A876FD7F01000000F9
S32D000700780878FD7FB0AB0280B478FD7F010000008079FD7FB8EBFF7F9879FD7FBCEBFF7FB079FD7F01000000E3
S32D000700A0047AFD7FB8EBFF7FE07AFD7FD4EBFF7F547BFD7F01000000207CFD7FB0B0AA80D87CFD7FC8EBFF7F0E
S32D000700C8187DFD7FAB08B180A47DFD7FC4EBFF7F4482FD7FE0EBFF7F6482FD7F010000007082FD7FFCEBFF7F83
S32D000700F07082FD7F00ECFF7F7C82FD7F010000009482FD7FB0B0A880D082FD7F010000002083FD7FB0B0AA80F6
S32D000701184C83FD7FB0B0A880EC83FD7F010000006C84FD7FB0AF0280EC84FD7FB0AF1280B888FD7FB0AF0A8024
S32D00070140FC89FD7FBCEBFF7F008BFD7FE8EBFF7FA08BFD7F00ECFF7F5C8CFD7F18ECFF7F148DFD7F30ECFF7F5E
S32D000701682C8DFD7F01000000748DFD7F2CECFF7FA08DFD7F3CECFF7FCC8DFD7F4CECFF7F048EFD7F5CECFF7F6B
S32D000701903C8EFD7F6CECFF7F648EFD7F78ECFF7F8C8EFD7FB0AF0480508FFD7F01000000C08FFD7F74ECFF7F50
S32D000701B8D88FFD7F8CECFF7FE48FFD7F010000006092FD7FB0AA01802C93FD7FB0B0A8804493FD7F8CECFF7FF4
S32D000701E05493FD7F010000007095FD7F9CECFF7FD095FD7FA908B180AC97FD7FA8ECFF7F0C98FD7FA908B18069
S32D00070208E899FD7FB4ECFF7F609AFD7FB0B0A880809AFD7FB8ECFF7FF89AFD7FB0A80180049BFD7F01000000ED
S32D00070230D89BFD7FB0B0AA80F89BFD7FACECFF7F149CFD7FB0ECFF7F389CFD7FB4ECFF7F809CFD7FC0ECFF7F85
S32D00070258F09DFD7FE8ECFF7F549EFD7FF8ECFF7F709EFD7F01000000C89FFD7FFCECFF7FFC9FFD7FB0AB02807E
S32D000702805CA0FD7F010000000C01FE7FFCECFF7F3401FE7FB0AB0480C001FE7F01000000342AFE7FB0A902805A
S32D000702A8C82AFE7FB0B0A880182BFE7F01000000242BFE7FB0B0AA80582BFE7FAE71B2801C2CFE7F01000000FC
S32D000702D0182CFE7FAB3F3880782CFE7F01000000802CFE7FB0B0AA80BC2CFE7F01000000682DFE7FAA0DB28060
S32D000702F8E42DFE7FB0AF08808430FE7F010000008830FE7FAD3F02800433FE7F01000000E034FE7F0084048039
S32D00070320F434FE7F01000000F034FE7FB0AD04809437FE7FB0A80380B837FE7F6CECFF7FBC37FE7F70ECFF7FD1
S30D00070348C837FE7F0100000023
S32D000703500000000001FFFFFF170034022D0036022B00380229003A022700060230000602250006023200060230
S32D0007037823000602340006022100060204002E01040006021F00060204003001040006021D00060204003201BD
S32D000703A0040006021B0006020400340104000602190006020400360104000602170006020400380104000602E4
S32D000703C81500060204003A01040006021300060204003C01040006021100060204003E01040006020F000602B1
S32D000703F004004001040006020D00060204004201040006020B000602040044010400060209000602040046015B
S32D00070418040006020700060204004801040006020500060204004A01040006020300060204004C01040006026B
S32D000704400100060204004E0104000B020400500104000902040052010400080203005401030008020300540194
S32D000704680300080203001D011A001D010300080203001C011C001C010300080203001B011E001B010300080220
S32D0007049003001A010400180204001A01030008020300190104001A0204001901030008020300180104001C0229
S32D000704B804001801030008020300170104001E0204001701030008020300160104000602150005020400160120
S32D000704E00300080203001501040006021700050204001501030008020300150103000602190005020300150113
S32D000705080300080203001501030005021B000402030015010300080203001501030004021C00040203001501EA
S32D000705300300080203001501030004021C000402030015010300080203001501030004021C00040203001501C2
S32D000705580300080203001501030004021C000402030015010300080203001501030004021C000402030015019A
S32D000705800300080203001501030004021C000402030015010300080203001501030004021C0004020300150172
S32D000705A80300080203001501030004021C000402030015010300080203001501030004021C000402030015014A
S32D000705D00300080203001501030004021C000402030015010300080203001501030004021C0004020300150122
S32D000705F80300080203001501030004021C000402030015010300080203001501030004021C00040203001501FA
S32D000706200300080203001501030004021C000402030015010300080203001501030004021C00040203001501D1
S32D000706480300080203001501030004021C000402030015010300080203001501030004021C00040203001501A9
S32D000706700300080203001501030004021C000402030015010300080203001501030004021C0004020300150181
S32D000706980300080203001501030004021C000402030015010300080203001501030004021C0004020300150159
S32D000706C00300080203001501030004021C000402030015010300080203001501030004021C0004020300150131
S32D000706E80300080203001501030004021C000402030015010300080203001501030004021C0004020300150109
S32D000707100300080203001501030004021C000402030015010300080203001501030004021C00040203001501E0
S32D000707380300080203001501030004021C000402030015010300080203001501030004021C00040203001501B8
S32D000707600300080203001501030004021C000402030015010300080203001501030004021C0004020300150190
S32D000707880300080203001501030004021C000402030015010300080203001501030004021C0004020300150168
S32D000707B00300080203001501030004021C000402030015010300080203001501030004021C0004020300150140
S32D000707D80300080203001501030004021C000402030015010300080203001501030004021C0004020300150118
S32D000708000300080203001501030004021C000402030015010300080203001501030004021C00040203001501EF
S32D000708280300080203001501030004021C000402030015010300080203001501030004021C00040203001501C7
S32D000708500300080203001501030004021C000402030015010300080203001501030004021C000402030015019F
S32D000708780300080203001501030004021C000402030015010300080203001501030004021C0004020300150177
S32D000708A00300080203001501030004021C000402030015010300080203001501030004021C000402030015014F
S32D000708C80300080203001501030004021C000402030015010300080203001501030005021B0004020300150127
S32D000708F003000802030015010300060219000502030015010300080203001501040006021700050204001501FF
S32D000709180300080203001601040006021500050204001601030008020300170104001E020400170103000802CB
S32D000709400300180104001C0204001801030008020300190104001A02040019010300080203001A010400180276
S32D0007096804001A010300080203001B011E001B010300080203001C011C001C010300080203001D011A001D0109
S32D00070990030008020300540103000802030054010300080204005201040009020400500104000B0204004E013C
S32D000709B8040006020100060204004C01040006020300060204004A0104000602050006020400480104000602CC
S32D000709E00700060204004601040006020900060204004401040006020B00060204004201040006020D0006029B
S32D00070A0804004001040006020F00060204003E01040006021100060204003C01040006021300060204003A0142
S32D00070A300400060215000602040038010400060217000602040036010400060219000602040034010400060253
S32D00070A581B00060204003201040006021D00060204003001040006021F00060204002E0104000602210006020E
S32D00070A80340006022300060232000602250006023000060227003A02290038022B0036022D0034021700FFFF9A
S32D00070AA843000201930003019200040191000501900006012B000102630006012A000302620006012900050217
S32D00070AD0610006012800070226000501230006010C000601130006010800010205000902050001021600020199
S32D00070AF805000A01090002010500080106000B010700100109000A0106000202050007020500020207000B012D
S32D00070B200400030102000D010800030102000A0104000E010600100107000E0104000302050005020500030210
S32D00070B4805000E010300130107000F0103001001050010010600100103000402040005020400040204001001C2
S32D00070B700200140106000F01020012010400100105001201020005020300050203000502030012010100150197
S32D00070B9805000F0102001301030010010500120102000602020005020200060203001201010009010500070186
S32D00070BC005000F0101000801050007010300100104000801030007010300060202000502020006020200130174
S32D00070BE80100070108000701040007010900060108000701040006010C00060105000601040005020300050254
S32D00070C1003000502020006010E0007010900060104000601090006010A000601040006010B0006010500060121
S32D00070C38050005020300050203000502020006010E0006010B00050104000601090006010A0006010400060101
S32D00070C600B0006010400070105000502030005020300050202000E01060006010B0006010300060109000601D7
S32D00070C880B000501040006010B0006010300070106000502030005020300050203001001030006010B000601AD
S32D00070CB003000601090006010B000501040006010B000601030006010700050203000502030005020300110186
S32D00070CD8020006010B00060103000601090006010B000501040006010B00060102000601080005020300050262
S32D00070D000300050204001101010006010B00060103000601090006010B000501040006010B0006010100060134
S32D00070D28090005020300050203000502050017010A00060104000601090006010A000601040006010B000C01F5
S32D00070D500A00050203000502030005020700160109000601040006010900070109000601050006010B000B01CC
S32D00070D780400010105000502030005020300050210000E0107000701040006010A0007010700060106000701B9
S32D00070DA00A000A010400030104000602020005020200060211000F0103000801050006010A0008010400080189
S32D00070DC806000D01040009010300060104000602010005020100060204002801050006010B00120108000C0141
S32D00070DF0050012010300130204002701060006010C00110109000B0106001101040011020500120101001301D6
S32D00070E18070006010D000F010B000A0107000F0106000F020600120101001201080006010E000C010E000901C7
S32D00070E4008000C0109000D020700110102000601020008010A00060110000901110007010A0009010B000B02B3
S32D00070E6808000F01040006018F0006018F0006018F0006018F0006018F0006018F0006018F0006018F00FFFF8B
S32D00070E90000000000000005F00000007000700147F147F14242A7F2A122313086462364955225000050300002B
S32D00070EB8001C2241000041221C00082A1C2A0808083E0808005030000008080808080060600000201008040283
S32D00070EE03E5149453E00427F400042615149462141454B311814127F1027454545393C4A494930017109050314
S32D00070F083649494936064949291E003636000000563600000008142241141414141441221408000201510906D1
S32D00070F30324979413E7E1111117E7F494949363E414141227F4141221C7F494949417F090901013E4141513287
S32D00070F587F0808087F00417F41002040413F017F081422417F404040407F0204027F7F0408107F3E4141413E90
S32D00070F807F090909063E4151215E7F09192946464949493101017F01013F4040403F1F2040201F7F2018207F16
S32D00070FA863140814630304780403615149454300007F4141020408102041417F00000402010204404040404088
S32D00070FD0000102040020545454787F484444383844444420384444487F3854545418087E090102081454543C41
S32D00070FF87F0804047800447D40002040443D00007F10284400417F40007C041804787C0804047838444444388C
S32D000710207C14141408081414187C7C080404084854545420043F4440203C4040207C1C2040201C3C4030403C00
S32D0007104844281028440C5050503C4464544C44000836410000007F0000004136080008082A1C08081C2A08088E
S32D0007107001FFFFFF458304003C980600149806005898060064980600689806006C9806007498060078980600C5
S32D000710987C9806008098060084980600889806008C98060090980600949806007C980600989806009C9806008F
S32D000710C0AC980600BC980600D0980600E0980600F0980600009906001099060020990600309906004099060022
S32D000710E850990600F098060060990600F89F060024A106004CA106003D8B0400B80D002000000000A410002077
S32D000711100C110020741100200000000000000000000000000000000000000000000000000000000000000000C8
S32D000711380000000000000000000000000000000000000000000000000000000000000000000000000000000082
S32D00071160000000000000000000000000000000000000000000000000000000000000000000000000000000005A
S32D000711880000000000000000000000000000000000000000000000000000000000000000000000000000000032
S32D000711B001000000000000000E33CDAB34126DE6ECDE05000B00000000000000000000000000000000000000DD
S32D000711D800000000000000000000000000000000000000000000000000000000000000000000000000000000E2
S32D0007120000000000000000000000000000000000000000000000000000000000000000000000000000000000B9
S32D000712280000000000000000000000000000000000000000000000000000000000000000000000000000000091
S32D000712500000000000000000000000000000000000000000000000000000000000000000000000000000000069
S32D000712780000000000000000000000000000000000000000000000000000000000000000000000000000000041
S32D000712A00000000000000000000000000000000000000000000000000000000000000000000000000000000019
S32D000712C800000000000000000000000000000000000000000000000000000000000000000000000000000000F1
S32D000712F000000000000000000000000000000000000000000000000000000000000000000000000000000000C9
S32D0007131800000000000000000000000000000000000000000000000000000000000000000000000000000000A0
S32D000713400000000000000000000000000000000000000000000000000000000000000000000000000000000078
S32D000713680000000000000000000000000000000000000000000000000000000000000000000000000000000050
S32D000713900000000000000000000000000000000000000000000000000000000000000000000000000000000028
S32D000713B80000000000000000000000000000000000000000000000000000000000000000000000000000000000
S32D000713E000000000000000000000000000000000000000000000000000000000000000000000000000000000D8
S32D0007140800000000000000000000000000000000000000000000000000000000000000000000000000000000AF
S32D000714300000000000000000000000000000000000000000000000000000000000000000000000000000000087
S32D00071458000000000000000000000000000000000000000000000000000000000000000000000000000000005F
S32D000714800000000000000000000000000000000000000000000000000000000000000000000000000000000037
S32D000714A8000000000000000000000000000000000000000000000000000000000000000000000000000000000F
S32D000714D000000000000000000000000000000000000000000000000000000000000000000000000000000000E7
S32D000714F800000000000000000000000000000000000000000000000000000000000000000000000000000000BF
S32D000715200000000000000000000000000000000043000000000000000000000000000000000000000000000053
S32D00071548000000000000000043000000000000000000000000000000000000000000000000000000000000002B
S32D0007157043000000000000000000000000000000000000000000000000000000000000004300000000000000C0
S32D0007159800000000000000000000000000000000000000000000000043000000000000000000000000000000DB
S32D000715C000000000000000000000000000000000430000000000000000000000000000000000000000000000B3
S32D000715E8000000000000000043000000000000000000000000000000000000000000000000000000000000008B
S32D0007161031D40500C15605000000000060B60600CCA80600A88B0600A88B0600A88B0600A88B0600A88B0600CC
S32D00071638A88B0600A88B0600A88B0600A88B0600FFFFFFFFFFFFFFFFFFFFFFFFFFFF000001004153434949003D
S32D0007166000000000000000000000000000000000000000000000000000004153434949000000000000000000EC
S32D00071688000000000000000000000000000000000000000000000000000000004C1300204C13002054130020A8
S32D000716B0541300205C1300205C13002064130020641300206C1300206C13002074130020741300207C130020F7
S32D000716D87C13002084130020841300208C1300208C13002094130020941300209C1300209C130020A41300203F
S32D00071700A4130020AC130020AC130020B4130020B4130020BC130020BC130020C4130020C4130020CC13002086
S32D00071728CC130020D4130020D4130020DC130020DC130020E4130020E4130020EC130020EC130020F4130020CE
S32D00071750F4130020FC130020FC13002004140020041400200C1400200C14002014140020141400201C1400200F
S32D000717781C14002024140020241400202C1400202C14002034140020341400203C1400203C1400204414002054
S32D000717A0441400204C1400204C14002054140020541400205C1400205C14002064140020641400206C1400209C
S32D000717C86C14002074140020741400207C1400207C14002084140020841400208C1400208C14002094140020E4
S32D000717F0941400209C1400209C140020A4140020A4140020AC140020AC140020B4140020B4140020BC1400202C
S32D00071818BC140020C4140020C4140020CC140020CC140020D4140020D4140020DC140020DC140020E414002073
S32D00071840E4140020EC140020EC140020F4140020F4140020FC140020FC14002004150020041500200C150020B8
S32D000718680C15002014150020141500201C1500201C15002024150020241500202C1500202C15002034150020F9
S32D00071890341500203C1500203C15002044150020441500204C1500204C15002054150020541500205C15002041
S32D000718B85C15002064150020641500206C1500206C15002074150020741500207C1500207C1500208415002089
S32D000718E0841500208C1500208C15002094150020941500209C1500209C150020A4150020A4150020AC150020D1
S32D00071908AC150020B4150020B4150020BC150020BC150020C4150020C4150020CC150020CC150020D415002018
S32D00071930D4150020DC150020DC150020E4150020E4150020EC150020EC150020F4150020F4150020FC15002060
S32D00071958FC15002004160020041600200C1600200C16002014160020141600201C1600201C160020241600209F
S32D00071980241600202C1600202C16002034160020341600203C1600203C16002044160020441600204C160020E6
S32D000719A84C16002054160020541600205C1600205C16002064160020641600206C1600206C160020741600202E
S32D000719D0741600207C1600207C16002084160020841600208C1600208C16002094160020941600209C16002076
S32D000719F89C160020A4160020A4160020AC160020AC160020B4160020B4160020BC160020BC160020C4160020BE
S32D00071A20C4160020CC160020CC160020D4160020D4160020DC160020DC160020E4160020E4160020EC16002005
S32D00071A48EC160020F4160020F4160020FC160020FC16002004170020041700200C1700200C1700201417002048
S32D00071A70141700201C1700201C17002024170020241700202C1700202C17002034170020341700203C1700208B
S32D00071A983C1700204417002044170020FFFFFFFF00000200649806006498060058340020010000000000000001
S32D00071AC04A000000000000000000000000000000000000000000000000000000000000000000000000000000A7
S32D00071AE84A0000000000000000000000000000000000000000000000000000000000000000000000000000007F
S30D00071B10FF00FFFFCC340020A3
S7050000C25DDB
